CustomerID,Churn,Recency,Frequency,TotalSpent,AvgBasketSize,DistinctProducts,AvgTransactionValue,ProductDiversity,AvgDaysBetweenPurchases,LatenessScore,IsSoloShopper,R_Score,F_Score,M_Score,RFM_Score,CustomerSegment
13085,1,194,6,1916.4,11.147540983606557,33,319.40000000000003,5.5,0.9666666666666667,98.64406779661016,0,1,4,4,9,Loyal
13078,0,15,20,7794.78,11.452054794520548,70,389.739,3.5,1.055045871559633,7.299107142857142,0,4,4,4,12,Champions
15362,0,253,1,282.9,6.761904761904762,21,282.9,21.0,0.0,253.0,1,1,1,2,4,At Risk
12682,0,27,14,5638.53,10.815217391304348,134,402.7521428571428,9.571428571428571,0.7963636363636364,15.030364372469636,0,3,4,4,11,Champions
18087,0,119,8,1369.32,11.047619047619047,24,171.165,3.0,3.2195121951219514,28.202312138728324,0,2,4,4,10,Champions
13635,0,239,2,737.15,11.0,37,368.575,18.5,0.3684210526315789,174.65384615384616,0,1,2,3,6,Potential
14110,0,13,17,4152.070000000001,9.349726775956285,107,244.23941176470592,6.294117647058823,1.2912087912087913,5.6738609112709835,0,4,4,4,12,Champions
17519,0,34,8,1595.68,13.907894736842104,64,199.46,8.0,2.8933333333333335,8.732876712328766,0,3,4,4,11,Champions
13758,0,104,4,2576.88,12.723809523809523,88,644.22,22.0,1.4230769230769231,42.92063492063492,0,2,3,4,9,Loyal
16321,1,141,2,230.9,11.272727272727273,10,115.45,5.0,11.2,11.557377049180328,0,1,2,2,5,At Risk
16167,0,132,2,666.3,9.533333333333333,25,333.15,12.5,4.172413793103448,25.52,0,1,2,3,6,Potential
17865,0,21,16,7891.7,10.669398907103826,199,493.23125,12.4375,0.6246575342465753,12.925801011804383,0,4,4,4,12,Champions
17592,1,253,1,148.3,2.923076923076923,13,148.3,13.0,0.0,253.0,1,1,1,1,3,Lost
13767,0,17,17,5926.68,11.714285714285714,66,348.62823529411764,3.8823529411764706,1.4375,6.9743589743589745,0,4,4,4,12,Champions
17238,0,8,10,2036.78,2.8666666666666667,208,203.678,20.8,0.6740947075208914,4.778702163061564,0,4,4,4,12,Champions
15712,0,59,4,1391.55,7.491803278688525,40,347.8875,10.0,3.216666666666667,13.992094861660078,0,3,3,4,10,Champions
15311,0,2,78,18160.5,5.285344827586207,425,232.82692307692307,5.448717948717949,0.182916307161346,1.6907366885485047,0,4,4,4,12,Champions
16329,0,160,2,586.5,4.6,55,293.25,27.5,1.576271186440678,62.10526315789473,0,1,2,3,6,Potential
17700,0,20,6,1968.3700000000001,8.98473282442748,112,328.06166666666667,18.666666666666668,1.7769230769230768,7.202216066481995,0,4,4,4,12,Champions
14911,0,2,90,48805.35,10.318791946308725,1077,542.2816666666666,11.966666666666667,0.09106168694922366,1.8330769230769233,0,4,4,4,12,Champions
15998,0,13,8,3444.91,3.356918238993711,392,430.61375,49.0,0.3732283464566929,9.466743119266056,0,4,4,4,12,Champions
12533,1,142,2,1100.89,10.523076923076923,57,550.445,28.5,1.71875,52.229885057471265,0,1,2,4,7,Potential
17984,0,10,2,395.38,2.875,92,197.69,46.0,2.3592233009708736,2.9768786127167632,0,4,2,2,8,Loyal
14871,1,8,5,631.74,2.74468085106383,69,126.348,13.8,2.6129032258064515,2.2142857142857144,0,4,4,3,11,Champions
13394,0,40,8,2586.9,10.487804878048781,118,323.3625,14.75,1.2822085889570551,17.526881720430108,0,3,4,4,11,Champions
16011,0,41,8,984.12,5.262135922330097,70,123.015,8.75,2.0392156862745097,13.490322580645161,0,3,4,4,11,Champions
16393,0,15,6,1265.01,2.732142857142857,195,210.835,32.5,0.8458781362007168,8.12621359223301,0,4,4,4,12,Champions
14040,0,5,16,5079.2,5.599415204678363,192,317.45,12.0,0.7096774193548387,2.9245283018867925,0,4,4,4,12,Champions
12913,0,133,3,666.33,13.235294117647058,15,222.11,5.0,7.4375,15.762962962962963,0,1,3,3,7,Potential
15061,0,5,18,2708.11,18.054054054054053,17,150.45055555555555,0.9444444444444444,6.694444444444445,0.6498194945848376,0,4,4,4,12,Champions
14341,0,44,6,1468.97,9.206521739130435,73,244.82833333333335,12.166666666666666,2.2637362637362637,13.481481481481481,0,3,4,4,11,Champions
17804,0,47,2,214.89000000000001,2.396551724137931,54,107.44500000000001,27.0,3.6140350877192984,10.186311787072244,0,3,2,2,7,Potential
14156,0,3,39,19722.21,9.410159924741299,603,505.6976923076923,15.461538461538462,0.2184557438794727,2.462132921174652,0,4,4,4,12,Champions
13599,0,75,5,1594.65,12.619718309859154,56,318.93,11.2,2.5142857142857142,21.34146341463415,0,2,4,4,10,Champions
17063,0,1,4,1361.09,8.7,75,340.2725,18.75,2.808988764044944,0.26253687315634217,0,4,3,4,11,Champions
15719,0,29,12,2991.28,3.118,199,249.27333333333334,16.583333333333332,0.43887775551102204,20.154596100278553,0,3,4,4,11,Champions
12490,0,27,7,2290.41,10.98473282442748,84,327.20142857142855,12.0,1.7230769230769232,9.915254237288135,0,3,4,4,11,Champions
15793,0,114,3,154.5,7.5,4,51.5,1.3333333333333333,46.0,2.425531914893617,0,2,3,1,6,Potential
17056,1,253,1,112.7,3.4285714285714284,7,112.7,7.0,0.0,253.0,1,1,1,1,3,Lost
13526,1,253,2,348.98,12.071428571428571,17,174.49,8.5,0.0,253.0,0,1,2,2,5,At Risk
14654,1,253,1,216.62,7.08,25,216.62,25.0,0.0,253.0,1,1,1,2,4,At Risk
17998,0,252,2,165.75,2.948717948717949,39,82.875,19.5,0.0,252.0,0,1,2,1,4,At Risk
17742,0,37,6,462.14,11.541666666666666,19,77.02333333333333,3.1666666666666665,9.26086956521739,3.605932203389831,0,3,4,3,10,Champions
15326,1,124,4,1268.46,9.655913978494624,72,317.115,18.0,1.391304347826087,51.85454545454545,0,2,3,4,9,Loyal
14478,0,1,3,586.75,12.766666666666667,30,195.58333333333334,10.0,8.655172413793103,0.10357142857142858,0,4,3,3,10,Champions
15967,0,23,6,1005.17,2.5754189944134076,139,167.52833333333334,23.166666666666668,1.2752808988764044,10.108641975308643,0,4,4,4,12,Champions
17611,0,26,10,3034.42,4.507425742574258,323,303.442,32.3,0.5508684863523573,16.764799999999997,0,4,4,4,12,Champions
15051,0,15,4,1199.19,9.360824742268042,80,299.7975,20.0,2.4583333333333335,4.337349397590361,0,4,3,4,11,Champions
13097,0,0,14,4190.2,5.1454545454545455,233,299.3,16.642857142857142,0.5649202733485194,0.0,0,4,4,4,12,Champions
13590,0,14,5,1463.5,6.926174496644295,140,292.7,28.0,1.6013513513513513,5.381818181818182,0,4,4,4,12,Champions
15984,0,22,11,2093.86,5.314285714285714,175,190.3509090909091,15.909090909090908,0.930327868852459,11.397027600849256,0,4,4,4,12,Champions
16887,0,253,1,201.92000000000002,5.46875,32,201.92000000000002,32.0,0.0,253.0,1,1,1,2,4,At Risk
12921,0,22,19,7789.5,14.07027027027027,110,409.9736842105263,5.7894736842105265,0.6070460704607046,13.689713322091063,0,4,4,4,12,Champions
14543,0,23,14,2140.75,10.865384615384615,34,152.91071428571428,2.4285714285714284,4.411764705882353,4.25,0,4,4,4,12,Champions
15945,0,208,2,270.81,7.75,19,135.405,9.5,2.3684210526315788,61.75,0,1,2,2,5,At Risk
15662,1,176,2,256.78000000000003,14.2,10,128.39000000000001,5.0,8.555555555555555,18.41860465116279,0,1,2,2,5,At Risk
15380,1,64,4,302.66,13.75,5,75.665,1.25,26.714285714285715,2.3092783505154637,0,3,3,2,8,Loyal
13110,0,71,4,724.7,3.072463768115942,53,181.175,13.25,2.676470588235294,19.312,0,2,3,3,8,Loyal
12836,0,13,8,1600.63,5.680672268907563,95,200.07875,11.875,2.0084745762711864,4.321126760563381,0,4,4,4,12,Champions
15005,0,0,20,4436.78,3.268004722550177,324,221.839,16.2,0.2872340425531915,0.0,0,4,4,4,12,Champions
16620,0,77,3,1173.96,10.953846153846154,55,391.32,18.333333333333332,2.734375,20.619246861924687,0,2,3,4,9,Loyal
12758,0,63,4,3379.54,13.940298507462687,106,844.885,26.5,1.4210526315789473,26.02173913043478,0,3,3,4,10,Champions
17961,0,13,44,1125.31,2.0869565217391304,258,25.575227272727272,5.863636363636363,0.7483221476510067,7.435700575815739,0,4,4,4,12,Champions
15601,0,17,13,5477.89,11.471875,115,421.3761538461539,8.846153846153847,0.7272727272727273,9.842105263157894,0,4,4,4,12,Champions
13442,1,182,3,271.07,2.46875,27,90.35666666666667,9.0,2.2580645161290325,55.86138613861386,0,1,3,2,6,Potential
13381,0,79,3,1328.1,13.545454545454545,59,442.7,19.666666666666668,2.646153846153846,21.666666666666668,0,2,3,4,9,Loyal
16763,1,253,1,283.85,9.166666666666666,18,283.85,18.0,0.0,253.0,1,1,1,2,4,At Risk
17243,0,7,30,5996.45,6.136246786632391,173,199.88166666666666,5.766666666666667,0.5979381443298969,4.380645161290322,0,4,4,4,12,Champions
17345,0,49,5,435.21999999999997,5.721311475409836,49,87.044,9.8,3.3833333333333333,11.178707224334602,0,3,4,3,10,Champions
13819,1,184,3,1201.5,11.964912280701755,32,400.5,10.666666666666666,1.2142857142857142,83.09677419354838,0,1,3,4,8,Loyal
15808,0,5,14,8046.81,8.34712643678161,224,574.7721428571429,16.0,0.5529953917050692,3.2195845697329375,0,4,4,4,12,Champions
17191,0,1,6,1316.13,3.111111111111111,96,219.35500000000002,16.0,1.464705882352941,0.40572792362768495,0,4,4,4,12,Champions
13748,0,253,1,173.1,12.857142857142858,7,173.1,7.0,0.0,253.0,1,1,1,1,3,Lost
15265,1,119,2,1720.07,9.086538461538462,102,860.035,51.0,1.2912621359223302,51.936440677966104,0,2,2,4,8,Loyal
15750,0,7,5,1475.08,7.407407407407407,112,295.01599999999996,22.4,1.8134328358208955,2.4880636604774535,0,4,4,4,12,Champions
17428,0,40,8,4328.76,13.042944785276074,134,541.095,16.75,1.2962962962962963,17.419354838709676,0,3,4,4,11,Champions
15485,0,196,3,870.4000000000001,14.130434782608695,22,290.1333333333334,7.333333333333333,2.5454545454545454,55.282051282051285,0,1,3,3,7,Potential
17246,1,61,2,28.97,7.0,5,14.485,2.5,47.75,1.2512820512820513,0,3,2,1,6,Potential
14061,1,239,2,340.1,5.166666666666667,11,170.05,5.5,1.1818181818181819,109.54166666666667,0,1,2,2,5,At Risk
14108,1,246,2,339.65000000000003,12.1875,16,169.82500000000002,8.0,0.4,175.71428571428572,0,1,2,2,5,At Risk
13648,0,110,3,899.46,8.5,53,299.82,17.666666666666668,2.5636363636363635,30.867346938775512,0,2,3,3,8,Loyal
16563,0,45,3,648.44,16.72222222222222,13,216.14666666666668,4.333333333333333,12.176470588235293,3.4151785714285716,0,3,3,3,9,Loyal
16701,0,30,9,1588.03,11.938461538461539,55,176.4477777777778,6.111111111111111,3.421875,6.784452296819788,0,3,4,4,11,Champions
12842,0,252,1,91.20000000000002,24.0,2,91.20000000000002,2.0,0.0,252.0,1,1,1,1,3,Lost
14302,0,177,2,439.45000000000005,8.55,19,219.72500000000002,9.5,3.9473684210526314,35.77659574468085,0,1,2,3,6,Potential
14831,1,195,3,1237.6200000000001,10.253521126760564,60,412.54,20.0,0.8142857142857143,107.48031496062993,0,1,3,4,8,Loyal
15602,0,26,4,580.4,11.542857142857143,24,145.1,6.0,6.588235294117647,3.426356589147287,0,4,3,3,10,Champions
13777,0,20,13,1629.56,16.162790697674417,22,125.35076923076923,1.6923076923076923,5.428571428571429,3.111111111111111,0,4,4,4,12,Champions
14000,0,16,3,858.86,17.2,15,286.2866666666667,5.0,16.785714285714285,0.8995983935742973,0,4,3,3,10,Champions
16823,0,142,2,422.73,5.5777777777777775,43,211.365,21.5,2.5,40.57142857142857,0,1,2,3,6,Potential
16163,0,61,3,732.9300000000001,8.416666666666666,35,244.31000000000003,11.666666666666666,5.428571428571429,9.488888888888889,0,3,3,3,9,Loyal
15759,1,26,3,115.65,6.2,4,38.550000000000004,1.3333333333333333,56.25,0.45414847161572053,0,4,3,1,8,Loyal
16131,0,111,2,2538.81,15.186666666666667,68,1269.405,34.0,1.8918918918918919,38.38317757009346,0,2,2,4,8,Loyal
14560,0,80,10,747.8299999999999,16.214285714285715,23,74.78299999999999,2.3,4.146341463414634,15.545023696682463,0,2,4,3,9,Loyal
17087,1,252,1,221.53,9.416666666666666,12,221.53,12.0,0.0,252.0,1,1,1,2,4,At Risk
14894,0,252,1,299.70000000000005,18.0,3,299.70000000000005,3.0,0.0,252.0,1,1,1,2,4,At Risk
16202,0,69,6,882.48,8.94,44,147.08,7.333333333333333,3.7142857142857144,14.636363636363637,0,2,4,3,9,Loyal
16700,0,35,7,2245.78,10.422535211267606,95,320.8257142857143,13.571428571428571,1.5177304964539007,13.901408450704226,0,3,4,4,11,Champions
17511,0,8,15,6833.39,17.3546511627907,88,455.55933333333337,5.866666666666666,1.3801169590643274,3.361179361179361,0,4,4,4,12,Champions
14299,0,3,12,2078.29,14.26595744680851,61,173.19083333333333,5.083333333333333,2.6451612903225805,0.8230088495575222,0,4,4,4,12,Champions
14799,1,252,1,151.65,6.777777777777778,9,151.65,9.0,0.0,252.0,1,1,1,1,3,Lost
16550,0,28,10,4181.23,7.3462686567164175,146,418.12299999999993,14.6,0.6586826347305389,16.880866425992778,0,3,4,4,11,Champions
14425,0,237,2,394.45,5.791666666666667,22,197.225,11.0,0.6521739130434783,143.44736842105263,0,1,2,2,5,At Risk
15353,0,14,3,986.73,3.8813559322033897,158,328.91,52.666666666666664,1.3522727272727273,5.951690821256038,0,4,3,4,11,Champions
17818,1,252,1,124.78,2.0476190476190474,42,124.78,42.0,0.0,252.0,1,1,1,1,3,Lost
13654,0,161,2,258.68,12.0,11,129.34,5.5,9.1,15.94059405940594,0,1,2,2,5,At Risk
17189,1,75,3,549.72,5.5423728813559325,58,183.24,19.333333333333332,3.0344827586206895,18.58974358974359,0,2,3,3,8,Loyal
13269,0,20,9,1367.7,11.294117647058824,60,151.96666666666667,6.666666666666667,2.7261904761904763,5.367412140575079,0,4,4,4,12,Champions
14653,1,28,4,1103.95,5.915384615384616,116,275.9875,29.0,1.7286821705426356,10.261363636363637,0,3,3,4,10,Champions
17019,0,44,3,845.09,3.1055900621118013,142,281.69666666666666,47.333333333333336,1.3,19.1304347826087,0,3,3,3,9,Loyal
15542,1,27,3,709.16,1.8837209302325582,202,236.38666666666666,67.33333333333333,1.0514018691588785,13.161731207289295,0,3,3,3,9,Loyal
13564,0,10,25,8058.2,6.674681753889675,358,322.328,14.32,0.330028328611898,7.518636847710329,0,4,4,4,12,Champions
15833,1,252,1,80.4,4.8,5,80.4,5.0,0.0,252.0,1,1,1,1,3,Lost
14527,0,2,48,9803.07,3.117248062015504,250,204.230625,5.208333333333333,0.21726479146459748,1.643027888446215,0,4,4,4,12,Champions
17476,0,252,1,171.31,10.454545454545455,11,171.31,11.0,0.0,252.0,1,1,1,1,3,Lost
15287,0,252,1,58.2,13.75,4,58.2,4.0,0.0,252.0,1,1,1,1,3,Lost
14440,0,113,4,1089.65,14.84,22,272.4125,5.5,5.708333333333333,16.84472049689441,0,2,3,4,9,Loyal
15680,0,96,5,1544.34,11.233009708737864,81,308.868,16.2,1.5098039215686274,38.25,0,2,4,4,10,Champions
15581,0,35,17,2739.89,4.324390243902439,349,161.17,20.529411764705884,0.5158924205378973,23.088709677419352,0,3,4,4,11,Champions
13740,0,20,3,662.1800000000001,7.476190476190476,39,220.7266666666667,13.0,5.634146341463414,3.014705882352941,0,4,3,3,10,Champions
17768,0,195,2,373.43,8.756756756756756,33,186.715,16.5,1.5833333333333333,75.48387096774195,0,1,2,2,5,At Risk
12948,1,245,2,117.0,11.333333333333334,5,58.5,2.5,1.2,111.36363636363636,0,1,2,1,4,At Risk
14667,0,9,19,5585.41,7.567088607594937,218,293.968947368421,11.473684210526315,0.5888324873096447,5.664536741214057,0,4,4,4,12,Champions
17377,0,5,41,6993.6900000000005,3.461283185840708,325,170.5778048780488,7.926829268292683,0.25249169435215946,3.992042440318303,0,4,4,4,12,Champions
14467,0,35,5,790.13,3.5350877192982457,75,158.026,15.0,1.9026548672566372,12.057926829268292,0,3,4,3,10,Champions
13457,1,203,2,148.22,10.666666666666666,9,74.11,4.5,6.0,29.0,0,1,2,1,4,At Risk
18108,1,111,2,460.51,6.269230769230769,26,230.255,13.0,5.6,16.81818181818182,0,2,2,3,7,Potential
16210,0,12,10,1648.44,8.235294117647058,43,164.844,4.3,4.7,2.1052631578947367,0,4,4,4,12,Champions
14669,1,148,4,1779.81,5.6,189,444.9525,47.25,0.5,98.66666666666667,0,1,3,4,8,Loyal
17909,1,252,1,77.4,6.4,5,77.4,5.0,0.0,252.0,1,1,1,1,3,Lost
16086,0,64,3,755.28,10.693877551020408,39,251.76,13.0,3.8958333333333335,13.072340425531912,0,3,3,3,9,Loyal
16711,0,140,2,260.61,15.75,4,130.305,2.0,37.0,3.6842105263157894,0,1,2,2,5,At Risk
14739,0,14,12,1802.04,11.71111111111111,69,150.17,5.75,2.606741573033708,3.881619937694704,0,4,4,4,12,Champions
16233,0,7,4,542.1800000000001,11.10344827586207,27,135.54500000000002,6.75,8.714285714285714,0.7205882352941178,0,4,3,3,10,Champions
14204,0,51,2,551.46,2.128787878787879,124,275.73,62.0,1.534351145038168,20.123493975903614,0,3,2,3,8,Loyal
17606,1,252,1,87.30000000000001,7.0,6,87.30000000000001,6.0,0.0,252.0,1,1,1,1,3,Lost
16797,0,54,3,897.08,2.3526570048309177,173,299.0266666666667,57.666666666666664,0.9563106796116505,27.602977667493796,0,3,3,3,9,Loyal
16126,0,36,7,2448.44,7.5479452054794525,91,349.77714285714285,13.0,1.4689655172413794,14.581005586592179,0,3,4,4,11,Champions
17867,0,37,4,157.95,1.6,43,39.4875,10.75,4.840909090909091,6.334630350194552,0,3,3,1,7,Potential
17412,0,7,7,1919.43,10.111940298507463,109,274.20428571428573,15.571428571428571,1.8120300751879699,2.489304812834225,0,4,4,4,12,Champions
16525,0,3,17,2262.88,11.464788732394366,44,133.11058823529413,2.588235294117647,3.414285714285714,0.6796116504854368,0,4,4,4,12,Champions
13623,0,65,3,952.19,3.111111111111111,110,317.3966666666667,36.666666666666664,1.3805970149253732,27.304075235109718,0,3,3,4,10,Champions
14549,0,108,2,445.71,2.448717948717949,68,222.855,34.0,1.8571428571428572,37.8,0,2,2,3,7,Potential
14980,1,252,1,123.13,2.238095238095238,21,123.13,21.0,0.0,252.0,1,1,1,1,3,Lost
14396,0,10,5,1236.09,4.185185185185185,125,247.218,25.0,1.4906832298136645,4.014962593516209,0,4,4,4,12,Champions
16987,0,121,3,512.75,2.1547619047619047,72,170.91666666666666,24.0,1.5662650602409638,47.15023474178404,0,2,3,3,8,Loyal
17809,0,9,5,748.0,15.6,9,149.6,1.8,26.666666666666668,0.3253012048192771,0,4,4,3,11,Champions
15917,1,121,4,348.27,1.5905511811023623,112,87.0675,28.0,1.0317460317460319,59.5546875,0,2,3,2,7,Potential
14080,0,143,3,248.45,3.59375,30,82.81666666666666,10.0,3.4516129032258065,32.1231884057971,0,1,3,2,6,Potential
16200,0,66,8,3011.11,5.111111111111111,182,376.38875,22.75,0.6032786885245902,41.16564417177914,0,2,4,4,10,Champions
15794,1,252,1,394.35,13.3,10,394.35,10.0,0.0,252.0,1,1,1,2,4,At Risk
15615,0,7,18,5851.41,12.771704180064308,148,325.0783333333333,8.222222222222221,0.7645161290322581,3.9670932358318094,0,4,4,4,12,Champions
18001,0,61,2,218.7,3.466666666666667,28,109.35,14.0,6.551724137931035,8.077625570776256,0,3,2,2,7,Potential
17841,0,2,61,13536.38,2.4657187993680885,1115,221.907868852459,18.278688524590162,0.0695322376738306,1.8699763593380616,0,4,4,4,12,Champions
13089,0,0,52,20058.82,13.395076201641267,321,385.7465384615385,6.173076923076923,0.2734741784037559,0.0,0,4,4,4,12,Champions
15989,0,252,1,111.77,1.5294117647058822,33,111.77,33.0,0.0,252.0,1,1,1,1,3,Lost
17660,1,252,1,145.02,2.0714285714285716,40,145.02,40.0,0.0,252.0,1,1,1,1,3,Lost
13313,0,65,6,1489.52,10.626506024096386,67,248.25333333333333,11.166666666666666,2.2560975609756095,19.962546816479403,0,3,4,4,11,Champions
12437,0,7,9,4148.51,13.773148148148149,166,460.9455555555556,18.444444444444443,1.1162790697674418,3.3076923076923075,0,4,4,4,12,Champions
14841,0,8,6,2118.64,11.63265306122449,84,353.1066666666666,14.0,2.484536082474227,2.2958579881656807,0,4,4,4,12,Champions
15482,0,115,4,683.75,12.466666666666667,14,170.9375,3.5,9.642857142857142,10.805369127516778,0,2,3,3,8,Loyal
16156,0,12,6,1617.85,12.14102564102564,59,269.64166666666665,9.833333333333334,3.090909090909091,2.9333333333333336,0,4,4,4,12,Champions
17716,0,0,7,4524.81,12.321100917431192,155,646.4014285714286,22.142857142857142,1.1474654377880185,0.0,0,4,4,4,12,Champions
12779,0,48,3,1087.94,11.43859649122807,47,362.6466666666667,15.666666666666666,3.625,10.378378378378379,0,3,3,4,10,Champions
13611,0,49,4,997.6600000000001,8.347826086956522,62,249.41500000000002,15.5,2.9558823529411766,12.386617100371748,0,3,3,4,10,Champions
15255,0,59,2,294.54,8.95,20,147.27,10.0,10.105263157894736,5.312796208530806,0,3,2,2,7,Potential
14771,1,136,2,594.62,13.23404255319149,46,297.31,23.0,2.5,38.857142857142854,0,1,2,3,6,Potential
14838,0,251,1,119.10000000000001,4.5,4,119.10000000000001,4.0,0.0,251.0,1,1,1,1,3,Lost
13979,0,91,4,1091.96,4.413173652694611,163,272.99,40.75,0.9578313253012049,46.480000000000004,0,2,3,4,9,Loyal
13800,0,251,1,277.91,9.3125,16,277.91,16.0,0.0,251.0,1,1,1,2,4,At Risk
14483,1,251,1,120.0,24.0,4,120.0,4.0,0.0,251.0,1,1,1,1,3,Lost
14915,0,44,4,533.01,7.833333333333333,28,133.2525,7.0,7.103448275862069,5.429787234042553,0,3,3,3,9,Loyal
13753,1,113,3,1140.91,16.85,35,380.30333333333334,11.666666666666666,3.5384615384615383,24.898305084745765,0,2,3,4,9,Loyal
16301,1,251,1,107.33,6.833333333333333,6,107.33,6.0,0.0,251.0,1,1,1,1,3,Lost
13931,0,138,4,1909.01,10.15,90,477.2525,22.5,1.1313131313131313,64.74881516587678,0,1,3,4,8,Loyal
17035,1,106,2,95.16,20.0,3,47.58,1.5,72.5,1.4421768707482994,0,2,2,1,5,At Risk
15194,0,118,6,1748.93,14.092105263157896,63,291.48833333333334,10.5,1.7333333333333334,43.170731707317074,0,2,4,4,10,Champions
14347,1,251,1,66.7,9.2,5,66.7,5.0,0.0,251.0,1,1,1,1,3,Lost
15291,0,24,17,3478.81,11.544117647058824,39,204.63588235294117,2.2941176470588234,3.283582089552239,5.602787456445993,0,4,4,4,12,Champions
17209,1,164,2,252.95000000000002,3.4857142857142858,34,126.47500000000001,17.0,2.5588235294117645,46.082644628099175,0,1,2,2,5,At Risk
15658,0,14,2,584.52,5.485714285714286,32,292.26,16.0,6.970588235294118,1.7564575645756457,0,4,2,3,9,Loyal
17314,0,2,8,1404.65,10.488095238095237,64,175.58125,8.0,2.9759036144578315,0.503030303030303,0,4,4,4,12,Champions
17155,1,42,5,462.65,8.571428571428571,28,92.53,5.6,4.3125,7.905882352941177,0,3,4,3,10,Champions
17322,0,251,1,108.25,3.1481481481481484,27,108.25,27.0,0.0,251.0,1,1,1,1,3,Lost
16159,0,162,2,589.96,10.37037037037037,22,294.98,11.0,3.423076923076923,36.62608695652174,0,1,2,3,6,Potential
14051,0,41,7,3071.65,17.536585365853657,25,438.8071428571429,3.5714285714285716,5.175,6.639676113360324,0,3,4,4,11,Champions
13993,0,51,5,1431.83,9.451612903225806,46,286.366,9.2,3.262295081967213,11.965384615384615,0,3,4,4,11,Champions
17411,0,251,1,344.40000000000003,7.894736842105263,19,344.40000000000003,19.0,0.0,251.0,1,1,1,2,4,At Risk
15768,0,14,30,7176.77,3.5934684684684686,375,239.22566666666668,12.5,0.25140924464487036,11.187387387387387,0,4,4,4,12,Champions
12835,0,21,35,4741.43,3.6525252525252525,127,135.46942857142858,3.6285714285714286,0.4331983805668016,14.652542372881356,0,4,4,4,12,Champions
15179,0,41,6,2761.23,13.635658914728682,98,460.205,16.333333333333332,1.625,15.619047619047619,0,3,4,4,11,Champions
17069,0,97,2,1211.03,12.050632911392405,73,605.515,36.5,1.9743589743589745,32.61206896551724,0,2,2,4,8,Loyal
16918,0,19,9,1455.2,4.06949806949807,180,161.6888888888889,20.0,0.8875968992248062,10.06570841889117,0,4,4,4,12,Champions
15466,0,121,2,843.91,3.6384615384615384,123,421.955,61.5,1.0077519379844961,60.26640926640927,0,2,2,3,7,Potential
14159,0,30,7,2001.33,3.0697674418604652,237,285.9042857142857,33.857142857142854,0.5081585081585082,19.891808346213292,0,3,4,4,11,Champions
17581,0,6,16,4305.65,10.108433734939759,162,269.103125,10.125,0.9717741935483871,3.042944785276074,0,4,4,4,12,Champions
16168,0,6,22,2094.89,10.559139784946236,57,95.22227272727272,2.590909090909091,2.5760869565217392,1.6778115501519757,0,4,4,4,12,Champions
14606,0,0,65,9413.93,2.0433734939759036,857,144.8296923076923,13.184615384615384,0.08959421454399358,0.0,0,4,4,4,12,Champions
17287,0,37,10,1200.47,4.168478260869565,129,120.047,12.9,1.1475409836065573,17.229007633587788,0,3,4,4,11,Champions
17913,0,41,8,1848.5,4.02,143,231.0625,17.875,0.8313253012048193,22.38815789473684,0,3,4,4,11,Champions
13416,1,251,1,228.3,9.428571428571429,7,228.3,7.0,0.0,251.0,1,1,1,2,4,At Risk
16779,0,13,24,11415.6,12.399563318777293,180,475.65000000000003,7.5,0.49671772428884026,8.685672514619883,0,4,4,4,12,Champions
13895,1,30,2,965.0,11.25925925925926,53,482.5,26.5,4.150943396226415,5.824175824175824,0,3,2,4,9,Loyal
14057,0,55,3,1009.25,6.92,84,336.4166666666667,28.0,1.9696969696969697,18.520408163265305,0,3,3,4,10,Champions
17017,0,56,2,281.29999999999995,20.4,10,140.64999999999998,5.0,21.555555555555557,2.482758620689655,0,3,2,2,7,Potential
13208,0,48,2,257.74,3.8958333333333335,45,128.87,22.5,4.319148936170213,9.024000000000001,0,3,2,2,7,Potential
17465,0,15,6,2061.57,10.529411764705882,88,343.595,14.666666666666666,1.9830508474576272,5.028409090909091,0,4,4,4,12,Champions
13468,0,7,20,3884.54,7.944700460829493,135,194.227,6.75,1.0925925925925926,3.3451327433628317,0,4,4,4,12,Champions
13485,0,33,5,1213.97,9.272727272727273,73,242.794,14.6,2.8421052631578947,8.58904109589041,0,3,4,4,11,Champions
17271,1,251,1,165.95,2.477272727272727,42,165.95,42.0,0.0,251.0,1,1,1,1,3,Lost
16139,1,237,2,425.73,9.208333333333334,21,212.865,10.5,0.5652173913043478,151.41666666666669,0,1,2,3,6,Potential
15953,0,44,4,262.16,5.454545454545454,21,65.54,5.25,9.761904761904763,4.088495575221239,0,3,3,2,8,Loyal
15856,0,5,14,5664.12,15.25,58,404.58,4.142857142857143,1.3407821229050279,2.136038186157518,0,4,4,4,12,Champions
14967,0,174,2,233.81000000000003,9.6,10,116.90500000000002,5.0,8.444444444444445,18.423529411764704,0,1,2,2,5,At Risk
16497,0,26,13,2178.21,9.031496062992126,98,167.55461538461537,7.538461538461538,1.753968253968254,9.440922190201729,0,4,4,4,12,Champions
17764,0,55,2,421.96000000000004,3.35,56,210.98000000000002,28.0,3.3220338983050848,12.72549019607843,0,3,2,3,8,Loyal
14905,0,22,4,621.5,9.294117647058824,25,155.375,6.25,6.909090909090909,2.781609195402299,0,4,3,3,10,Champions
18229,0,15,3,436.79999999999995,19.2,3,145.6,1.0,58.5,0.25210084033613445,0,4,3,3,10,Champions
17293,0,16,6,748.45,6.950819672131147,53,124.74166666666667,8.833333333333334,3.8833333333333333,3.276450511945393,0,4,4,3,11,Champions
17853,0,251,1,359.95,5.791666666666667,23,359.95,23.0,0.0,251.0,1,1,1,2,4,At Risk
15550,0,16,5,782.3100000000001,5.21978021978022,73,156.46200000000002,14.6,2.577777777777778,4.472049689440993,0,4,4,3,11,Champions
13531,0,13,4,807.22,6.695652173913044,32,201.805,8.0,5.266666666666667,2.074468085106383,0,4,3,3,10,Champions
13786,0,104,4,1458.04,9.853333333333333,66,364.51,16.5,1.972972972972973,34.981818181818184,0,2,3,4,9,Loyal
14952,0,41,13,3658.87,13.287234042553191,87,281.45153846153846,6.6923076923076925,2.21505376344086,12.752508361204015,0,3,4,4,11,Champions
14031,0,12,17,8278.130000000001,8.860544217687075,153,486.9488235294118,9.0,0.7952218430034129,6.684410646387833,0,4,4,4,12,Champions
12937,0,65,3,680.04,9.10344827586207,51,226.67999999999998,17.0,3.245614035087719,15.309917355371901,0,3,3,3,9,Loyal
16612,0,14,3,994.32,10.627450980392156,41,331.44,13.666666666666666,4.7,2.456140350877193,0,4,3,4,11,Champions
12949,0,16,9,5512.84,12.3125,146,612.5377777777778,16.22222222222222,0.9137254901960784,8.360655737704919,0,4,4,4,12,Champions
14958,1,110,3,272.51,4.809523809523809,18,90.83666666666666,6.0,7.0,13.75,0,2,3,2,7,Potential
17329,1,246,3,465.34000000000003,3.4285714285714284,62,155.11333333333334,20.666666666666668,0.07246376811594203,229.37837837837836,0,1,3,3,7,Potential
16736,1,20,4,2188.1800000000003,7.1570247933884295,100,547.0450000000001,25.0,1.9083333333333334,6.876790830945559,0,4,3,4,11,Champions
13001,0,16,13,7169.57,8.383928571428571,218,551.5053846153846,16.76923076923077,0.5100671140939598,10.595555555555555,0,4,4,4,12,Champions
14644,0,9,2,384.95,16.238095238095237,18,192.475,9.0,12.05,0.689655172413793,0,4,2,2,8,Loyal
14898,0,14,6,1084.8799999999999,5.495934959349594,96,180.8133333333333,16.0,1.9180327868852458,4.797752808988764,0,4,4,4,12,Champions
14662,0,147,2,184.25,2.3714285714285714,31,92.125,15.5,3.0294117647058822,36.48175182481752,0,1,2,1,4,At Risk
17414,0,251,1,28.0,20.0,3,28.0,3.0,0.0,251.0,1,1,1,1,3,Lost
14755,0,27,10,2316.9700000000003,10.0,91,231.69700000000003,9.1,1.7886178861788617,9.682215743440233,0,3,4,4,11,Champions
17576,0,6,13,2244.48,5.675889328063241,149,172.6523076923077,11.461538461538462,0.9523809523809523,3.073170731707317,0,4,4,4,12,Champions
13037,0,55,6,1896.65,9.333333333333334,103,316.10833333333335,17.166666666666668,1.6218487394957983,20.977564102564102,0,3,4,4,11,Champions
14710,0,37,7,955.77,2.4910714285714284,148,136.53857142857143,21.142857142857142,0.9461883408071748,19.011520737327192,0,3,4,4,11,Champions
18168,0,47,7,1234.34,5.736434108527132,104,176.3342857142857,14.857142857142858,1.5625,18.341463414634145,0,3,4,4,11,Champions
17679,1,36,5,1385.16,17.217391304347824,39,277.03200000000004,7.8,4.733333333333333,6.27906976744186,0,3,4,4,11,Champions
17851,0,41,5,1172.71,4.047872340425532,147,234.542,29.4,1.1122994652406417,19.41012658227848,0,3,4,4,11,Champions
14750,1,251,1,85.17999999999999,2.1379310344827585,29,85.17999999999999,29.0,0.0,251.0,1,1,1,1,3,Lost
16791,0,64,4,859.23,2.6447368421052633,122,214.8075,30.5,1.2251655629139073,28.761904761904763,0,3,3,3,9,Loyal
16558,0,16,7,1887.87,7.86896551724138,103,269.69571428571425,14.714285714285714,1.6111111111111112,6.127659574468085,0,4,4,4,12,Champions
15884,0,251,1,88.8,6.545454545454546,11,88.8,11.0,0.0,251.0,1,1,1,1,3,Lost
17343,0,17,4,674.45,6.822222222222222,37,168.6125,9.25,5.295454545454546,2.7003610108303246,0,4,3,3,10,Champions
17372,0,45,13,1457.72,2.863849765258216,153,112.13230769230769,11.76923076923077,0.9433962264150944,23.155339805825243,0,3,4,4,11,Champions
16003,0,140,3,557.4200000000001,8.428571428571429,26,185.8066666666667,8.666666666666666,4.074074074074074,27.59124087591241,0,1,3,3,7,Potential
17432,0,90,3,383.55,3.1186440677966103,53,127.85000000000001,17.666666666666668,2.7413793103448274,24.05529953917051,0,2,3,2,7,Potential
14713,0,13,7,1362.1,4.787735849056604,93,194.58571428571426,13.285714285714286,1.113744075829384,6.150224215246636,0,4,4,4,12,Champions
16722,0,7,7,2166.54,15.826086956521738,70,309.5057142857143,10.0,2.1228070175438596,2.241573033707865,0,4,4,4,12,Champions
12577,0,251,1,193.55,6.416666666666667,12,193.55,12.0,0.0,251.0,1,1,1,2,4,At Risk
12872,0,21,7,1703.71,4.356481481481482,131,243.38714285714286,18.714285714285715,1.0511627906976744,10.238095238095239,0,4,4,4,12,Champions
15755,0,42,7,2119.21,9.992366412213741,110,302.7442857142857,15.714285714285714,1.5769230769230769,16.29850746268657,0,3,4,4,11,Champions
14258,0,14,12,4968.42,17.71014492753623,39,414.035,3.25,3.3970588235294117,3.183946488294315,0,4,4,4,12,Champions
14286,0,154,3,1991.6,16.582608695652173,89,663.8666666666667,29.666666666666668,0.8421052631578947,83.60000000000001,0,1,3,4,8,Loyal
13154,0,22,2,924.73,9.790322580645162,57,462.365,28.5,3.737704918032787,4.6435986159169556,0,4,2,3,9,Loyal
14564,0,250,1,793.88,11.382352941176471,34,793.88,34.0,0.0,250.0,1,1,1,3,5,At Risk
13408,0,3,27,4773.512000000001,15.34108527131783,71,176.79674074074077,2.6296296296296298,1.8359375,1.0578512396694215,0,4,4,4,12,Champions
16645,1,250,1,160.39,8.357142857142858,14,160.39,14.0,0.0,250.0,1,1,1,1,3,Lost
12714,0,42,5,4440.55,11.345833333333333,204,888.11,40.8,0.8619246861924686,22.557303370786514,0,3,4,4,11,Champions
16335,1,66,7,2065.32,2.88,166,295.0457142857143,23.714285714285715,0.5617283950617284,42.26086956521739,0,2,4,4,10,Champions
13093,0,6,24,10872.12,14.471153846153847,81,453.00500000000005,3.375,0.563855421686747,3.8366718027734974,0,4,4,4,12,Champions
12759,0,35,3,1838.27,11.150442477876107,96,612.7566666666667,32.0,1.9107142857142858,12.024539877300613,0,3,3,4,10,Champions
13666,0,250,1,6.75,1.0,1,6.75,1.0,999.0,0.25,1,1,1,1,3,Lost
17160,0,12,7,3720.55,12.894957983193278,122,531.5071428571429,17.428571428571427,0.9915611814345991,6.025423728813559,0,4,4,4,12,Champions
13946,0,149,2,412.45000000000005,6.481481481481482,26,206.22500000000002,13.0,3.8461538461538463,30.746031746031743,0,1,2,3,6,Potential
14723,0,57,3,411.84,3.465909090909091,82,137.28,27.333333333333332,2.206896551724138,17.774193548387096,0,3,3,3,9,Loyal
14961,0,14,7,4944.72,11.12992125984252,155,706.3885714285715,22.142857142857142,0.9209486166007905,7.288065843621399,0,4,4,4,12,Champions
14735,0,15,15,2573.37,9.811881188118813,76,171.558,5.066666666666666,2.29,4.5592705167173255,0,4,4,4,12,Champions
18061,0,21,12,815.26,12.642857142857142,18,67.93833333333333,1.5,8.296296296296296,2.258964143426295,0,4,4,3,11,Champions
15078,0,23,11,4324.9800000000005,10.586206896551724,48,393.18000000000006,4.363636363636363,1.099009900990099,10.95754716981132,0,4,4,4,12,Champions
16883,0,7,15,1134.98,3.695187165775401,110,75.66533333333334,7.333333333333333,1.2688172043010753,3.085308056872038,0,4,4,4,12,Champions
13175,1,97,2,618.15,10.435897435897436,34,309.075,17.0,4.026315789473684,19.298429319371728,0,2,2,3,7,Potential
17076,0,153,2,191.75,8.916666666666666,11,95.875,5.5,8.818181818181818,15.583333333333334,0,1,2,2,5,At Risk
13948,0,163,2,222.51000000000002,11.416666666666666,12,111.25500000000001,6.0,7.909090909090909,18.295918367346935,0,1,2,2,5,At Risk
18223,0,27,8,4003.36,9.175257731958762,92,500.42,11.5,1.1347150259067358,12.648058252427184,0,3,4,4,11,Champions
16192,1,250,1,190.8,14.5,8,190.8,8.0,0.0,250.0,1,1,1,2,4,At Risk
15999,1,250,1,20.4,24.0,1,20.4,1.0,999.0,0.25,1,1,1,1,3,Lost
15109,1,94,2,373.35,6.647058823529412,16,186.675,8.0,9.75,8.744186046511627,0,2,2,2,6,Potential
14680,0,14,31,11653.61,7.951153324287652,159,375.92290322580646,5.129032258064516,0.29483695652173914,10.812172088142706,0,4,4,4,12,Champions
18092,0,90,5,1443.42,22.0,7,288.684,1.4,11.214285714285714,7.36842105263158,0,2,4,4,10,Champions
16891,0,91,5,731.27,1.5699481865284974,165,146.254,33.0,0.8177083333333334,50.06303724928367,0,2,4,3,9,Loyal
13481,0,22,5,1430.03,8.30952380952381,66,286.006,13.2,2.7228915662650603,5.909385113268608,0,4,4,4,12,Champions
13807,0,89,2,180.45000000000002,6.9,10,90.22500000000001,5.0,17.88888888888889,4.711764705882353,0,2,2,1,5,At Risk
14979,1,250,1,375.21,3.6956521739130435,40,375.21,40.0,0.0,250.0,1,1,1,2,4,At Risk
16656,0,24,8,895.1,14.705882352941176,7,111.8875,0.875,13.875,1.6134453781512605,0,4,4,3,11,Champions
16746,0,16,16,3297.56,10.360406091370558,103,206.0975,6.4375,1.163265306122449,7.396226415094339,0,4,4,4,12,Champions
17157,0,15,15,2283.12,10.968421052631578,54,152.208,3.6,2.425531914893617,4.37888198757764,0,4,4,4,12,Champions
15309,1,125,3,685.41,9.085106382978724,44,228.47,14.666666666666666,2.6956521739130435,33.8235294117647,0,2,3,3,8,Loyal
16325,0,49,5,1163.8500000000001,10.527272727272727,48,232.77000000000004,9.6,3.685185185185185,10.458498023715416,0,3,4,4,11,Champions
16541,1,250,1,352.33,4.088235294117647,34,352.33,34.0,0.0,250.0,1,1,1,2,4,At Risk
16723,0,250,1,369.88,2.685185185185185,46,369.88,46.0,0.0,250.0,1,1,1,2,4,At Risk
16699,0,19,5,514.69,7.680851063829787,40,102.93800000000002,8.0,5.0,3.1666666666666665,0,4,4,3,11,Champions
16710,0,52,8,1826.72,4.408360128617363,236,228.34,29.5,0.6290322580645161,31.920792079207924,0,3,4,4,11,Champions
12510,0,139,4,1173.7,11.423076923076923,45,293.425,11.25,2.1372549019607843,44.30625,0,1,3,4,8,Loyal
13162,0,59,9,4548.32,16.138613861386137,75,505.3688888888889,8.333333333333334,1.88,20.48611111111111,0,3,4,4,11,Champions
15382,0,96,3,3362.89,12.954198473282442,98,1120.9633333333334,32.666666666666664,1.176923076923077,44.098939929328616,0,2,3,4,9,Loyal
13680,0,13,7,3350.7000000000003,4.035608308605341,202,478.67142857142863,28.857142857142858,0.6964285714285714,7.663157894736842,0,4,4,4,12,Champions
12970,0,250,1,237.99,2.15,70,237.99,70.0,0.0,250.0,1,1,1,2,4,At Risk
17935,0,250,1,106.25,7.857142857142857,7,106.25,7.0,0.0,250.0,1,1,1,1,3,Lost
17593,0,51,5,2821.6800000000003,9.6,115,564.336,23.0,1.3680555555555556,21.536656891495603,0,3,4,4,11,Champions
17151,1,250,1,231.90000000000003,10.5,4,231.90000000000003,4.0,0.0,250.0,1,1,1,2,4,At Risk
16451,1,76,2,736.23,8.06,49,368.115,24.5,3.5510204081632653,16.699551569506728,0,2,2,3,7,Potential
17127,0,48,2,377.98,8.263157894736842,19,188.99,9.5,11.166666666666666,3.945205479452055,0,3,2,2,7,Potential
13694,0,37,27,5160.42,20.274725274725274,83,191.12666666666667,3.074074074074074,2.2111111111111112,11.522491349480969,0,3,4,4,11,Champions
14087,0,250,1,218.54,3.193548387096774,62,218.54,62.0,0.0,250.0,1,1,1,2,4,At Risk
13733,0,250,1,129.20000000000002,6.666666666666667,9,129.20000000000002,9.0,0.0,250.0,1,1,1,1,3,Lost
18181,0,76,3,448.62,2.075,74,149.54,24.666666666666668,2.189873417721519,23.825396825396826,0,2,3,3,8,Loyal
13174,0,82,6,3278.67,3.7815533980582523,316,546.445,52.666666666666664,0.40389294403892945,58.40901213171578,0,2,4,4,10,Champions
13329,0,12,3,776.4,15.13953488372093,29,258.8,9.666666666666666,5.642857142857143,1.8064516129032258,0,4,3,3,10,Champions
17421,0,250,1,130.8,24.0,4,130.8,4.0,0.0,250.0,1,1,1,1,3,Lost
16351,0,16,10,2506.33,10.333333333333334,109,250.63299999999998,10.9,1.5684931506849316,6.229333333333334,0,4,4,4,12,Champions
15684,1,62,3,116.25,8.875,6,38.75,2.0,26.714285714285715,2.2371134020618557,0,3,3,1,7,Potential
17884,0,43,11,1328.37,5.050761421319797,157,120.76090909090908,14.272727272727273,1.0357142857142858,21.12280701754386,0,3,4,4,11,Champions
15514,0,110,5,1313.03,8.935483870967742,56,262.606,11.2,1.4891304347826086,44.19213973799127,0,2,4,4,10,Champions
13679,1,8,3,273.31,2.061224489795918,43,91.10333333333334,14.333333333333334,5.020833333333333,1.3287197231833912,0,4,3,2,9,Loyal
18225,0,33,6,2390.24,9.873873873873874,88,398.3733333333333,14.666666666666666,1.9454545454545455,11.203703703703704,0,3,4,4,11,Champions
12748,0,7,58,5812.37,3.6569948186528496,679,100.21327586206897,11.706896551724139,0.22510373443983403,5.713801862828111,0,4,4,4,12,Champions
13487,1,20,2,263.52,6.857142857142857,10,131.76,5.0,17.615384615384617,1.0743801652892562,0,4,2,2,8,Loyal
17018,0,92,3,962.6,14.666666666666666,12,320.8666666666667,4.0,11.142857142857142,7.576470588235295,0,2,3,4,9,Loyal
18071,0,236,2,407.55,9.32,20,203.775,10.0,0.5416666666666666,153.0810810810811,0,1,2,3,6,Potential
14238,1,177,2,94.0,10.666666666666666,3,47.0,1.5,36.0,4.783783783783784,0,1,2,1,4,At Risk
15223,1,124,3,585.7,12.76923076923077,11,195.23333333333335,3.6666666666666665,10.333333333333334,10.941176470588236,0,2,3,3,8,Loyal
13021,0,41,4,1052.2,9.333333333333334,46,263.05,11.5,3.3225806451612905,9.485074626865673,0,3,3,4,10,Champions
17115,1,63,4,1362.73,6.174603174603175,60,340.6825,15.0,2.9838709677419355,15.813765182186234,0,3,3,4,10,Champions
17850,0,23,81,33486.05,8.419814241486067,74,413.40802469135804,0.9135802469135802,0.1332094175960347,20.29633679606342,0,4,4,4,12,Champions
14239,0,36,8,1171.8700000000001,7.196969696969697,36,146.48375000000001,4.5,3.230769230769231,8.50909090909091,0,3,4,4,11,Champions
13999,0,13,12,2931.0,9.95625,99,244.25,8.25,1.4528301886792452,5.3,0,4,4,4,12,Champions
13958,0,26,7,2355.36,8.717391304347826,122,336.48,17.428571428571427,1.6131386861313868,9.949720670391063,0,4,4,4,12,Champions
13641,1,155,4,595.27,10.766666666666667,29,148.8175,7.25,3.1724137931034484,37.14876033057851,0,1,3,3,7,Potential
15420,0,73,5,568.18,12.256410256410257,35,113.636,7.0,4.578947368421052,13.084905660377359,0,2,4,3,9,Loyal
12359,0,50,5,1236.48,6.173913043478261,67,247.296,13.4,2.8970588235294117,12.830188679245284,0,3,4,4,11,Champions
12820,0,19,5,1036.24,12.338709677419354,59,207.248,11.8,3.721311475409836,4.024305555555555,0,4,4,4,12,Champions
16410,1,249,1,25.200000000000003,12.0,1,25.200000000000003,1.0,999.0,0.249,1,1,1,1,3,Lost
15240,0,47,3,1305.82,9.384615384615385,62,435.2733333333333,20.666666666666668,2.5974025974025974,13.064981949458485,0,3,3,4,10,Champions
16158,1,37,8,407.0,5.6521739130434785,20,50.875,2.5,9.545454545454545,3.5086206896551726,0,3,4,3,10,Champions
15484,1,55,2,889.53,12.454545454545455,44,444.765,22.0,4.511627906976744,9.978902953586498,0,3,2,3,8,Loyal
14709,0,3,8,2017.45,9.04040404040404,46,252.18125,5.75,2.4591836734693877,0.8672566371681416,0,4,4,4,12,Champions
15057,0,140,2,780.84,12.461538461538462,24,390.42,12.0,4.32,26.31578947368421,0,1,2,3,6,Potential
14867,0,45,10,869.38,9.48936170212766,34,86.938,3.4,4.369565217391305,8.380566801619432,0,3,4,3,10,Champions
17642,0,135,2,570.74,12.0,28,285.37,14.0,3.323529411764706,31.224489795918362,0,1,2,3,6,Potential
13813,1,42,4,977.13,10.0,41,244.2825,10.25,3.5789473684210527,9.172413793103447,0,3,3,4,10,Champions
13589,1,42,3,343.79,7.5625,16,114.59666666666668,5.333333333333333,13.733333333333333,2.8506787330316743,0,3,3,2,8,Loyal
12417,0,21,7,1189.74,8.802469135802468,76,169.96285714285713,10.857142857142858,2.8,5.526315789473684,0,4,4,4,12,Champions
17920,0,13,31,8153.9800000000005,6.140988372093023,317,263.03161290322583,10.225806451612904,0.3260553129548763,9.80351262349067,0,4,4,4,12,Champions
12975,0,22,3,912.04,6.195652173913044,42,304.0133333333333,14.0,5.0,3.6666666666666665,0,4,3,3,10,Champions
16104,0,122,6,1614.59,3.9124087591240877,115,269.0983333333333,19.166666666666668,0.9117647058823529,63.81538461538462,0,2,4,4,10,Champions
17150,0,80,4,657.3000000000001,4.326530612244898,38,164.32500000000002,9.5,3.4583333333333335,17.94392523364486,0,2,3,3,8,Loyal
16277,1,248,1,62.940000000000005,1.5714285714285714,14,62.940000000000005,14.0,0.0,248.0,1,1,1,1,3,Lost
17244,0,248,1,87.95,2.9285714285714284,14,87.95,14.0,0.0,248.0,1,1,1,1,3,Lost
15260,0,6,14,3448.2200000000003,9.245989304812834,102,246.3014285714286,7.285714285714286,1.2741935483870968,2.6382978723404253,0,4,4,4,12,Champions
12583,0,35,7,2773.29,14.896907216494846,55,396.1842857142857,7.857142857142857,2.1875,10.980392156862745,0,3,4,4,11,Champions
15555,0,14,11,3369.23,4.9361702127659575,259,306.2936363636364,23.545454545454547,0.6133333333333333,8.677685950413224,0,4,4,4,12,Champions
13736,0,59,2,1097.56,3.056603773584906,172,548.78,86.0,0.8909952606635071,31.200501253132835,0,3,2,4,9,Loyal
14133,1,248,1,100.2,12.0,3,100.2,3.0,0.0,248.0,1,1,1,1,3,Lost
15571,0,73,4,474.54,3.386138613861386,92,118.635,23.0,1.74,26.642335766423354,0,2,3,3,8,Loyal
13448,0,83,4,2096.12,6.867816091954023,148,524.03,37.0,0.9421965317919075,42.73511904761905,0,2,3,4,9,Loyal
17085,0,3,12,2063.28,3.706081081081081,172,171.94000000000003,14.333333333333334,0.8101694915254237,1.657303370786517,0,4,4,4,12,Champions
15059,0,65,6,1090.69,2.943820224719101,119,181.78166666666667,19.833333333333332,1.0225988700564972,32.13687150837988,0,3,4,4,11,Champions
14468,1,248,1,86.65,5.571428571428571,7,86.65,7.0,0.0,248.0,1,1,1,1,3,Lost
16395,0,6,3,500.22,4.8604651162790695,80,166.74,26.666666666666668,2.847058823529412,1.5596330275229358,0,4,3,3,10,Champions
16485,0,108,3,1104.47,6.149253731343284,61,368.1566666666667,20.333333333333332,2.121212121212121,34.601941747572816,0,2,3,4,9,Loyal
15878,1,76,2,310.46,4.204081632653061,45,155.23,22.5,3.5625,16.65753424657534,0,2,2,2,6,Potential
15860,0,73,5,528.82,2.1538461538461537,84,105.76400000000001,16.8,1.9222222222222223,24.980988593155892,0,2,4,3,9,Loyal
13373,0,136,2,1655.95,10.378947368421052,88,827.975,44.0,1.1914893617021276,62.05825242718447,0,1,2,4,7,Potential
14608,0,30,3,355.9,10.0,5,118.63333333333333,1.6666666666666667,36.166666666666664,0.8071748878923767,0,3,3,2,8,Loyal
14896,0,28,6,1251.98,3.1365853658536587,128,208.66333333333333,21.333333333333332,1.0637254901960784,13.56769596199525,0,3,4,4,11,Champions
16964,1,248,2,207.85,8.166666666666666,6,103.925,3.0,0.0,248.0,0,1,2,2,5,At Risk
15983,0,241,3,780.52,5.2073170731707314,58,260.17333333333335,19.333333333333332,0.07407407407407407,224.37931034482762,0,1,3,3,7,Potential
13782,0,3,6,453.47,2.0,83,75.57833333333333,13.833333333333334,2.659340659340659,0.8198198198198199,0,4,4,3,11,Champions
14454,0,73,3,479.6,3.5846153846153848,56,159.86666666666667,18.666666666666668,2.71875,19.630252100840337,0,2,3,3,8,Loyal
14717,1,248,1,71.35,3.1,10,71.35,10.0,0.0,248.0,1,1,1,1,3,Lost
16718,0,104,4,1836.55,9.957627118644067,72,459.1375,18.0,1.2136752136752136,46.98069498069498,0,2,3,4,9,Loyal
15751,0,10,9,902.62,3.5842696629213484,61,100.2911111111111,6.777777777777778,2.6818181818181817,2.7160493827160495,0,4,4,3,11,Champions
14546,0,24,4,1630.83,3.547528517110266,195,407.7075,48.75,0.8473282442748091,12.991735537190083,0,4,3,4,11,Champions
17848,0,9,12,443.96,4.69811320754717,38,36.99666666666666,3.1666666666666665,4.461538461538462,1.647887323943662,0,4,4,3,11,Champions
17561,0,45,2,296.9,1.6153846153846154,85,148.45,42.5,2.2444444444444445,13.86986301369863,0,3,2,2,7,Potential
15547,0,10,8,2516.4900000000002,4.333333333333333,240,314.56125000000003,30.0,0.6657223796033994,6.003401360544217,0,4,4,4,12,Champions
17406,0,38,6,1210.36,6.63265306122449,66,201.72666666666666,11.0,2.1237113402061856,12.165016501650165,0,3,4,4,11,Champions
14479,0,248,1,335.23,6.0,28,335.23,28.0,0.0,248.0,1,1,1,2,4,At Risk
17969,1,17,18,1397.73,4.204081632653061,83,77.65166666666667,4.611111111111111,1.5205479452054795,6.744565217391304,0,4,4,4,12,Champions
14548,1,85,6,730.39,3.4565217391304346,63,121.73166666666667,10.5,1.7802197802197801,30.57312252964427,0,2,4,3,9,Loyal
17916,1,143,2,22.99,1.0588235294117647,14,11.495,7.0,6.5,19.066666666666666,0,1,2,1,4,At Risk
13319,0,7,19,5570.93,9.233333333333333,143,293.20684210526315,7.526315789473684,0.8698884758364313,3.7435387673956266,0,4,4,4,12,Champions
16773,0,248,1,115.05,2.0454545454545454,21,115.05,21.0,0.0,248.0,1,1,1,1,3,Lost
15479,1,248,1,147.4,4.222222222222222,9,147.4,9.0,0.0,248.0,1,1,1,1,3,Lost
15822,1,8,4,699.29,13.26923076923077,22,174.8225,5.5,9.56,0.7575757575757576,0,4,3,3,10,Champions
13890,0,96,3,697.84,9.857142857142858,34,232.61333333333334,11.333333333333334,3.682926829268293,20.499999999999996,0,2,3,3,8,Loyal
13211,0,26,5,672.29,4.596774193548387,72,134.458,14.4,1.7886178861788617,9.323615160349854,0,4,4,3,11,Champions
15641,0,54,5,1359.42,12.46987951807229,76,271.884,15.2,2.341463414634146,16.16058394160584,0,3,4,4,11,Champions
14123,1,248,1,423.43,10.130434782608695,23,423.43,23.0,0.0,248.0,1,1,1,3,5,At Risk
13019,0,80,4,755.35,6.142857142857143,31,188.8375,7.75,4.882352941176471,13.6,0,2,3,3,8,Loyal
17858,0,3,9,2503.8900000000003,8.793103448275861,57,278.21000000000004,6.333333333333333,2.802325581395349,0.7889908256880733,0,4,4,4,12,Champions
14940,0,248,1,182.01,10.5,10,182.01,10.0,0.0,248.0,1,1,1,1,3,Lost
16686,0,42,5,1111.54,2.7814814814814817,182,222.308,36.4,0.758364312267658,23.88583509513742,0,3,4,4,11,Champions
15691,0,104,2,257.5,10.222222222222221,9,128.75,4.5,17.875,5.509933774834437,0,2,2,2,6,Potential
16436,1,183,3,310.64,5.794871794871795,36,103.54666666666667,12.0,1.6842105263157894,68.17647058823529,0,1,3,2,6,Potential
17610,1,55,5,1325.14,5.856115107913669,101,265.028,20.2,1.391304347826087,23.0,0,3,4,4,11,Champions
17530,0,97,2,338.17,2.6707317073170733,73,169.085,36.5,1.8641975308641976,33.866379310344826,0,2,2,2,6,Potential
13491,0,15,13,2536.34,8.788321167883211,91,195.10307692307694,7.0,1.6691176470588236,5.619834710743802,0,4,4,4,12,Champions
14003,1,247,1,166.43,7.461538461538462,13,166.43,13.0,0.0,247.0,1,1,1,1,3,Lost
12839,0,33,7,2086.82,11.23134328358209,78,298.1171428571429,11.142857142857142,1.586466165413534,12.758720930232556,0,3,4,4,11,Champions
14738,1,75,2,328.05,5.8,17,164.025,8.5,9.0,7.5,0,2,2,2,6,Potential
16124,0,98,2,842.54,10.952380952380953,31,421.27,15.5,3.6341463414634148,21.14736842105263,0,2,2,3,7,Potential
12471,0,6,27,7548.97,10.947658402203857,96,279.5914814814815,3.5555555555555554,0.649171270718232,3.6381909547738696,0,4,4,4,12,Champions
17739,0,28,7,2622.92,10.952380952380953,38,374.70285714285717,5.428571428571429,3.5161290322580645,6.200000000000001,0,3,4,4,11,Champions
16556,0,17,7,2659.14,9.545454545454545,119,379.8771428571428,17.0,1.2971428571428572,7.400497512437811,0,4,4,4,12,Champions
14695,1,34,3,1104.79,6.742857142857143,65,368.2633333333333,21.666666666666668,3.0869565217391304,8.319148936170212,0,3,3,4,10,Champions
14828,0,38,4,499.24,18.285714285714285,7,124.81,1.75,34.666666666666664,1.0654205607476637,0,3,3,3,9,Loyal
15115,1,247,1,191.74,6.285714285714286,14,191.74,14.0,0.0,247.0,1,1,1,2,4,At Risk
13693,0,108,6,946.78,8.763636363636364,48,157.79666666666665,8.0,2.5185185185185186,30.69473684210526,0,2,4,4,10,Champions
14955,1,247,1,153.82,2.433333333333333,29,153.82,29.0,0.0,247.0,1,1,1,1,3,Lost
14037,0,159,3,423.58,4.648148148148148,53,141.19333333333333,17.666666666666668,1.6226415094339623,60.62589928057554,0,1,3,3,7,Potential
18077,0,145,5,890.13,9.208333333333334,41,178.026,8.2,1.408450704225352,60.204678362573105,0,1,4,3,8,Loyal
13905,1,247,1,252.90000000000003,14.222222222222221,9,252.90000000000003,9.0,0.0,247.0,1,1,1,2,4,At Risk
17508,0,42,5,1944.76,10.116666666666667,107,388.952,21.4,1.7058823529411764,15.521739130434781,0,3,4,4,11,Champions
16768,0,59,4,451.33,3.9242424242424243,47,112.8325,11.75,2.8615384615384616,15.278884462151394,0,3,4,3,10,Champions
13984,0,8,5,508.33,6.775510204081633,37,101.666,7.4,4.9375,1.3473684210526315,0,4,4,3,11,Champions
13495,0,141,3,887.35,15.1,22,295.78333333333336,7.333333333333333,3.6206896551724137,30.51492537313433,0,1,3,3,7,Potential
13190,1,59,3,237.0,11.0,11,79.0,3.6666666666666665,17.0,3.2777777777777777,0,3,3,2,8,Loyal
14408,1,247,1,232.20000000000002,15.428571428571429,7,232.20000000000002,7.0,0.0,247.0,1,1,1,2,4,At Risk
15358,0,13,9,3691.98,12.444015444015443,145,410.22,16.11111111111111,0.8914728682170543,6.872950819672131,0,4,4,4,12,Champions
17707,0,36,4,129.0,9.0,6,32.25,1.5,30.0,1.1612903225806452,0,3,4,1,8,Loyal
17044,0,85,4,1501.51,13.864864864864865,33,375.3775,8.25,4.444444444444445,15.612244897959183,0,2,4,4,10,Champions
14471,1,106,2,390.3,4.65,37,195.15,18.5,3.6153846153846154,22.96666666666667,0,2,2,2,6,Potential
17436,0,108,2,168.3,11.0,3,84.15,1.5,27.6,3.7762237762237763,0,2,2,1,5,At Risk
13234,1,187,2,290.35,2.732142857142857,51,145.175,25.5,1.0727272727272728,90.21929824561403,0,1,2,2,5,At Risk
14574,1,247,1,118.2,6.0,10,118.2,10.0,0.0,247.0,1,1,1,1,3,Lost
15716,0,10,6,1087.36,3.8758620689655174,103,181.22666666666666,17.166666666666668,1.625,3.8095238095238093,0,4,4,4,12,Champions
14540,0,41,5,1170.8400000000001,4.282442748091603,102,234.16800000000003,20.4,1.5692307692307692,15.958083832335332,0,3,4,4,11,Champions
14307,0,23,4,1078.27,9.136986301369863,67,269.5675,16.75,3.0833333333333335,5.632653061224489,0,4,4,4,12,Champions
18219,0,8,5,593.88,9.547619047619047,29,118.776,5.8,5.804878048780488,1.1756272401433692,0,4,4,3,11,Champions
12747,0,9,11,2181.85,7.629213483146067,50,198.35,4.545454545454546,2.659090909090909,2.4596273291925463,0,4,4,4,12,Champions
18162,1,247,1,348.83,4.977777777777778,44,348.83,44.0,0.0,247.0,1,1,1,2,4,At Risk
17441,1,247,1,280.75,9.736842105263158,19,280.75,19.0,0.0,247.0,1,1,1,2,4,At Risk
17988,1,2,7,241.87,1.725,76,34.55285714285714,10.857142857142858,3.0632911392405062,0.4922118380062305,0,4,4,2,10,Champions
12600,0,0,7,1161.22,10.942857142857143,24,165.88857142857142,3.4285714285714284,7.176470588235294,0.0,0,4,4,4,12,Champions
12523,0,17,8,1417.59,10.541176470588235,68,177.19875,8.5,2.6785714285714284,4.6213592233009715,0,4,4,4,12,Champions
13206,0,79,11,6169.24,9.343347639484978,330,560.84,30.0,0.35053763440860214,58.495222929936304,0,2,4,4,10,Champions
14512,0,29,4,623.6800000000001,7.7,29,155.92000000000002,7.25,5.564102564102564,4.41796875,0,3,4,3,10,Champions
16353,0,97,8,888.25,15.121212121212121,24,111.03125,3.0,4.5625,17.43820224719101,0,2,4,3,9,Loyal
16018,0,247,1,84.78,4.5,18,84.78,18.0,0.0,247.0,1,1,1,1,3,Lost
14670,1,247,1,174.02,1.7592592592592593,54,174.02,54.0,0.0,247.0,1,1,1,1,3,Lost
14590,0,14,17,2109.25,4.219178082191781,89,124.07352941176471,5.235294117647059,1.5448275862068965,5.5013550135501355,0,4,4,4,12,Champions
13070,0,104,2,308.4,9.5,9,154.2,4.5,9.466666666666667,9.936305732484076,0,2,2,2,6,Potential
17457,0,2,6,1144.79,17.61111111111111,10,190.79833333333332,1.6666666666666667,14.176470588235293,0.13178294573643412,0,4,4,4,12,Champions
15421,0,78,4,1587.82,5.6,109,396.955,27.25,1.1597222222222223,36.11575562700965,0,2,4,4,10,Champions
17990,0,56,2,535.6800000000001,18.0,11,267.84000000000003,5.5,17.272727272727273,3.0646766169154227,0,3,2,3,8,Loyal
13148,0,17,9,2595.81,6.254752851711027,190,288.42333333333335,21.11111111111111,0.8664122137404581,9.108384458077708,0,4,4,4,12,Champions
17364,0,19,12,4064.34,7.502994011976048,223,338.695,18.583333333333332,0.6696696696696697,11.379496402877697,0,4,4,4,12,Champions
13042,1,113,3,1350.59,4.295454545454546,156,450.19666666666666,52.0,0.76,64.20454545454545,0,2,3,4,9,Loyal
12443,1,247,1,232.86,11.066666666666666,15,232.86,15.0,0.0,247.0,1,1,1,2,4,At Risk
15694,0,12,5,818.0,13.176470588235293,13,163.6,2.6,14.5,0.7741935483870968,0,4,4,3,11,Champions
16717,0,84,3,1093.38,8.5,54,364.46000000000004,18.0,2.7457627118644066,22.42533936651584,0,2,3,4,9,Loyal
17231,0,34,10,2268.55,3.203931203931204,237,226.85500000000002,23.7,0.5147783251231527,22.445528455284556,0,3,4,4,11,Champions
16702,0,80,3,481.64,6.571428571428571,52,160.54666666666665,17.333333333333332,3.0,20.0,0,2,3,3,8,Loyal
13267,0,28,9,2395.83,10.049504950495049,63,266.2033333333333,7.0,2.15,8.88888888888889,0,3,4,4,11,Champions
12540,0,56,9,2970.75,13.829629629629629,98,330.0833333333333,10.88888888888889,1.3805970149253732,23.523510971786834,0,3,4,4,11,Champions
17270,0,247,1,123.57,7.1,10,123.57,10.0,0.0,247.0,1,1,1,1,3,Lost
13393,1,98,4,932.75,8.982456140350877,43,233.1875,10.75,2.625,27.03448275862069,0,2,4,3,9,Loyal
14113,0,76,4,1105.82,17.428571428571427,27,276.455,6.75,4.970588235294118,12.729064039408867,0,2,4,4,10,Champions
12358,0,65,2,382.13,7.090909090909091,21,191.065,10.5,8.619047619047619,6.757425742574258,0,3,2,2,7,Potential
18259,0,195,2,556.5,9.285714285714286,13,278.25,6.5,3.923076923076923,39.609375,0,1,2,3,6,Potential
17047,0,125,2,643.58,7.739130434782608,44,321.79,22.0,2.688888888888889,33.8855421686747,0,2,2,3,7,Potential
14136,0,69,4,1041.43,9.191176470588236,58,260.3575,14.5,2.626865671641791,19.02469135802469,0,2,4,4,10,Champions
16735,0,76,6,1958.26,13.772727272727273,72,326.37666666666667,12.0,1.9310344827586208,25.92941176470588,0,2,4,4,10,Champions
14215,0,202,2,872.51,9.981132075471699,52,436.255,26.0,0.8269230769230769,110.56842105263158,0,1,2,3,6,Potential
13382,0,133,3,613.15,10.447368421052632,32,204.38333333333333,10.666666666666666,3.027027027027027,33.02684563758389,0,1,3,3,7,Potential
13025,1,246,1,203.15,9.7,10,203.15,10.0,0.0,246.0,1,1,1,2,4,At Risk
14558,1,169,2,90.0,6.0,4,45.0,2.0,25.666666666666668,6.3374999999999995,0,1,2,1,4,At Risk
18002,0,40,3,116.42,1.3333333333333333,39,38.806666666666665,13.0,5.394736842105263,6.255144032921811,0,3,3,1,7,Potential
17854,0,29,3,194.08,5.391304347826087,22,64.69333333333334,7.333333333333333,9.863636363636363,2.6694560669456067,0,3,3,2,8,Loyal
15079,0,16,5,1448.3600000000001,9.693333333333333,65,289.672,13.0,3.0945945945945947,3.9075907590759074,0,4,4,4,12,Champions
18271,1,124,2,473.8,9.0,16,236.9,8.0,7.117647058823529,15.27536231884058,0,2,2,3,7,Potential
14290,0,156,2,1111.41,9.583333333333334,32,555.705,16.0,2.5428571428571427,44.03225806451613,0,1,2,4,7,Potential
17268,1,6,3,211.2,11.0,12,70.39999999999999,4.0,21.727272727272727,0.264,0,4,3,2,9,Loyal
17067,1,239,3,261.09999999999997,13.0,7,87.03333333333332,2.3333333333333335,0.6666666666666666,143.4,0,1,3,2,6,Potential
16560,0,97,5,1422.29,8.45054945054945,69,284.45799999999997,13.8,1.6444444444444444,36.680672268907564,0,2,4,4,10,Champions
14861,0,2,6,765.73,8.679245283018869,42,127.62166666666667,7.0,4.653846153846154,0.35374149659863946,0,4,4,3,11,Champions
17371,1,138,3,219.97,2.2857142857142856,53,73.32333333333334,17.666666666666668,1.9636363636363636,46.56441717791411,0,1,3,2,6,Potential
18145,0,0,5,1721.12,10.671532846715328,107,344.224,21.4,1.7941176470588236,0.0,0,4,4,4,12,Champions
16400,0,17,6,1398.77,4.912280701754386,133,233.12833333333333,22.166666666666668,1.3352941176470587,7.279596977329976,0,4,4,4,12,Champions
15093,0,13,8,3139.32,15.846153846153847,66,392.415,8.25,1.9913793103448276,4.345821325648415,0,4,4,4,12,Champions
13643,0,0,4,472.72,8.8,16,118.18,4.0,12.842105263157896,0.0,0,4,4,3,11,Champions
17852,0,239,2,370.41,4.565217391304348,33,185.205,16.5,0.13333333333333333,210.88235294117646,0,1,2,2,5,At Risk
15456,0,7,6,1084.8600000000001,5.984615384615385,89,180.81000000000003,14.833333333333334,1.8294573643410852,2.4739726027397264,0,4,4,4,12,Champions
13571,0,7,9,1393.33,3.9627906976744187,116,154.81444444444443,12.88888888888889,1.102803738317757,3.3288888888888892,0,4,4,4,12,Champions
16732,0,126,2,1172.48,9.084507042253522,68,586.24,34.0,1.7,46.666666666666664,0,2,2,4,8,Loyal
16940,0,57,4,2167.92,6.5394736842105265,165,541.98,41.25,0.8193832599118943,31.329297820823243,0,3,4,4,11,Champions
15162,1,246,1,215.4,6.4,10,215.4,10.0,0.0,246.0,1,1,1,2,4,At Risk
18203,0,65,2,101.13,1.8421052631578947,14,50.565,7.0,10.0,5.909090909090909,0,3,2,1,6,Potential
17978,0,212,2,231.9,3.210526315789474,36,115.95,18.0,0.918918918918919,110.47887323943662,0,1,2,2,5,At Risk
15031,0,54,7,1633.54,4.515789473684211,115,233.36285714285714,16.428571428571427,1.0052910052910053,26.9287598944591,0,3,4,4,11,Champions
14085,0,19,9,2443.06,4.331306990881459,216,271.4511111111111,24.0,0.6798780487804879,11.310344827586206,0,4,4,4,12,Champions
17230,1,98,9,3519.76,11.12396694214876,86,391.08444444444444,9.555555555555555,1.2083333333333333,44.377358490566046,0,2,4,4,10,Champions
12785,1,50,2,461.65,8.1,25,230.825,12.5,6.724137931034483,6.473214285714286,0,3,2,3,8,Loyal
13081,0,23,8,13644.5,12.217054263565892,386,1705.5625,48.25,0.2833117723156533,17.922379032258064,0,4,4,4,12,Champions
14605,0,112,3,331.56,3.7704918032786887,53,110.52,17.666666666666668,2.2333333333333334,34.63917525773196,0,2,3,2,7,Potential
14285,1,28,4,821.81,10.653846153846153,25,205.4525,6.25,8.64,2.904564315352697,0,3,4,3,10,Champions
16892,1,69,2,165.25,2.6470588235294117,32,82.625,16.0,5.363636363636363,10.842857142857143,0,2,2,1,5,At Risk
13204,1,246,1,761.96,8.869565217391305,46,761.96,46.0,0.0,246.0,1,1,1,3,5,At Risk
15924,1,246,1,77.75,2.3076923076923075,12,77.75,12.0,0.0,246.0,1,1,1,1,3,Lost
15823,1,244,2,3125.08,11.358778625954198,131,1562.54,65.5,0.015384615384615385,240.3030303030303,0,1,2,4,7,Potential
13576,0,33,7,1526.25,9.166666666666666,63,218.03571428571428,9.0,2.5301204819277108,9.348122866894197,0,3,4,4,11,Champions
14646,0,1,25,6192.54,8.012145748987853,167,247.70159999999998,6.68,0.959349593495935,0.5103734439834025,0,4,4,4,12,Champions
17178,1,246,1,276.76,3.259259259259259,27,276.76,27.0,0.0,246.0,1,1,1,2,4,At Risk
13798,0,6,22,2412.15,13.534883720930232,15,109.64318181818182,0.6818181818181818,5.5,0.9230769230769231,0,4,4,4,12,Champions
18275,1,93,2,603.85,15.8,15,301.925,7.5,10.857142857142858,7.843373493975903,0,2,2,3,7,Potential
13855,1,15,4,1185.85,7.267605633802817,62,296.4625,15.5,3.257142857142857,3.523489932885906,0,4,4,4,12,Champions
15298,0,15,7,2671.15,11.78523489932886,114,381.59285714285716,16.285714285714285,1.5337837837837838,5.92,0,4,4,4,12,Champions
15674,0,19,6,2729.04,9.167701863354038,140,454.84,23.333333333333332,1.4,7.916666666666667,0,4,4,4,12,Champions
14679,0,36,2,546.5,10.733333333333333,25,273.25,12.5,7.206896551724138,4.386554621848739,0,3,2,3,8,Loyal
16253,0,56,3,1680.32,12.376146788990825,93,560.1066666666667,31.0,1.75,20.363636363636363,0,3,3,4,10,Champions
13557,0,41,7,1639.83,12.240384615384615,86,234.26142857142855,12.285714285714286,1.9514563106796117,13.891447368421053,0,3,4,4,11,Champions
16204,0,246,1,168.17000000000002,9.454545454545455,11,168.17000000000002,11.0,0.0,246.0,1,1,1,1,3,Lost
15633,1,24,12,3368.26,9.464968152866241,71,280.68833333333333,5.916666666666667,1.3782051282051282,10.091644204851752,0,4,4,4,12,Champions
15203,0,56,5,1405.13,12.129310344827585,74,281.026,14.8,1.626086956521739,21.32450331125828,0,3,4,4,11,Champions
13136,0,9,4,2065.18,9.946902654867257,95,516.295,23.75,2.0982142857142856,2.904899135446686,0,4,4,4,12,Champions
17188,0,23,5,1415.0,12.91304347826087,64,283.0,12.8,3.25,5.411764705882353,0,4,4,4,12,Champions
13455,0,108,3,767.2,7.32,46,255.73333333333335,15.333333333333334,2.7755102040816326,28.605405405405406,0,2,3,3,8,Loyal
13114,1,245,1,163.93,6.090909090909091,11,163.93,11.0,0.0,245.0,1,1,1,1,3,Lost
13768,1,241,2,810.6700000000001,11.838709677419354,28,405.33500000000004,14.0,0.13333333333333333,212.64705882352942,0,1,2,3,6,Potential
14135,0,63,3,274.76,19.074074074074073,25,91.58666666666666,8.333333333333334,6.961538461538462,7.913043478260869,0,3,3,2,8,Loyal
14291,0,12,5,2102.7599999999998,10.704225352112676,101,420.55199999999996,20.2,1.6382978723404256,4.548387096774194,0,4,4,4,12,Champions
12712,0,5,6,1313.78,8.481927710843374,67,218.96333333333334,11.166666666666666,2.902439024390244,1.28125,0,4,4,4,12,Champions
14732,0,20,9,1597.0,6.9113924050632916,51,177.44444444444446,5.666666666666667,2.8461538461538463,5.2,0,4,4,4,12,Champions
13202,0,59,5,862.58,9.227272727272727,36,172.51600000000002,7.2,4.3023255813953485,11.12719298245614,0,3,4,3,10,Champions
16945,0,9,10,2333.64,10.531468531468532,106,233.36399999999998,10.6,1.647887323943662,3.398936170212766,0,4,4,4,12,Champions
13672,1,245,1,233.53,6.75,12,233.53,12.0,0.0,245.0,1,1,1,2,4,At Risk
16771,1,59,4,1436.93,4.722972972972973,132,359.2325,33.0,1.2653061224489797,26.045045045045043,0,3,4,4,11,Champions
16782,0,13,13,2222.5,1.6977777777777778,359,170.96153846153845,27.615384615384617,0.3367952522255193,9.724750277469479,0,4,4,4,12,Champions
18051,1,149,7,1207.52,14.897435897435898,31,172.50285714285715,4.428571428571429,2.4473684210526314,43.22137404580153,0,1,4,4,9,Loyal
16912,0,171,2,674.84,10.681818181818182,19,337.42,9.5,3.5238095238095237,37.8,0,1,2,3,6,Potential
12924,0,77,5,477.19,10.615384615384615,23,95.438,4.6,6.68,10.026041666666668,0,2,4,3,9,Loyal
14173,1,156,2,53.56,4.0,3,26.78,1.5,44.5,3.4285714285714284,0,1,2,1,4,At Risk
14211,0,12,6,1433.56,10.170212765957446,68,238.92666666666665,11.333333333333334,2.4731182795698925,3.455108359133127,0,4,4,4,12,Champions
14593,0,51,7,1649.28,2.676258992805755,211,235.61142857142858,30.142857142857142,0.6931407942238267,30.121535181236673,0,3,4,4,11,Champions
16802,1,194,2,582.61,6.962264150943396,48,291.305,24.0,0.9807692307692307,97.94174757281553,0,1,2,3,6,Potential
14295,0,44,2,1025.55,10.571428571428571,41,512.775,20.5,4.878048780487805,7.485477178423237,0,3,2,4,9,Loyal
15302,1,245,1,264.20000000000005,8.166666666666666,12,264.20000000000005,12.0,0.0,245.0,1,1,1,2,4,At Risk
16709,0,59,4,2092.52,10.641304347826088,77,523.13,19.25,2.032967032967033,19.452898550724637,0,3,4,4,11,Champions
17954,0,66,6,1080.06,3.288659793814433,179,180.01,29.833333333333332,0.9119170984455959,34.52032520325203,0,2,4,4,10,Champions
13727,1,126,6,433.32,3.0961538461538463,44,72.22,7.333333333333333,2.2941176470588234,38.25,0,2,4,3,9,Loyal
15911,1,138,8,1521.84,3.1183673469387756,149,190.23,18.625,0.4262295081967213,96.75862068965517,0,1,4,4,9,Loyal
14990,1,127,2,191.57,3.025,39,95.785,19.5,3.0256410256410255,31.547770700636942,0,2,2,2,6,Potential
16705,0,37,13,6317.811000000001,14.405228758169935,119,485.9854615384616,9.153846153846153,1.3355263157894737,15.842253521126763,0,3,4,4,11,Champions
13141,0,50,8,2781.63,12.569444444444445,126,347.70375,15.75,1.3356643356643356,21.407185628742514,0,3,4,4,11,Champions
12709,0,26,10,4167.95,15.448598130841122,81,416.79499999999996,8.1,2.0283018867924527,8.585669781931465,0,4,4,4,12,Champions
14171,1,245,1,33.3,2.8,5,33.3,5.0,0.0,245.0,1,1,1,1,3,Lost
13983,0,9,7,2127.88,10.066225165562914,124,303.98285714285714,17.714285714285715,1.5533333333333332,3.524804177545692,0,4,4,4,12,Champions
17296,1,245,1,190.83,6.0,25,190.83,25.0,0.0,245.0,1,1,1,2,4,At Risk
17631,0,183,3,335.76,9.363636363636363,21,111.92,7.0,2.9047619047619047,46.86585365853659,0,1,3,2,6,Potential
17449,0,64,4,1074.12,4.80625,110,268.53,27.5,1.1320754716981132,30.017699115044252,0,3,4,4,11,Champions
17184,1,84,2,190.46,5.538461538461538,13,95.23,6.5,13.416666666666666,5.826589595375723,0,2,2,1,5,At Risk
14107,0,27,3,1294.63,11.36111111111111,51,431.54333333333335,17.0,3.0422535211267605,6.679442508710802,0,3,3,4,10,Champions
12917,0,13,3,512.6,8.0,26,170.86666666666667,8.666666666666666,8.846153846153847,1.3203125,0,4,3,3,10,Champions
16755,0,112,3,930.8100000000001,5.5,98,310.27000000000004,32.666666666666664,1.2110091743119267,50.65560165975104,0,2,3,3,8,Loyal
13825,1,136,2,230.39,3.128205128205128,37,115.195,18.5,2.8421052631578947,35.397260273972606,0,1,2,2,5,At Risk
13770,0,245,1,114.33000000000001,12.6,5,114.33000000000001,5.0,0.0,245.0,1,1,1,1,3,Lost
14505,0,45,9,3405.81,3.3306613226452906,370,378.42333333333335,41.111111111111114,0.39759036144578314,32.19827586206896,0,3,4,4,11,Champions
15441,0,245,1,225.07,11.083333333333334,12,225.07,12.0,0.0,245.0,1,1,1,2,4,At Risk
16933,0,13,4,1527.88,5.533333333333333,131,381.97,32.75,1.4024390243902438,5.411167512690356,0,4,4,4,12,Champions
13426,0,21,7,2244.84,11.974137931034482,78,320.6914285714286,11.142857142857142,1.9304347826086956,7.166172106824926,0,4,4,4,12,Champions
17043,0,85,2,382.23,4.4603174603174605,60,191.115,30.0,2.564516129032258,23.846153846153847,0,2,2,2,6,Potential
13498,1,245,1,194.15,11.0,11,194.15,11.0,0.0,245.0,1,1,1,2,4,At Risk
16186,0,13,8,2794.43,12.0,80,349.30375,10.0,1.2737430167597765,5.717444717444718,0,4,4,4,12,Champions
18065,0,40,7,1472.67,7.0375,63,210.3814285714286,9.0,2.569620253164557,11.205673758865249,0,3,4,4,11,Champions
17880,1,154,2,366.0,8.0,19,183.0,9.5,5.0,25.666666666666668,0,1,2,2,5,At Risk
15077,1,9,2,962.8800000000001,11.478260869565217,21,481.44000000000005,10.5,10.681818181818182,0.7704280155642024,0,4,2,4,10,Champions
13728,0,26,6,1094.32,7.967213114754099,36,182.38666666666666,6.0,3.5833333333333335,5.672727272727272,0,4,4,4,12,Champions
15209,1,245,1,161.08,8.363636363636363,11,161.08,11.0,0.0,245.0,1,1,1,1,3,Lost
15841,0,36,3,199.20000000000002,19.2,5,66.4,1.6666666666666667,52.0,0.6792452830188679,0,3,3,2,8,Loyal
14134,0,41,9,2721.7000000000003,17.630769230769232,49,302.41111111111115,5.444444444444445,3.125,9.93939393939394,0,3,4,4,11,Champions
15465,0,96,9,1315.9,6.46969696969697,41,146.2111111111111,4.555555555555555,2.2153846153846155,29.85645933014354,0,2,4,4,10,Champions
17603,1,132,3,1298.02,6.011494252873563,85,432.67333333333335,28.333333333333332,1.2906976744186047,57.6243654822335,0,1,3,4,8,Loyal
16143,0,26,4,1117.59,8.661538461538461,47,279.3975,11.75,3.40625,5.900709219858156,0,4,4,4,12,Champions
15523,0,31,8,1017.79,11.685185185185185,35,127.22375,4.375,3.9622641509433962,6.247148288973385,0,3,4,4,11,Champions
14942,0,107,2,157.82,8.0,9,78.91,4.5,17.125,5.903448275862069,0,2,2,1,5,At Risk
14293,0,202,3,706.35,14.653846153846153,21,235.45000000000002,7.0,1.64,76.51515151515153,0,1,3,3,7,Potential
17861,0,12,7,1762.0,6.278169014084507,185,251.71428571428572,26.428571428571427,0.8127208480565371,6.619883040935672,0,4,4,4,12,Champions
15039,0,1,29,5202.08,5.274226804123711,214,179.38206896551725,7.379310344827586,0.47520661157024796,0.6778711484593837,0,4,4,4,12,Champions
16843,0,9,11,2855.16,16.481927710843372,67,259.56,6.090909090909091,2.8048780487804876,2.3653846153846154,0,4,4,4,12,Champions
15858,0,7,7,1236.1100000000001,5.1345029239766085,128,176.58714285714288,18.285714285714285,1.3705882352941177,2.9528535980148884,0,4,4,4,12,Champions
15085,1,244,1,347.54,18.77777777777778,9,347.54,9.0,0.0,244.0,1,1,1,2,4,At Risk
14099,0,20,5,1653.78,5.444444444444445,96,330.756,19.2,1.3850931677018634,8.385416666666666,0,4,4,4,12,Champions
15854,0,22,5,1024.98,4.869565217391305,33,204.996,6.6,4.888888888888889,3.735849056603773,0,4,4,4,12,Champions
12978,0,160,4,1814.62,7.410852713178294,104,453.655,26.0,0.6484375,97.06161137440758,0,1,4,4,9,Loyal
15889,0,99,5,710.93,2.4716981132075473,141,142.18599999999998,28.2,0.9050632911392406,51.966777408637874,0,2,4,3,9,Loyal
16748,0,50,5,885.85,13.324324324324325,20,177.17000000000002,4.0,5.333333333333333,7.894736842105264,0,3,4,3,10,Champions
16459,1,244,1,61.35,5.75,4,61.35,4.0,0.0,244.0,1,1,1,1,3,Lost
13091,1,244,1,307.70000000000005,13.272727272727273,11,307.70000000000005,11.0,0.0,244.0,1,1,1,2,4,At Risk
13173,0,76,8,1322.9,5.5,96,165.3625,12.0,1.3495934959349594,32.346020761245676,0,2,4,4,10,Champions
15805,0,1,7,2246.56,10.957264957264957,93,320.9371428571429,13.285714285714286,2.0689655172413794,0.32584269662921345,0,4,4,4,12,Champions
15912,0,84,6,323.73,5.418181818181818,48,53.955000000000005,8.0,2.9444444444444446,21.295774647887324,0,2,4,2,8,Loyal
16596,0,204,2,208.83,6.916666666666667,12,104.415,6.0,3.5454545454545454,44.88,0,1,2,2,5,At Risk
12989,1,12,7,917.7,16.5,7,131.1,1.0,20.818181818181817,0.55,0,4,4,3,11,Champions
16985,0,0,8,2553.62,9.5,63,319.2025,7.875,2.9753086419753085,0.0,0,4,4,4,12,Champions
14648,0,26,12,3096.63,5.7072538860103625,258,258.0525,21.5,0.5506493506493506,16.76716917922948,0,4,4,4,12,Champions
15573,1,133,3,430.93,2.9320388349514563,93,143.64333333333335,31.0,1.0784313725490196,63.99056603773586,0,1,3,3,7,Potential
15367,0,106,5,1807.81,8.971698113207546,99,361.562,19.8,1.2952380952380953,46.18257261410789,0,2,4,4,10,Champions
14895,0,29,13,5297.01,12.194871794871794,152,407.4623076923077,11.692307692307692,1.0824742268041236,13.925742574257427,0,3,4,4,11,Champions
14062,0,23,6,3252.1800000000003,12.46236559139785,61,542.0300000000001,10.166666666666666,2.391304347826087,6.782051282051282,0,4,4,4,12,Champions
15157,1,84,2,331.64,16.25,16,165.82,8.0,10.6,7.241379310344827,0,2,2,2,6,Potential
15623,0,19,5,1437.6200000000001,8.23076923076923,58,287.524,11.6,3.484375,4.2369337979094075,0,4,4,4,12,Champions
13831,0,22,8,960.55,7.338709677419355,50,120.06875,6.25,3.5737704918032787,4.810035842293907,0,4,4,4,12,Champions
14626,0,22,5,1399.8,13.974358974358974,66,279.96,13.2,2.857142857142857,5.703703703703703,0,4,4,4,12,Champions
15032,0,118,2,66.7,7.666666666666667,6,33.35,3.0,25.0,4.538461538461538,0,2,2,1,5,At Risk
16670,0,26,4,2173.03,8.685714285714285,110,543.2575,27.5,1.5611510791366907,10.151685393258427,0,4,4,4,12,Champions
15882,0,44,3,384.09000000000003,8.678571428571429,28,128.03,9.333333333333334,7.37037037037037,5.256637168141593,0,3,3,2,8,Loyal
17032,1,118,5,2583.9,6.926940639269406,167,516.78,33.4,0.5688073394495413,75.21637426900584,0,2,4,4,10,Champions
12979,1,244,1,320.91,4.62,50,320.91,50.0,0.0,244.0,1,1,1,2,4,At Risk
15738,0,17,19,4505.4,12.83743842364532,55,237.12631578947367,2.8947368421052633,1.0742574257425743,8.195704057279237,0,4,4,4,12,Champions
14043,1,6,2,197.2,3.7837837837837838,33,98.6,16.5,6.611111111111111,0.7883211678832117,0,4,2,2,8,Loyal
17675,0,0,26,5140.22,14.0,90,197.70076923076925,3.4615384615384617,1.4294478527607362,0.0,0,4,4,4,12,Champions
15916,0,73,4,827.8,4.3076923076923075,88,206.95,22.0,1.6407766990291262,27.64338235294118,0,2,4,3,9,Loyal
16901,1,244,1,118.21000000000001,1.9444444444444444,18,118.21000000000001,18.0,0.0,244.0,1,1,1,1,3,Lost
12933,0,244,1,118.99,2.739130434782609,23,118.99,23.0,0.0,244.0,1,1,1,1,3,Lost
14507,0,164,2,354.7,4.214285714285714,27,177.35,13.5,2.925925925925926,41.77358490566038,0,1,2,2,5,At Risk
17696,0,6,11,2199.88,12.03448275862069,89,199.98909090909092,8.090909090909092,2.026086956521739,1.9827586206896552,0,4,4,4,12,Champions
18276,0,34,3,641.17,14.155555555555555,42,213.72333333333333,14.0,4.7272727272727275,5.936507936507936,0,3,3,3,9,Loyal
14030,0,110,7,2385.48,4.065693430656935,217,340.78285714285715,31.0,0.47619047619047616,74.51612903225806,0,2,4,4,10,Champions
14081,0,113,7,2480.08,3.4216634429400385,317,354.29714285714283,45.285714285714285,0.25193798449612403,90.26006191950465,0,2,4,4,10,Champions
17351,0,59,6,805.6800000000001,6.413793103448276,22,134.28,3.6666666666666665,6.5,7.866666666666666,0,3,4,3,10,Champions
16798,1,69,3,540.5600000000001,1.1866666666666668,125,180.1866666666667,41.666666666666664,1.167785234899329,31.829721362229105,0,2,3,3,8,Loyal
17512,0,140,3,855.5500000000001,12.630434782608695,35,285.18333333333334,11.666666666666666,2.2666666666666666,42.85714285714286,0,1,3,3,7,Potential
13542,0,24,13,2680.01,2.4894514767932487,77,206.1546153846154,5.923076923076923,0.902542372881356,12.614699331848552,0,4,4,4,12,Champions
16905,0,12,7,737.64,3.9523809523809526,41,105.37714285714286,5.857142857142857,3.6774193548387095,2.56551724137931,0,4,4,3,11,Champions
15494,0,35,2,752.53,4.818181818181818,96,376.265,48.0,2.122448979591837,11.209150326797385,0,3,2,3,8,Loyal
14702,0,20,8,1924.16,4.414847161572053,138,240.52,17.25,0.9649122807017544,10.178571428571429,0,4,4,4,12,Champions
17165,0,71,4,1041.78,9.192982456140351,50,260.445,12.5,3.0357142857142856,17.5929203539823,0,2,4,4,10,Champions
16293,0,84,2,456.31,7.423076923076923,26,228.155,13.0,6.36,11.41304347826087,0,2,2,3,7,Potential
18172,0,15,15,3680.27,11.565517241379311,79,245.35133333333334,5.266666666666667,1.5416666666666667,5.9016393442622945,0,4,4,4,12,Champions
18268,1,106,5,1337.23,11.274193548387096,35,267.446,7.0,2.2295081967213113,32.82233502538071,0,2,4,4,10,Champions
14122,0,243,1,41.89,9.5,2,41.89,2.0,0.0,243.0,1,1,1,1,3,Lost
14519,1,198,2,203.14,2.1315789473684212,38,101.57,19.0,1.2162162162162162,89.34146341463415,0,1,2,2,5,At Risk
13077,0,55,4,1097.8,6.711864406779661,98,274.45,24.5,1.5982905982905984,21.167763157894736,0,3,4,4,11,Champions
14643,1,132,3,449.0,15.238095238095237,19,149.66666666666666,6.333333333333333,5.5,20.307692307692307,0,1,3,3,7,Potential
12957,1,56,5,4059.9500000000003,8.604545454545455,191,811.99,38.2,0.8447488584474886,30.356435643564353,0,3,4,4,11,Champions
14577,0,196,2,267.15,2.9722222222222223,31,133.575,15.5,1.3428571428571427,83.65853658536587,0,1,2,2,5,At Risk
17409,0,79,5,660.3,9.523809523809524,15,132.06,3.0,8.15,8.633879781420765,0,2,4,3,9,Loyal
16470,0,2,5,781.6,3.1705426356589146,89,156.32,17.8,1.875,0.6956521739130435,0,4,4,3,11,Champions
16191,0,61,2,687.5899999999999,15.789473684210526,19,343.79499999999996,9.5,10.055555555555555,5.517587939698492,0,3,2,3,8,Loyal
17344,1,243,1,286.99,3.8285714285714287,35,286.99,35.0,0.0,243.0,1,1,1,2,4,At Risk
16365,0,50,4,859.6999999999999,6.176470588235294,43,214.92499999999998,10.75,3.84,10.330578512396695,0,3,4,3,10,Champions
13418,0,22,7,1853.6100000000001,13.382978723404255,78,264.8014285714286,11.142857142857142,2.3440860215053765,6.578778135048231,0,4,4,4,12,Champions
12854,1,76,4,1463.32,6.492957746478873,112,365.83,28.0,1.177304964539007,34.90553745928339,0,2,4,4,10,Champions
15197,0,243,1,117.96000000000001,15.0,4,117.96000000000001,4.0,0.0,243.0,1,1,1,1,3,Lost
14298,0,7,21,13879.98,15.489169675090253,390,660.9514285714286,18.571428571428573,0.4141048824593128,4.950127877237852,0,4,4,4,12,Champions
16952,0,243,1,215.64000000000001,3.466666666666667,29,215.64000000000001,29.0,0.0,243.0,1,1,1,2,4,At Risk
13415,1,145,3,579.5699999999999,3.2083333333333335,82,193.18999999999997,27.333333333333332,1.0315789473684212,71.37305699481865,0,1,3,3,7,Potential
13668,0,34,8,1856.98,4.036363636363636,74,232.1225,9.25,1.889908256880734,11.765079365079366,0,3,4,4,11,Champions
14790,0,48,4,848.55,14.470588235294118,34,212.1375,8.5,3.86,9.876543209876544,0,3,4,3,10,Champions
17487,1,243,1,140.6,5.142857142857143,7,140.6,7.0,0.0,243.0,1,1,1,1,3,Lost
17958,1,243,1,156.32,4.56,25,156.32,25.0,0.0,243.0,1,1,1,1,3,Lost
17754,0,1,6,1139.6299999999999,9.4,95,189.9383333333333,15.833333333333334,2.3076923076923075,0.3023255813953489,0,4,4,4,12,Champions
15898,0,17,16,2553.01,2.255924170616114,164,159.563125,10.25,0.517814726840855,11.200312989045385,0,4,4,4,12,Champions
14130,0,243,1,292.89,3.6610169491525424,59,292.89,59.0,0.0,243.0,1,1,1,2,4,At Risk
17860,0,243,2,173.05,1.5961538461538463,44,86.525,22.0,0.0,243.0,0,1,2,1,4,At Risk
12664,1,241,1,90.0,24.0,1,90.0,1.0,999.0,0.241,1,1,1,1,3,Lost
16719,0,65,4,843.43,5.059523809523809,71,210.8575,17.75,2.0963855421686746,20.992217898832685,0,3,4,3,10,Champions
16442,1,119,2,240.68,1.8472222222222223,70,120.34,35.0,1.7183098591549295,43.77720207253886,0,2,2,2,6,Potential
13317,0,41,6,1918.19,10.991304347826087,78,319.6983333333333,13.0,1.7456140350877194,14.932907348242813,0,3,4,4,11,Champions
15196,0,241,1,149.7,2.869565217391304,23,149.7,23.0,0.0,241.0,1,1,1,1,3,Lost
15169,0,241,1,314.77,4.702127659574468,46,314.77,46.0,0.0,241.0,1,1,1,2,4,At Risk
14685,1,91,6,2515.57,6.175,93,419.2616666666667,15.5,0.9308176100628931,47.13029315960912,0,2,4,4,10,Champions
15503,1,241,1,116.26,1.1764705882352942,50,116.26,50.0,0.0,241.0,1,1,1,1,3,Lost
13026,1,106,3,578.44,13.166666666666666,23,192.81333333333336,7.666666666666667,3.8285714285714287,21.95266272189349,0,2,3,3,8,Loyal
15144,0,45,4,2002.76,12.352941176470589,24,500.69,6.0,5.909090909090909,6.513157894736842,0,3,4,4,11,Champions
12843,0,10,12,1373.06,7.661971830985915,56,114.42166666666667,4.666666666666667,3.2285714285714286,2.364864864864865,0,4,4,4,12,Champions
14161,0,3,3,1623.91,5.4935064935064934,129,541.3033333333334,43.0,1.5490196078431373,1.176923076923077,0,4,3,4,11,Champions
17172,0,241,1,239.78,16.90909090909091,11,239.78,11.0,0.0,241.0,1,1,1,2,4,At Risk
16830,0,190,2,450.05,9.24,25,225.025,12.5,2.0833333333333335,61.62162162162162,0,1,2,3,6,Potential
16127,1,241,1,116.41,2.03125,32,116.41,32.0,0.0,241.0,1,1,1,1,3,Lost
17539,1,143,3,946.59,5.251908396946565,119,315.53000000000003,39.666666666666664,0.7461538461538462,81.89427312775331,0,1,3,4,8,Loyal
15944,0,0,2,398.40000000000003,10.764705882352942,14,199.20000000000002,7.0,15.0625,0.0,0,4,2,2,8,Loyal
17211,0,164,4,1175.19,6.068627450980392,77,293.7975,19.25,0.7524752475247525,93.5819209039548,0,1,4,4,9,Loyal
14514,0,27,5,2166.64,6.5,139,433.328,27.8,1.1322751322751323,12.662531017369728,0,3,4,4,11,Champions
17066,1,241,1,228.34,5.166666666666667,17,228.34,17.0,0.0,241.0,1,1,1,2,4,At Risk
15850,0,51,2,187.44,2.1607142857142856,51,93.72,25.5,3.4545454545454546,11.448979591836734,0,3,2,1,6,Potential
17290,0,69,3,126.82,1.6944444444444444,36,42.27333333333333,12.0,4.885714285714286,11.723300970873785,0,2,3,1,6,Potential
13735,0,41,6,2866.63,6.345622119815668,145,477.7716666666667,24.166666666666668,0.9120370370370371,21.443099273607746,0,3,4,4,11,Champions
12681,0,37,14,7071.95,11.47969543147208,189,505.1392857142857,13.5,0.5012722646310432,24.645762711864407,0,3,4,4,11,Champions
17802,0,3,5,1932.23,4.542635658914729,179,386.446,35.8,0.9221789883268483,1.5607287449392713,0,4,4,4,12,Champions
15628,0,7,5,1391.56,10.24705882352941,59,278.312,11.8,2.761904761904762,1.860759493670886,0,4,4,4,12,Champions
15446,0,143,2,222.27,2.769230769230769,59,111.135,29.5,1.515625,56.84472049689441,0,1,2,2,5,At Risk
14525,0,82,5,792.73,6.1976744186046515,71,158.546,14.2,1.8470588235294119,28.801652892561982,0,2,4,3,9,Loyal
14751,1,199,2,126.45,9.285714285714286,7,63.225,3.5,6.833333333333333,25.404255319148938,0,1,2,1,4,At Risk
12683,0,90,4,1897.18,14.70103092783505,82,474.295,20.5,1.5520833333333333,35.26530612244898,0,2,4,4,10,Champions
13087,1,241,1,195.54,7.4,10,195.54,10.0,0.0,241.0,1,1,1,2,4,At Risk
15562,0,241,1,142.74,3.142857142857143,20,142.74,20.0,0.0,241.0,1,1,1,1,3,Lost
17819,0,98,3,265.35,11.0,7,88.45,2.3333333333333335,17.75,5.226666666666667,0,2,3,2,7,Potential
16409,0,40,4,1607.06,2.996875,172,401.765,43.0,0.6206896551724138,24.680851063829788,0,3,4,4,11,Champions
14277,0,93,2,285.22,9.91304347826087,22,142.61,11.0,6.681818181818182,12.106508875739646,0,2,2,2,6,Potential
14466,0,63,5,968.7,10.046511627906977,46,193.74,9.2,2.070588235294118,20.517241379310345,0,3,4,4,11,Champions
16725,0,241,1,196.78,2.5344827586206895,55,196.78,55.0,0.0,241.0,1,1,1,2,4,At Risk
17799,0,1,7,2358.8,3.781021897810219,261,336.9714285714286,37.285714285714285,0.5804878048780487,0.632716049382716,0,4,4,4,12,Champions
17910,1,241,1,245.8,4.76,24,245.8,24.0,0.0,241.0,1,1,1,2,4,At Risk
16551,0,132,3,438.81,10.555555555555555,24,146.27,8.0,4.115384615384615,25.80451127819549,0,1,3,3,7,Potential
15577,1,238,2,97.35,1.588235294117647,17,48.675,8.5,0.125,211.55555555555554,0,1,2,1,4,At Risk
12346,1,44,11,372.86,2.121212121212121,26,33.89636363636364,2.3636363636363638,6.0,6.285714285714286,0,3,4,2,9,Loyal
12439,1,197,2,1048.28,7.3125,62,524.14,31.0,0.6825396825396826,117.08490566037736,0,1,2,4,7,Potential
13462,0,152,3,476.56,9.875,31,158.85333333333332,10.333333333333334,2.838709677419355,39.596638655462186,0,1,3,3,7,Potential
13872,1,42,3,862.37,6.203703703703703,48,287.45666666666665,16.0,3.7358490566037736,8.868525896414342,0,3,3,3,9,Loyal
13013,0,13,9,3939.61,11.861271676300579,137,437.7344444444445,15.222222222222221,1.2965116279069768,5.660759493670886,0,4,4,4,12,Champions
14977,1,240,1,31.929999999999996,4.25,4,31.929999999999996,4.0,0.0,240.0,1,1,1,1,3,Lost
12472,0,30,9,5643.09,11.661631419939576,209,627.01,23.22222222222222,0.6151515151515151,18.574108818011258,0,3,4,4,11,Champions
16769,0,240,2,341.41,3.8214285714285716,28,170.705,14.0,0.0,240.0,0,1,2,2,5,At Risk
17075,0,147,4,722.28,3.6307692307692307,54,180.57,13.5,1.453125,59.92356687898089,0,1,4,3,8,Loyal
16190,0,41,4,987.24,8.545454545454545,50,246.81,12.5,3.6481481481481484,8.820717131474103,0,3,4,4,11,Champions
14032,0,198,3,702.0600000000001,13.31578947368421,23,234.02,7.666666666666667,1.135135135135135,92.73417721518987,0,1,3,3,7,Potential
17825,1,113,4,449.36,8.88,22,112.34,5.5,5.25,18.08,0,2,4,3,9,Loyal
15329,0,56,5,858.73,8.51923076923077,38,171.746,7.6,3.5686274509803924,12.257510729613735,0,3,4,3,10,Champions
17908,0,19,3,535.8,3.4324324324324325,104,178.6,34.666666666666664,2.0,6.333333333333333,0,4,3,3,10,Champions
15534,1,240,1,154.3,8.857142857142858,7,154.3,7.0,0.0,240.0,1,1,1,1,3,Lost
16327,0,28,8,4321.83,6.519512195121951,191,540.22875,23.875,0.511002444987775,18.53074433656958,0,3,4,4,11,Champions
15920,0,49,3,178.99,4.304347826086956,21,59.663333333333334,7.0,8.636363636363637,5.084905660377358,0,3,3,1,7,Potential
12613,0,56,3,1993.78,9.376068376068377,102,664.5933333333334,34.0,1.5775862068965518,21.725752508361204,0,3,3,4,10,Champions
17318,1,240,1,139.43,3.8,15,139.43,15.0,0.0,240.0,1,1,1,1,3,Lost
17965,0,28,10,2638.9,5.792168674698795,273,263.89,27.3,0.6283987915407855,17.194805194805195,0,3,4,4,11,Champions
14401,0,7,7,1626.04,14.509803921568627,38,232.29142857142855,5.428571428571429,4.62,1.2455516014234875,0,4,4,4,12,Champions
15188,1,240,1,246.38,9.7,20,246.38,20.0,0.0,240.0,1,1,1,2,4,At Risk
16019,0,26,9,2017.94,12.719298245614034,50,224.21555555555557,5.555555555555555,3.75,5.473684210526316,0,4,4,4,12,Champions
12926,0,162,2,549.86,2.385321100917431,96,274.93,48.0,0.7222222222222222,94.06451612903226,0,1,2,3,6,Potential
17623,0,34,4,477.07,2.3373493975903616,66,119.2675,16.5,2.4878048780487805,9.748251748251748,0,3,4,3,10,Champions
15015,1,16,13,1913.32,5.125448028673835,151,147.17846153846153,11.615384615384615,0.7841726618705036,8.96774193548387,0,4,4,4,12,Champions
14796,0,132,4,695.4,2.9239130434782608,53,173.85,13.25,1.164835164835165,60.97461928934009,0,1,4,3,8,Loyal
14042,1,240,1,353.28,10.117647058823529,17,353.28,17.0,0.0,240.0,1,1,1,2,4,At Risk
15867,0,19,12,3274.17,4.4275,276,272.8475,23.0,0.5363408521303258,12.367047308319739,0,4,4,4,12,Champions
16805,1,92,2,578.43,3.26027397260274,134,289.215,67.0,1.013793103448276,45.68493150684932,0,2,2,3,7,Potential
16125,0,19,10,2509.19,5.787564766839378,123,250.919,12.3,1.1197916666666667,8.963144963144963,0,4,4,4,12,Champions
16280,1,240,1,202.25,6.928571428571429,14,202.25,14.0,0.0,240.0,1,1,1,2,4,At Risk
12920,1,86,3,309.06,8.7,30,103.02,10.0,5.275862068965517,13.703296703296704,0,2,3,2,7,Potential
17866,0,240,1,149.5,10.0,4,149.5,4.0,0.0,240.0,1,1,1,1,3,Lost
13577,0,43,5,939.47,8.346153846153847,39,187.894,7.8,3.823529411764706,8.914634146341463,0,3,4,4,11,Champions
16064,1,240,1,93.41,3.3125,16,93.41,16.0,0.0,240.0,1,1,1,1,3,Lost
17416,0,65,6,3325.0,14.412698412698413,105,554.1666666666666,17.5,1.384,27.265100671140942,0,3,4,4,11,Champions
15640,0,10,10,3696.88,13.445205479452055,85,369.688,8.5,1.5793103448275863,3.8770053475935824,0,4,4,4,12,Champions
12992,1,240,1,93.35,3.5,6,93.35,6.0,0.0,240.0,1,1,1,1,3,Lost
15672,1,240,1,32.550000000000004,4.5,2,32.550000000000004,2.0,0.0,240.0,1,1,1,1,3,Lost
13000,1,240,1,465.8,5.724137931034483,29,465.8,29.0,0.0,240.0,1,1,1,3,5,At Risk
17012,1,240,1,347.17,6.257142857142857,33,347.17,33.0,0.0,240.0,1,1,1,2,4,At Risk
16098,0,42,5,672.48,9.8125,41,134.496,8.2,4.191489361702128,8.09016393442623,0,3,4,3,10,Champions
16554,0,55,3,816.74,9.170212765957446,39,272.24666666666667,13.0,4.0,11.0,0,3,3,3,9,Loyal
13004,0,16,12,3603.65,9.865900383141762,171,300.3041666666667,14.25,0.8384615384615385,8.702928870292887,0,4,4,4,12,Champions
17572,0,41,3,140.61,16.166666666666668,4,46.870000000000005,1.3333333333333333,39.6,1.0098522167487685,0,3,3,1,7,Potential
13902,1,239,1,357.66,15.0,6,357.66,6.0,0.0,239.0,1,1,1,2,4,At Risk
17213,0,12,6,1975.02,8.59047619047619,69,329.17,11.5,2.1538461538461537,3.804878048780488,0,4,4,4,12,Champions
17251,0,239,1,293.65000000000003,8.263157894736842,19,293.65000000000003,19.0,0.0,239.0,1,1,1,2,4,At Risk
16858,0,45,7,1846.78,9.242424242424242,47,263.8257142857143,6.714285714285714,2.923076923076923,11.470588235294118,0,3,4,4,11,Champions
17082,0,140,3,1613.98,17.0188679245283,45,537.9933333333333,15.0,1.8846153846153846,48.53333333333333,0,1,3,4,8,Loyal
18220,0,12,3,174.71,6.428571428571429,7,58.23666666666667,2.3333333333333335,37.666666666666664,0.3103448275862069,0,4,3,1,8,Loyal
17625,0,52,3,2155.22,5.176211453744493,194,718.4066666666666,64.66666666666667,0.827433628318584,28.45520581113802,0,3,3,4,10,Champions
17233,0,239,1,100.81,5.1,10,100.81,10.0,0.0,239.0,1,1,1,1,3,Lost
17095,0,146,2,360.1,6.45,19,180.05,9.5,4.894736842105263,24.767857142857146,0,1,2,2,5,At Risk
16713,0,1,12,3075.2,4.277915632754342,239,256.26666666666665,19.916666666666668,0.5796019900497512,0.6330708661417322,0,4,4,4,12,Champions
12941,1,239,1,304.77,10.375,24,304.77,24.0,0.0,239.0,1,1,1,2,4,At Risk
17596,0,49,5,852.1,3.9079754601226995,126,170.42000000000002,25.2,1.1604938271604939,22.680000000000003,0,3,4,3,10,Champions
15812,0,69,5,697.72,5.631578947368421,47,139.544,9.4,3.0,17.25,0,2,4,3,9,Loyal
14966,0,238,2,200.9,5.542857142857143,32,100.45,16.0,0.0,238.0,0,1,2,2,5,At Risk
15070,1,106,2,566.15,10.607142857142858,23,283.075,11.5,4.925925925925926,17.8875,0,2,2,3,7,Potential
18260,0,8,5,995.7800000000001,10.294117647058824,44,199.156,8.8,4.56,1.4388489208633095,0,4,4,4,12,Champions
16749,1,106,2,1419.44,12.2,41,709.72,20.5,2.693877551020408,28.696132596685082,0,2,2,4,8,Loyal
13405,0,84,2,307.20000000000005,8.571428571428571,7,153.60000000000002,3.5,25.833333333333332,3.130434782608696,0,2,2,2,6,Potential
17797,0,83,4,816.41,3.8214285714285716,94,204.1025,23.5,1.3873873873873874,34.76603773584905,0,2,4,3,9,Loyal
13823,0,2,4,1508.47,9.314606741573034,69,377.1175,17.25,2.6704545454545454,0.544891640866873,0,4,4,4,12,Champions
15566,0,239,1,123.72000000000001,15.0,4,123.72000000000001,4.0,0.0,239.0,1,1,1,1,3,Lost
13050,0,1,10,2982.9,5.533783783783784,232,298.29,23.2,0.7864406779661017,0.5597722960151803,0,4,4,4,12,Champions
13756,0,42,5,975.83,6.957446808510638,63,195.166,12.6,2.086021505376344,13.609756097560975,0,3,4,4,11,Champions
17816,0,173,2,59.55,1.7857142857142858,28,29.775,14.0,2.4074074074074074,50.77173913043478,0,1,2,1,4,At Risk
15785,0,49,6,1078.51,14.304347826086957,49,179.75166666666667,8.166666666666666,2.75,13.066666666666666,0,3,4,4,11,Champions
15971,1,239,1,59.400000000000006,12.0,1,59.400000000000006,1.0,999.0,0.239,1,1,1,1,3,Lost
14897,0,107,2,441.57,9.551724137931034,27,220.785,13.5,4.678571428571429,18.842767295597483,0,2,2,3,7,Potential
15527,0,17,12,1965.91,6.723577235772358,90,163.82583333333335,7.5,1.778688524590164,6.117994100294985,0,4,4,4,12,Champions
17368,0,58,2,263.12,3.2745098039215685,51,131.56,25.5,3.6,12.608695652173914,0,3,2,2,7,Potential
15637,0,13,3,360.1,9.777777777777779,16,120.03333333333335,5.333333333333333,13.235294117647058,0.9132231404958678,0,4,3,2,9,Loyal
15393,1,82,3,475.93,7.961538461538462,25,158.64333333333335,8.333333333333334,6.2,11.38888888888889,0,2,3,3,8,Loyal
18177,1,75,3,716.45,15.173913043478262,20,238.8166666666667,6.666666666666667,7.363636363636363,8.967391304347826,0,2,3,3,8,Loyal
13473,1,89,5,919.3000000000001,11.806451612903226,30,183.86,6.0,4.9,15.084745762711863,0,2,4,3,9,Loyal
12956,1,199,3,399.90000000000003,11.727272727272727,22,133.3,7.333333333333333,1.8095238095238095,70.83050847457628,0,1,3,3,7,Potential
13711,0,93,6,1168.07,7.728813559322034,54,194.6783333333333,9.0,2.4655172413793105,26.835820895522385,0,2,4,4,10,Champions
15394,0,22,4,1224.6100000000001,11.280701754385966,45,306.15250000000003,11.25,3.8392857142857144,4.546125461254612,0,4,4,4,12,Champions
14460,0,101,2,244.74,16.571428571428573,14,122.37,7.0,10.538461538461538,8.753333333333334,0,2,2,2,6,Potential
18102,1,26,10,1567.0,16.56,24,156.7,2.4,8.75,2.6666666666666665,0,4,4,4,12,Champions
14769,0,44,5,2354.37,10.841772151898734,136,470.87399999999997,27.2,1.2229299363057324,19.793696275071635,0,3,4,4,11,Champions
15312,0,96,5,1256.09,10.761194029850746,55,251.218,11.0,2.1363636363636362,30.608695652173914,0,2,4,4,10,Champions
17646,0,5,7,1643.73,8.395348837209303,63,234.81857142857143,9.0,2.7058823529411766,1.349206349206349,0,4,4,4,12,Champions
13952,0,21,7,3492.11,13.12962962962963,91,498.8728571428572,13.0,2.0,7.0,0,4,4,4,12,Champions
15713,0,134,2,418.14,10.172413793103448,28,209.07,14.0,3.7142857142857144,28.424242424242422,0,1,2,3,6,Potential
16366,1,97,3,933.83,10.884615384615385,50,311.2766666666667,16.666666666666668,2.764705882352941,25.765625,0,2,3,3,8,Loyal
18286,0,238,1,316.6,7.714285714285714,14,316.6,14.0,0.0,238.0,1,1,1,2,4,At Risk
17677,0,0,16,4636.96,11.089201877934272,140,289.81,8.75,1.099056603773585,0.0,0,4,4,4,12,Champions
13047,0,8,10,2465.46,9.018518518518519,65,246.546,6.5,2.1121495327102804,2.5705705705705704,0,4,4,4,12,Champions
14869,0,178,2,1069.74,7.042735042735043,108,534.87,54.0,0.5172413793103449,117.31818181818183,0,1,2,4,7,Potential
16197,0,5,8,1379.86,14.25,42,172.4825,5.25,3.417910447761194,1.1317567567567566,0,4,4,4,12,Champions
13074,1,26,3,433.8,9.777777777777779,17,144.6,5.666666666666667,12.411764705882353,1.9385964912280702,0,4,3,3,10,Champions
13289,1,238,1,220.35,8.538461538461538,13,220.35,13.0,0.0,238.0,1,1,1,2,4,At Risk
16119,0,34,3,381.68,11.2,13,127.22666666666667,4.333333333333333,14.5,2.193548387096774,0,3,3,2,8,Loyal
13769,0,22,6,1309.6200000000001,7.1688311688311686,50,218.27,8.333333333333334,2.8026315789473686,5.7854671280276815,0,4,4,4,12,Champions
15184,0,238,1,92.94999999999999,9.88888888888889,9,92.94999999999999,9.0,0.0,238.0,1,1,1,1,3,Lost
15499,1,238,1,134.8,1.4736842105263157,37,134.8,37.0,0.0,238.0,1,1,1,1,3,Lost
12586,0,238,1,333.8,8.705882352941176,17,333.8,17.0,0.0,238.0,1,1,1,2,4,At Risk
18012,1,238,1,53.65,6.0,10,53.65,10.0,0.0,238.0,1,1,1,1,3,Lost
13403,0,238,1,78.6,14.666666666666666,3,78.6,3.0,0.0,238.0,1,1,1,1,3,Lost
14625,0,2,4,1620.5,8.392523364485982,76,405.125,19.0,2.207547169811321,0.6235294117647059,0,4,4,4,12,Champions
17833,1,238,1,320.56,4.7,27,320.56,27.0,0.0,238.0,1,1,1,2,4,At Risk
15222,0,15,9,1761.78,16.6,71,195.75333333333333,7.888888888888889,2.3191489361702127,4.519230769230769,0,4,4,4,12,Champions
13178,0,23,7,5815.09,11.5,147,830.7271428571429,21.0,0.6730158730158731,13.747628083491461,0,4,4,4,12,Champions
14415,0,38,5,2577.52,4.654362416107382,183,515.504,36.6,0.6666666666666666,22.8,0,3,4,4,11,Champions
16195,1,238,1,323.25,7.6875,16,323.25,16.0,0.0,238.0,1,1,1,2,4,At Risk
17776,0,238,1,170.75,3.090909090909091,43,170.75,43.0,0.0,238.0,1,1,1,1,3,Lost
16569,1,146,4,446.77,16.27777777777778,17,111.6925,4.25,5.294117647058823,23.19626168224299,0,1,4,3,8,Loyal
17469,0,0,9,2325.65,8.423357664233576,92,258.40555555555557,10.222222222222221,1.7205882352941178,0.0,0,4,4,4,12,Champions
14055,1,92,2,361.75,10.642857142857142,14,180.875,7.0,11.153846153846153,7.569620253164557,0,2,2,2,6,Potential
17873,0,29,8,1785.49,16.102941176470587,42,223.18625,5.25,3.08955223880597,7.091240875912409,0,3,4,4,11,Champions
15044,0,35,10,4277.18,5.6156862745098035,137,427.718,13.7,0.7913385826771654,19.53846153846154,0,3,4,4,11,Champions
14329,0,5,6,2591.18,9.176470588235293,119,431.8633333333333,19.833333333333332,1.3609467455621302,2.1177944862155385,0,4,4,4,12,Champions
17091,0,22,6,1626.51,6.390977443609023,102,271.085,17.0,1.6136363636363635,8.417391304347827,0,4,4,4,12,Champions
16694,1,238,1,50.400000000000006,24.0,1,50.400000000000006,1.0,999.0,0.238,1,1,1,1,3,Lost
15055,0,108,2,323.67,2.085714285714286,66,161.835,33.0,1.8695652173913044,37.63636363636363,0,2,2,2,6,Potential
18144,0,61,3,657.96,15.9375,15,219.32000000000002,5.0,11.666666666666666,4.815789473684211,0,3,3,3,9,Loyal
13008,0,238,1,189.31,6.818181818181818,11,189.31,11.0,0.0,238.0,1,1,1,1,3,Lost
13941,0,59,5,1038.96,16.22222222222222,14,207.792,2.8,10.352941176470589,5.196891191709844,0,3,4,4,11,Champions
14092,0,17,7,1597.88,9.426966292134832,62,228.26857142857145,8.857142857142858,2.477272727272727,4.888888888888889,0,4,4,4,12,Champions
12867,0,16,4,2124.93,6.290220820189274,208,531.2325,52.0,0.6962025316455697,9.432835820895521,0,4,4,4,12,Champions
16742,1,7,13,732.29,7.208333333333333,43,56.33,3.3076923076923075,3.1690140845070425,1.6790540540540542,0,4,4,3,11,Champions
15498,0,40,7,4869.77,11.425641025641026,177,695.6814285714287,25.285714285714285,1.0051546391752577,19.948586118251928,0,3,4,4,11,Champions
17402,0,26,5,425.59,6.219512195121951,33,85.118,6.6,5.275,4.143426294820717,0,4,4,3,11,Champions
18201,1,237,1,332.88,8.571428571428571,21,332.88,21.0,0.0,237.0,1,1,1,2,4,At Risk
13225,0,54,5,2045.8,20.352941176470587,32,409.15999999999997,6.4,5.515151515151516,8.288372093023256,0,3,4,4,11,Champions
17662,1,176,2,261.12,7.6923076923076925,12,130.56,6.0,5.0,29.333333333333332,0,1,2,2,5,At Risk
15863,1,132,3,245.11,1.6491228070175439,54,81.70333333333333,18.0,1.875,45.91304347826087,0,1,3,2,6,Potential
18186,1,237,1,102.9,10.333333333333334,6,102.9,6.0,0.0,237.0,1,1,1,1,3,Lost
13875,0,17,7,1996.18,11.276422764227643,90,285.16857142857145,12.857142857142858,1.7950819672131149,6.0821114369501466,0,4,4,4,12,Champions
13266,0,21,5,1323.6,12.54320987654321,57,264.71999999999997,11.4,2.6875,5.694915254237288,0,4,4,4,12,Champions
14484,0,152,2,512.78,11.75,23,256.39,11.5,3.652173913043478,32.67289719626168,0,1,2,3,6,Potential
18097,0,24,2,500.84000000000003,14.095238095238095,21,250.42000000000002,10.5,10.65,2.060085836909871,0,4,2,3,9,Loyal
13520,0,122,3,1256.98,15.176470588235293,41,418.99333333333334,13.666666666666666,2.28,37.19512195121951,0,2,3,4,9,Loyal
15862,0,19,8,1165.8,2.4810996563573884,246,145.725,30.75,0.7482758620689656,10.867850098619328,0,4,4,4,12,Champions
17612,0,16,7,1537.77,7.7368421052631575,66,219.68142857142857,9.428571428571429,2.3297872340425534,4.805111821086261,0,4,4,4,12,Champions
14422,0,21,9,2816.2000000000003,9.908536585365853,116,312.91111111111115,12.88888888888889,1.3006134969325154,9.128,0,4,4,4,12,Champions
18006,0,132,2,152.66,2.588235294117647,16,76.33,8.0,6.5625,17.454545454545453,0,1,2,1,4,At Risk
14095,1,237,1,2.95,1.0,1,2.95,1.0,999.0,0.237,1,1,1,1,3,Lost
16908,1,237,1,252.59,3.05,20,252.59,20.0,0.0,237.0,1,1,1,2,4,At Risk
13427,0,54,2,237.68,13.066666666666666,14,118.84,7.0,13.0,3.857142857142857,0,3,2,2,7,Potential
17103,1,237,1,410.38,13.64516129032258,31,410.38,31.0,0.0,237.0,1,1,1,3,5,At Risk
13203,0,48,3,545.1,11.414634146341463,38,181.70000000000002,12.666666666666666,4.7,8.421052631578947,0,3,3,3,9,Loyal
16439,1,237,1,270.90000000000003,8.75,8,270.90000000000003,8.0,0.0,237.0,1,1,1,2,4,At Risk
15270,0,133,8,2137.92,17.03448275862069,13,267.24,1.625,3.642857142857143,28.64615384615385,0,1,4,4,9,Loyal
16150,0,22,4,1137.95,9.214285714285714,59,284.4875,14.75,3.0869565217391304,5.382978723404255,0,4,4,4,12,Champions
16661,1,55,4,581.96,4.206896551724138,47,145.49,11.75,3.175438596491228,13.172268907563026,0,3,4,3,10,Champions
17400,1,96,3,2164.86,3.676348547717842,190,721.62,63.333333333333336,0.5875,60.472440944881896,0,2,3,4,9,Loyal
17526,0,63,4,542.03,8.12,20,135.5075,5.0,7.208333333333333,7.6751269035533,0,3,4,3,10,Champions
13039,1,99,4,634.03,6.756756756756757,27,158.5075,6.75,3.7777777777777777,20.72093023255814,0,2,4,3,9,Loyal
15428,0,152,2,340.32,6.631578947368421,19,170.16,9.5,4.666666666666667,26.823529411764703,0,1,2,2,5,At Risk
16720,0,237,1,126.62,1.8604651162790697,42,126.62,42.0,0.0,237.0,1,1,1,1,3,Lost
15879,0,84,2,369.62,2.6847826086956523,90,184.81,45.0,1.6703296703296704,31.456790123456788,0,2,2,2,6,Potential
12708,0,42,6,1369.66,8.571428571428571,57,228.27666666666667,9.5,2.3132530120481927,12.676363636363638,0,3,4,4,11,Champions
12826,0,23,2,590.86,10.96551724137931,29,295.43,14.5,7.607142857142857,2.672199170124481,0,4,2,3,9,Loyal
16772,0,215,2,354.6,4.615384615384615,7,177.3,3.5,1.75,78.18181818181819,0,1,2,2,5,At Risk
17927,1,236,1,294.0,10.8,10,294.0,10.0,0.0,236.0,1,1,1,2,4,At Risk
14083,0,236,1,24.42,2.3333333333333335,6,24.42,6.0,0.0,236.0,1,1,1,1,3,Lost
14555,0,42,3,994.45,7.716981132075472,46,331.48333333333335,15.333333333333334,3.7115384615384617,8.914285714285715,0,3,3,4,10,Champions
16296,1,141,4,1165.3700000000001,9.388059701492537,53,291.34250000000003,13.25,1.4242424242424243,58.1625,0,1,4,4,9,Loyal
18036,0,23,5,492.59000000000003,1.7272727272727273,108,98.518,21.6,1.4929577464788732,9.225988700564972,0,4,4,3,11,Champions
13921,0,55,2,277.95,5.588235294117647,14,138.975,7.0,11.25,4.489795918367347,0,3,2,2,7,Potential
18037,0,140,6,39.7,1.25,8,6.616666666666667,1.3333333333333333,13.428571428571429,9.702970297029703,0,1,4,1,6,Potential
12455,0,92,3,1607.05,7.173469387755102,92,535.6833333333333,30.666666666666668,1.4742268041237114,37.18333333333333,0,2,3,4,9,Loyal
13995,0,22,6,1241.82,9.89041095890411,54,206.97,9.0,2.9305555555555554,5.597173144876326,0,4,4,4,12,Champions
12422,0,40,5,898.3199999999999,9.803571428571429,53,179.664,10.6,3.5090909090909093,8.870967741935482,0,3,4,3,10,Champions
16600,0,236,1,221.45000000000002,9.785714285714286,14,221.45000000000002,14.0,0.0,236.0,1,1,1,2,4,At Risk
17028,1,96,3,1358.82,9.2125,73,452.94,24.333333333333332,1.759493670886076,34.788990825688074,0,2,3,4,9,Loyal
16222,1,236,1,448.55000000000007,6.65,20,448.55000000000007,20.0,0.0,236.0,1,1,1,3,5,At Risk
15497,0,92,5,2798.86,19.08695652173913,31,559.772,6.2,3.1333333333333333,22.258064516129036,0,2,4,4,10,Champions
14949,0,163,3,287.40000000000003,10.266666666666667,10,95.80000000000001,3.3333333333333335,5.071428571428571,26.847058823529412,0,1,3,2,6,Potential
17324,0,23,6,498.71,6.888888888888889,41,83.11833333333333,6.833333333333333,3.981132075471698,4.617424242424242,0,4,4,3,11,Champions
15409,1,236,1,115.95,7.125,8,115.95,8.0,0.0,236.0,1,1,1,1,3,Lost
13327,0,35,7,3138.64,11.062068965517241,100,448.3771428571428,14.285714285714286,1.3680555555555556,14.780058651026394,0,3,4,4,11,Champions
13781,1,107,2,622.34,7.026315789473684,37,311.17,18.5,3.4594594594594597,23.993939393939392,0,2,2,3,7,Potential
16592,0,42,7,1961.61,11.535087719298245,76,280.22999999999996,10.857142857142858,1.6902654867256637,15.61184210526316,0,3,4,4,11,Champions
18252,1,63,5,750.05,10.633333333333333,26,150.01,5.2,5.896551724137931,9.135,0,3,4,3,10,Champions
14105,0,125,2,1784.67,10.985507246376812,65,892.335,32.5,1.6176470588235294,47.752808988764045,0,2,2,4,8,Loyal
13847,1,234,1,221.92000000000002,6.285714285714286,14,221.92000000000002,14.0,0.0,234.0,1,1,1,2,4,At Risk
15518,0,34,6,1457.91,5.673913043478261,136,242.985,22.666666666666668,1.0874316939890711,16.287958115183244,0,3,4,4,11,Champions
17624,0,234,1,256.63,6.7894736842105265,19,256.63,19.0,0.0,234.0,1,1,1,2,4,At Risk
13871,0,64,3,935.6,9.145833333333334,40,311.8666666666667,13.333333333333334,3.595744680851064,13.925925925925924,0,3,3,3,9,Loyal
12609,0,13,4,1177.06,9.283333333333333,43,294.265,10.75,3.711864406779661,2.758992805755396,0,4,4,4,12,Champions
16593,0,234,1,10.08,24.0,1,10.08,1.0,999.0,0.234,1,1,1,1,3,Lost
14404,0,10,7,798.73,6.6521739130434785,57,114.10428571428572,8.142857142857142,3.264705882352941,2.344827586206897,0,4,4,3,11,Champions
13111,1,233,1,311.8,12.0,11,311.8,11.0,0.0,233.0,1,1,1,2,4,At Risk
16282,1,2,2,446.46000000000004,14.166666666666666,11,223.23000000000002,5.5,20.90909090909091,0.0912863070539419,0,4,2,3,9,Loyal
13510,0,50,4,1549.21,8.762886597938145,78,387.3025,19.5,1.8854166666666667,17.328519855595665,0,3,4,4,11,Champions
14119,0,233,1,30.0,12.0,2,30.0,2.0,0.0,233.0,1,1,1,1,3,Lost
17182,0,233,1,178.5,15.0,2,178.5,2.0,0.0,233.0,1,1,1,1,3,Lost
14819,1,9,2,111.69,1.5277777777777777,35,55.845,17.5,6.4,1.2162162162162162,0,4,2,1,7,Potential
14480,0,233,1,279.95,9.933333333333334,15,279.95,15.0,0.0,233.0,1,1,1,2,4,At Risk
17888,0,1,10,715.67,5.044776119402985,63,71.567,6.3,3.4393939393939394,0.22525597269624573,0,4,4,3,11,Champions
18251,1,232,1,90.0,24.0,1,90.0,1.0,999.0,0.232,1,1,1,1,3,Lost
12440,0,232,1,452.71,13.833333333333334,18,452.71,18.0,0.0,232.0,1,1,1,3,5,At Risk
18190,1,118,3,434.16,12.076923076923077,23,144.72,7.666666666666667,4.52,21.3768115942029,0,2,3,3,8,Loyal
14063,1,201,2,152.9,13.5,4,76.45,2.0,10.0,18.272727272727273,0,1,2,1,4,At Risk
13082,0,36,6,727.62,13.80952380952381,18,121.27,3.0,9.6,3.3962264150943398,0,3,4,3,10,Champions
15064,0,7,3,663.85,10.272727272727273,42,221.28333333333333,14.0,5.209302325581396,1.1273408239700373,0,4,3,3,10,Champions
14151,1,188,2,615.0,9.95,40,307.5,20.0,1.1025641025641026,89.41463414634146,0,1,2,3,6,Potential
12539,0,231,2,3479.06,10.666666666666666,89,1739.53,44.5,0.0,231.0,0,1,2,4,7,Potential
13287,1,118,3,653.29,8.422222222222222,40,217.76333333333332,13.333333333333334,2.2954545454545454,35.80689655172414,0,2,3,3,8,Loyal
13821,0,208,3,600.65,2.2906976744186047,80,200.21666666666667,26.666666666666668,0.10588235294117647,188.08510638297872,0,1,3,3,7,Potential
16792,0,103,2,324.54,2.787878787878788,64,162.27,32.0,1.7846153846153847,36.988950276243095,0,2,2,2,6,Potential
17807,0,94,2,243.12,2.359375,64,121.56,32.0,1.9841269841269842,31.5,0,2,2,2,6,Potential
14839,0,94,2,546.6800000000001,9.68,48,273.34000000000003,24.0,2.5306122448979593,26.6242774566474,0,2,2,3,7,Potential
17950,0,30,3,294.44,2.9838709677419355,57,98.14666666666666,19.0,3.081967213114754,7.349397590361446,0,3,3,2,8,Loyal
16875,0,13,4,1394.43,8.848837209302326,65,348.6075,16.25,2.4,3.823529411764706,0,4,4,4,12,Champions
13901,0,35,7,1533.23,10.24742268041237,92,219.03285714285715,13.142857142857142,1.90625,12.043010752688172,0,3,4,4,11,Champions
14198,0,56,3,353.05,5.434782608695652,18,117.68333333333334,6.0,7.363636363636363,6.695652173913044,0,3,3,2,8,Loyal
15521,0,17,5,1600.94,11.086538461538462,66,320.188,13.2,1.9320388349514563,5.798013245033112,0,4,4,4,12,Champions
18171,0,36,3,405.05,11.333333333333334,21,135.01666666666668,7.0,9.1,3.5643564356435644,0,3,3,3,9,Loyal
16017,0,146,3,796.65,5.816666666666666,54,265.55,18.0,1.2033898305084745,66.26153846153846,0,1,3,3,7,Potential
13253,0,218,1,537.15,19.583333333333332,12,537.15,12.0,0.0,218.0,1,1,1,3,5,At Risk
13338,1,56,3,1358.45,9.470588235294118,78,452.81666666666666,26.0,1.9047619047619047,19.278688524590166,0,3,3,4,10,Champions
14969,1,218,1,269.95,19.0,3,269.95,3.0,0.0,218.0,1,1,1,2,4,At Risk
15865,0,218,1,608.99,7.8076923076923075,52,608.99,52.0,0.0,218.0,1,1,1,3,5,At Risk
13610,0,28,5,561.25,2.3070866141732282,111,112.25,22.2,1.492063492063492,11.235668789808917,0,3,4,3,10,Champions
13965,0,184,2,439.8,14.333333333333334,18,219.9,9.0,2.0,61.333333333333336,0,1,2,3,6,Potential
14954,1,218,1,122.63,1.5405405405405406,37,122.63,37.0,0.0,218.0,1,1,1,1,3,Lost
14210,0,40,6,2261.21,7.992248062015504,82,376.86833333333334,13.666666666666666,1.3671875,16.897689768976896,0,3,4,4,11,Champions
17362,0,125,4,440.92,3.164383561643836,56,110.23,14.0,1.2638888888888888,55.21472392638037,0,2,4,3,9,Loyal
14194,0,9,10,3895.64,10.392523364485982,165,389.56399999999996,16.5,0.9671361502347418,4.575178997613365,0,4,4,4,12,Champions
17753,0,217,1,22.5,9.0,2,22.5,2.0,0.0,217.0,1,1,1,1,3,Lost
18094,0,94,4,1361.6200000000001,15.764705882352942,24,340.40500000000003,6.0,3.6666666666666665,20.142857142857146,0,2,4,4,10,Champions
17404,0,23,4,507.19,10.384615384615385,12,126.7975,3.0,16.0,1.3529411764705883,0,4,4,3,11,Champions
14541,0,110,4,594.83,6.490566037735849,44,148.7075,11.0,2.019230769230769,36.433121019108285,0,2,4,3,9,Loyal
15266,0,201,2,119.25,3.375,8,59.625,4.0,2.142857142857143,63.95454545454545,0,1,2,1,4,At Risk
16641,1,216,1,323.4,8.25,24,323.4,24.0,0.0,216.0,1,1,1,2,4,At Risk
16862,1,62,4,527.25,11.366666666666667,29,131.8125,7.25,5.241379310344827,9.933701657458563,0,3,4,3,10,Champions
16888,0,191,2,219.21,3.5185185185185186,22,109.605,11.0,0.9615384615384616,97.37254901960783,0,1,2,2,5,At Risk
15874,0,85,8,2034.64,9.929292929292929,85,254.33,10.625,1.3061224489795917,36.85840707964602,0,2,4,4,10,Champions
15100,0,216,1,137.70000000000002,9.0,6,137.70000000000002,6.0,0.0,216.0,1,1,1,1,3,Lost
15324,1,216,1,140.22000000000003,9.25,8,140.22000000000003,8.0,0.0,216.0,1,1,1,1,3,Lost
14465,0,20,7,1668.15,16.215686274509803,28,238.30714285714288,4.0,3.84,4.132231404958678,0,4,4,4,12,Champions
15152,1,216,1,518.14,10.0,29,518.14,29.0,0.0,216.0,1,1,1,3,5,At Risk
12678,0,36,3,615.75,13.761904761904763,18,205.25,6.0,8.9,3.6363636363636362,0,3,3,3,9,Loyal
16057,1,34,3,1407.38,9.298850574712644,84,469.1266666666667,28.0,2.104651162790698,10.95131086142322,0,3,3,4,10,Champions
12648,0,155,2,221.2,7.733333333333333,14,110.6,7.0,4.285714285714286,29.324324324324326,0,1,2,2,5,At Risk
15586,1,107,3,717.9,15.777777777777779,24,239.29999999999998,8.0,4.153846153846154,20.761194029850746,0,2,3,3,8,Loyal
13360,0,209,2,672.15,13.5,21,336.075,10.5,0.2857142857142857,162.55555555555557,0,1,2,3,6,Potential
15827,0,27,11,734.5,11.807692307692308,34,66.77272727272727,3.090909090909091,3.607843137254902,5.859574468085107,0,3,4,3,10,Champions
13854,0,56,8,1095.21,13.35483870967742,24,136.90125,3.0,5.2,9.032258064516128,0,3,4,4,11,Champions
16103,0,5,11,1817.33,11.628205128205128,56,165.2118181818182,5.090909090909091,2.675324675324675,1.3604240282685514,0,4,4,4,12,Champions
15607,1,58,8,1283.16,12.392857142857142,74,160.395,9.25,1.855421686746988,20.31223628691983,0,3,4,4,11,Champions
16027,1,96,3,209.4,15.0,4,69.8,1.3333333333333333,23.4,3.934426229508197,0,2,3,2,7,Potential
14327,0,145,3,888.46,11.48076923076923,50,296.15333333333336,16.666666666666668,1.3529411764705883,61.625,0,1,3,3,7,Potential
18170,0,54,4,914.09,8.18421052631579,28,228.5225,7.0,4.27027027027027,10.246153846153847,0,3,4,3,10,Champions
14016,0,35,5,3423.0,10.373493975903614,145,684.6,29.0,1.0787878787878789,16.83673469387755,0,3,4,4,11,Champions
13044,1,7,10,3031.06,4.837349397590361,286,303.106,28.6,0.6132930513595166,4.338951310861423,0,4,4,4,12,Champions
14573,0,59,3,323.36,1.5522388059701493,63,107.78666666666668,21.0,2.3484848484848486,17.61990950226244,0,3,3,2,8,Loyal
13259,0,87,6,574.61,1.587837837837838,128,95.76833333333333,21.333333333333332,0.8435374149659864,47.191881918819185,0,2,4,3,9,Loyal
16109,1,213,1,115.19999999999999,24.0,7,115.19999999999999,7.0,0.0,213.0,1,1,1,1,3,Lost
16787,0,136,2,529.86,3.5584415584415585,71,264.93,35.5,1.013157894736842,67.55555555555556,0,1,2,3,6,Potential
14849,0,5,12,4282.28,13.948837209302326,115,356.8566666666666,9.583333333333334,0.9579439252336449,2.5536992840095465,0,4,4,4,12,Champions
14532,0,45,5,1927.45,3.288659793814433,156,385.49,31.2,0.8652849740932642,24.125,0,3,4,4,11,Champions
17323,0,97,3,399.22,5.232558139534884,69,133.07333333333335,23.0,1.3529411764705883,41.225,0,2,3,2,7,Potential
13410,0,213,1,20.4,24.0,1,20.4,1.0,999.0,0.213,1,1,1,1,3,Lost
14160,1,125,6,2121.67,14.803571428571429,45,353.6116666666667,7.5,1.5818181818181818,48.41549295774647,0,2,4,4,10,Champions
13762,1,164,2,231.60000000000002,17.142857142857142,7,115.80000000000001,3.5,8.0,18.22222222222222,0,1,2,2,5,At Risk
18231,0,16,20,2693.81,5.619791666666667,123,134.6905,6.15,0.9738219895287958,8.106100795755967,0,4,4,4,12,Champions
12951,0,14,6,999.0500000000001,7.88135593220339,42,166.50833333333335,7.0,3.413793103448276,3.171875,0,4,4,4,12,Champions
13634,0,52,6,1757.26,5.374100719424461,83,292.87666666666667,13.833333333333334,1.1376811594202898,24.325423728813558,0,3,4,4,11,Champions
17222,0,104,4,611.86,6.48,40,152.965,10.0,2.204081632653061,32.45859872611465,0,2,4,3,9,Loyal
18242,0,76,3,907.14,14.541666666666666,40,302.38,13.333333333333334,2.872340425531915,19.626373626373628,0,2,3,3,8,Loyal
17147,0,68,4,470.51,7.148148148148148,23,117.6275,5.75,5.5,10.461538461538462,0,2,4,3,9,Loyal
17113,1,89,6,1816.69,6.110294117647059,106,302.7816666666667,17.666666666666668,0.8962962962962963,46.93359375,0,2,4,4,10,Champions
13709,0,62,3,713.9300000000001,7.27906976744186,37,237.9766666666667,12.333333333333334,3.5476190476190474,13.633507853403142,0,3,3,3,9,Loyal
17139,0,3,9,4062.58,11.845070422535212,103,451.3977777777778,11.444444444444445,1.4680851063829787,1.2155172413793103,0,4,4,4,12,Champions
18115,1,212,1,9.700000000000001,1.0,3,9.700000000000001,3.0,0.0,212.0,1,1,1,1,3,Lost
17529,1,125,2,1025.95,10.845070422535212,67,512.975,33.5,1.2428571428571429,55.73248407643312,0,2,2,4,8,Loyal
12549,1,90,5,944.72,15.55,33,188.94400000000002,6.6,3.076923076923077,22.07547169811321,0,2,4,4,10,Champions
17740,0,156,2,110.70000000000002,9.6,5,55.35000000000001,2.5,13.75,10.576271186440678,0,1,2,1,4,At Risk
15549,0,58,4,358.0,5.0,26,89.5,6.5,5.884615384615385,8.424581005586592,0,3,4,2,9,Loyal
14984,1,66,3,266.7,9.25,8,88.89999999999999,2.6666666666666665,20.714285714285715,3.039473684210526,0,2,3,2,7,Potential
12406,0,111,2,860.08,13.481481481481481,26,430.04,13.0,3.8846153846153846,22.724409448818896,0,2,2,3,7,Potential
12980,0,44,3,446.4,19.2,3,148.79999999999998,1.0,41.75,1.0292397660818713,0,3,3,3,9,Loyal
17023,0,1,2,591.8100000000001,12.371428571428572,35,295.90500000000003,17.5,6.176470588235294,0.13934426229508196,0,4,2,3,9,Loyal
13433,1,16,4,435.42,7.636363636363637,20,108.855,5.0,9.238095238095237,1.5627906976744188,0,4,4,3,11,Champions
15186,0,91,2,448.36,11.2,13,224.18,6.5,8.571428571428571,9.507462686567164,0,2,2,3,7,Potential
16841,0,47,4,1250.71,11.106060606060606,59,312.6775,14.75,2.5076923076923077,13.399122807017545,0,3,4,4,11,Champions
17945,1,211,3,279.1,3.485294117647059,64,93.03333333333335,21.333333333333332,0.0,211.0,0,1,3,2,6,Potential
15002,0,22,5,2220.77,5.933333333333334,141,444.154,28.2,0.8995215311004785,11.581863979848867,0,4,4,4,12,Champions
12623,0,59,4,2170.97,11.127450980392156,81,542.7425,20.25,1.495049504950495,23.646825396825395,0,3,4,4,11,Champions
13622,1,211,1,536.36,11.185185185185185,27,536.36,27.0,0.0,211.0,1,1,1,3,5,At Risk
14225,0,7,3,1184.65,9.88135593220339,48,394.8833333333334,16.0,3.5,1.5555555555555556,0,4,3,4,11,Champions
17352,1,211,1,36.25,3.0,5,36.25,5.0,0.0,211.0,1,1,1,1,3,Lost
12649,0,98,2,608.7,10.914285714285715,34,304.35,17.0,3.2941176470588234,22.82191780821918,0,2,2,3,7,Potential
14137,1,210,1,120.6,21.6,5,120.6,5.0,0.0,210.0,1,1,1,1,3,Lost
14154,0,41,2,1442.8799999999999,11.51063829787234,90,721.4399999999999,45.0,1.8172043010752688,14.553435114503817,0,3,2,4,9,Loyal
14826,1,96,2,283.2,15.555555555555555,9,141.6,4.5,14.125,6.347107438016529,0,2,2,2,6,Potential
16585,1,108,2,341.59,8.38888888888889,16,170.795,8.0,5.9411764705882355,15.559322033898304,0,2,2,2,6,Potential
15513,0,34,10,4361.17,11.984375,88,436.117,8.8,1.3622047244094488,14.393333333333333,0,3,4,4,11,Champions
12647,0,19,15,4927.51,10.649122807017545,151,328.5006666666667,10.066666666666666,0.8061674008810573,10.519512195121951,0,4,4,4,12,Champions
17962,1,64,3,519.94,2.5310344827586206,122,173.31333333333336,40.666666666666664,1.0138888888888888,31.779310344827586,0,3,3,3,9,Loyal
17757,0,8,13,1042.8,2.6875,123,80.21538461538461,9.461538461538462,1.031413612565445,3.938144329896907,0,4,4,4,12,Champions
14146,0,148,4,1203.43,10.546666666666667,65,300.8575,16.25,0.8243243243243243,81.12592592592593,0,1,4,4,9,Loyal
13929,0,5,5,795.45,15.413793103448276,28,159.09,5.6,7.25,0.6060606060606061,0,4,4,3,11,Champions
16304,1,209,1,357.79,7.782608695652174,23,357.79,23.0,0.0,209.0,1,1,1,2,4,At Risk
13152,0,44,5,1372.95,8.021739130434783,80,274.59000000000003,16.0,1.8021978021978022,15.701960784313727,0,3,4,4,11,Champions
18041,0,44,9,1407.08,4.658986175115207,172,156.3422222222222,19.11111111111111,0.7453703703703703,25.20954907161804,0,3,4,4,11,Champions
13787,0,69,3,431.14,11.875,29,143.71333333333334,9.666666666666666,4.516129032258065,12.50877192982456,0,2,3,3,8,Loyal
16414,0,108,2,202.72,9.6,9,101.36,4.5,11.222222222222221,8.836363636363638,0,2,2,2,6,Potential
14256,1,6,3,1209.48,10.26086956521739,61,403.16,20.333333333333332,2.9705882352941178,1.511111111111111,0,4,3,4,11,Champions
16660,0,209,1,141.6,16.0,1,141.6,1.0,0.0,209.0,1,1,1,1,3,Lost
18134,1,113,2,341.85,5.086956521739131,22,170.925,11.0,4.363636363636363,21.06779661016949,0,2,2,2,6,Potential
16013,0,209,1,419.65,12.3125,16,419.65,16.0,0.0,209.0,1,1,1,3,5,At Risk
12931,1,64,6,514.68,20.5,7,85.77999999999999,1.1666666666666667,20.428571428571427,2.986666666666667,0,3,4,3,10,Champions
12644,0,185,2,785.33,8.595238095238095,41,392.665,20.5,0.5853658536585366,116.6923076923077,0,1,2,3,6,Potential
17496,1,78,3,960.49,10.263157894736842,45,320.16333333333336,15.0,2.3214285714285716,23.483870967741932,0,2,3,4,9,Loyal
15605,0,103,4,503.77,6.419354838709677,29,125.9425,7.25,3.466666666666667,23.059701492537314,0,2,4,3,9,Loyal
13233,0,209,1,234.25,9.5,14,234.25,14.0,0.0,209.0,1,1,1,2,4,At Risk
15046,0,3,9,1337.65,4.175324675324675,111,148.6277777777778,12.333333333333334,1.326797385620915,1.2893258426966294,0,4,4,4,12,Champions
13562,0,43,4,1954.55,7.756410256410256,51,488.6375,12.75,2.1298701298701297,13.738589211618258,0,3,4,4,11,Champions
12431,0,23,7,2453.87,9.181818181818182,103,350.55285714285714,14.714285714285714,1.5333333333333334,9.078947368421053,0,4,4,4,12,Champions
15359,1,177,8,181.35,9.0625,10,22.66875,1.25,1.9333333333333333,60.340909090909086,0,1,4,1,6,Potential
18106,0,164,3,522.4300000000001,2.2413793103448274,73,174.14333333333335,24.333333333333332,0.5116279069767442,108.49230769230769,0,1,3,3,7,Potential
17681,1,143,3,295.4,14.5,8,98.46666666666665,2.6666666666666665,9.142857142857142,14.098591549295776,0,1,3,2,6,Potential
12755,0,19,6,546.9100000000001,5.476190476190476,31,91.15166666666669,5.166666666666667,4.536585365853658,3.431718061674009,0,4,4,3,11,Champions
12789,1,27,2,148.5,15.0,1,74.25,0.5,181.0,0.14835164835164835,0,3,2,1,6,Potential
15771,1,119,3,625.45,10.708333333333334,23,208.48333333333335,7.666666666666667,3.869565217391304,24.4375,0,2,3,3,8,Loyal
16452,1,145,2,332.17,11.055555555555555,14,166.085,7.0,3.7058823529411766,30.8125,0,1,2,2,5,At Risk
14324,0,208,1,282.31,8.833333333333334,18,282.31,18.0,0.0,208.0,1,1,1,2,4,At Risk
17871,0,93,2,295.73,7.181818181818182,19,147.865,9.5,5.476190476190476,14.360294117647058,0,2,2,2,6,Potential
12631,0,59,4,1873.05,9.086538461538462,82,468.2625,20.5,1.4368932038834952,24.211155378486055,0,3,4,4,11,Champions
17227,0,41,4,216.2,5.1891891891891895,21,54.05,5.25,4.611111111111111,7.306930693069307,0,3,4,2,9,Loyal
12860,1,208,1,32.97,1.7142857142857142,14,32.97,14.0,0.0,208.0,1,1,1,1,3,Lost
17454,0,8,5,745.61,8.770833333333334,39,149.122,7.8,4.212765957446808,1.5346938775510206,0,4,4,3,11,Champions
15224,1,27,3,433.48,12.842105263157896,17,144.49333333333334,5.666666666666667,9.944444444444445,2.467005076142132,0,3,3,3,9,Loyal
12813,1,16,3,915.8,16.852941176470587,32,305.26666666666665,10.666666666666666,5.757575757575758,2.3677130044843047,0,4,3,3,10,Champions
15489,0,44,3,608.6700000000001,11.161290322580646,29,202.89000000000001,9.666666666666666,5.433333333333334,6.839378238341968,0,3,3,3,9,Loyal
14451,0,13,7,1414.27,2.9655172413793105,137,202.03857142857143,19.571428571428573,0.7346153846153847,7.494456762749445,0,4,4,4,12,Champions
14421,1,27,4,1195.69,13.033333333333333,51,298.9225,12.75,3.0,6.75,0,3,4,4,11,Champions
17801,0,64,2,478.65,8.196428571428571,48,239.325,24.0,2.581818181818182,17.868020304568528,0,3,2,3,8,Loyal
15413,1,206,1,16.5,10.0,1,16.5,1.0,999.0,0.206,1,1,1,1,3,Lost
16595,0,121,2,640.69,2.5885416666666665,172,320.345,86.0,0.44502617801047123,83.73550724637681,0,2,2,3,7,Potential
13907,1,206,1,136.8,17.0,4,136.8,4.0,0.0,206.0,1,1,1,1,3,Lost
16510,0,13,4,924.78,10.4,54,231.195,13.5,3.23728813559322,3.0680000000000005,0,4,4,3,11,Champions
14420,0,27,2,641.73,11.916666666666666,35,320.865,17.5,5.114285714285714,4.41588785046729,0,3,2,3,8,Loyal
16524,0,206,1,90.35000000000001,8.615384615384615,13,90.35000000000001,13.0,0.0,206.0,1,1,1,1,3,Lost
16166,0,206,1,175.19,8.1,10,175.19,10.0,0.0,206.0,1,1,1,1,3,Lost
16434,0,132,3,355.75,5.821428571428571,22,118.58333333333333,7.333333333333333,2.6666666666666665,36.0,0,1,3,2,6,Potential
13869,0,10,4,2684.94,5.127218934911243,238,671.235,59.5,0.5756676557863502,6.346516007532956,0,4,4,4,12,Champions
13616,1,83,2,222.45,5.387096774193548,27,111.225,13.5,4.066666666666666,16.38157894736842,0,2,2,2,6,Potential
17591,0,206,1,71.25,1.5625,16,71.25,16.0,0.0,206.0,1,1,1,1,3,Lost
14892,1,205,1,182.45000000000002,6.416666666666667,12,182.45000000000002,12.0,0.0,205.0,1,1,1,1,3,Lost
12877,0,20,4,663.15,9.94,37,165.7875,9.25,3.7755102040816326,4.188034188034188,0,4,4,3,11,Champions
14441,0,23,4,973.12,8.36,41,243.28,10.25,3.693877551020408,4.8999999999999995,0,4,4,4,12,Champions
14754,0,42,3,434.53000000000003,3.783333333333333,53,144.84333333333333,17.666666666666668,2.7457627118644066,11.21266968325792,0,3,3,3,9,Loyal
15747,0,10,4,729.47,6.333333333333333,59,182.3675,14.75,2.7183098591549295,2.6893939393939394,0,4,4,3,11,Champions
15795,0,101,6,969.38,8.942028985507246,61,161.56333333333333,10.166666666666666,1.5147058823529411,40.16374269005848,0,2,4,4,10,Champions
18057,0,119,2,571.17,3.8514851485148514,95,285.585,47.5,0.86,63.97849462365592,0,2,2,3,7,Potential
14461,0,14,6,1900.6100000000001,3.9217391304347826,201,316.7683333333334,33.5,0.8296943231441049,7.651551312649165,0,4,4,4,12,Champions
14442,0,84,2,557.7,9.615384615384615,23,278.85,11.5,4.84,14.383561643835616,0,2,2,3,7,Potential
17966,1,106,4,364.37,11.074074074074074,26,91.0925,6.5,3.769230769230769,22.225806451612904,0,2,4,2,8,Loyal
15164,0,31,4,680.28,2.048780487804878,140,170.07,35.0,1.0552147239263803,15.083582089552237,0,3,4,3,10,Champions
17048,0,121,2,358.63,6.321428571428571,28,179.315,14.0,3.111111111111111,29.432432432432435,0,2,2,2,6,Potential
17773,1,29,2,517.17,4.94,43,258.585,21.5,3.5714285714285716,6.34375,0,3,2,3,8,Loyal
16954,0,12,8,1939.56,14.699029126213592,59,242.445,7.375,1.8627450980392157,4.191780821917808,0,4,4,4,12,Champions
15375,1,205,1,47.04,7.2,5,47.04,5.0,0.0,205.0,1,1,1,1,3,Lost
14343,0,24,3,796.98,2.7055555555555557,153,265.66,51.0,1.005586592178771,11.96657381615599,0,4,3,3,10,Champions
15697,1,204,1,219.9,10.333333333333334,12,219.9,12.0,0.0,204.0,1,1,1,2,4,At Risk
16867,1,204,1,76.74000000000001,9.666666666666666,6,76.74000000000001,6.0,0.0,204.0,1,1,1,1,3,Lost
16287,0,156,2,148.8,11.142857142857142,7,74.4,3.5,8.0,17.333333333333332,0,1,2,1,4,At Risk
15198,0,132,2,132.01,9.461538461538462,12,66.005,6.0,6.0,18.857142857142858,0,1,2,1,4,At Risk
13877,0,204,1,105.6,9.333333333333334,6,105.6,6.0,0.0,204.0,1,1,1,1,3,Lost
12470,1,204,1,183.25,4.428571428571429,21,183.25,21.0,0.0,204.0,1,1,1,1,3,Lost
17769,0,80,4,1191.61,3.9310344827586206,116,297.9025,29.0,0.8472222222222222,43.30827067669173,0,2,4,4,10,Champions
17706,0,35,5,1962.64,12.102272727272727,86,392.528,17.2,1.9310344827586208,11.941176470588234,0,3,4,4,11,Champions
14715,1,35,3,443.82,5.089285714285714,48,147.94,16.0,3.0545454545454547,8.632286995515695,0,3,3,3,9,Loyal
12589,0,204,1,593.0500000000001,7.815789473684211,38,593.0500000000001,38.0,0.0,204.0,1,1,1,3,5,At Risk
16087,0,204,1,81.36,24.0,1,81.36,1.0,999.0,0.204,1,1,1,1,3,Lost
14472,1,204,1,211.5,3.275,37,211.5,37.0,0.0,204.0,1,1,1,2,4,At Risk
13555,0,57,5,1151.53,5.3090909090909095,89,230.30599999999998,17.8,1.3394495412844036,24.36470588235294,0,3,4,4,11,Champions
12733,0,12,2,1122.77,5.827160493827161,67,561.385,33.5,2.4,3.5294117647058822,0,4,2,4,10,Champions
14413,0,204,1,122.7,15.333333333333334,9,122.7,9.0,0.0,204.0,1,1,1,1,3,Lost
13315,1,204,1,299.82000000000005,9.333333333333334,21,299.82000000000005,21.0,0.0,204.0,1,1,1,2,4,At Risk
17245,1,204,1,121.34,6.333333333333333,11,121.34,11.0,0.0,204.0,1,1,1,1,3,Lost
17963,0,19,3,311.96,3.15625,58,103.98666666666666,19.333333333333332,2.9047619047619047,4.865853658536586,0,4,3,2,9,Loyal
14983,1,204,1,170.45000000000002,3.0689655172413794,29,170.45000000000002,29.0,0.0,204.0,1,1,1,1,3,Lost
13397,0,92,4,674.6,10.72,23,168.65,5.75,4.625,16.355555555555554,0,2,4,3,9,Loyal
12987,0,125,2,317.23,11.666666666666666,18,158.615,9.0,4.588235294117647,22.36842105263158,0,2,2,2,6,Potential
16727,0,136,2,648.94,7.345679012345679,76,324.47,38.0,0.8375,74.01360544217687,0,1,2,3,6,Potential
14556,1,111,3,728.49,1.6666666666666667,153,242.83,51.0,0.48404255319148937,74.79569892473118,0,2,3,3,8,Loyal
14388,0,13,5,1810.0,11.94915254237288,68,362.0,13.6,1.6153846153846154,4.970588235294118,0,4,4,4,12,Champions
17220,0,154,4,612.74,4.154639175257732,84,153.185,21.0,0.5104166666666666,101.95862068965518,0,1,4,3,8,Loyal
17356,1,69,4,609.49,7.546875,59,152.3725,14.75,2.0952380952380953,22.29230769230769,0,2,4,3,9,Loyal
17794,1,201,2,147.3,6.571428571428571,7,73.65,3.5,0.16666666666666666,172.28571428571428,0,1,2,1,4,At Risk
15191,0,203,2,289.45,8.61111111111111,18,144.725,9.0,0.0,203.0,0,1,2,2,5,At Risk
14649,0,77,3,754.66,2.5755813953488373,146,251.5533333333333,48.666666666666664,0.7368421052631579,44.33333333333333,0,2,3,3,8,Loyal
14595,0,203,1,202.35,5.7,20,202.35,20.0,0.0,203.0,1,1,1,2,4,At Risk
16085,0,14,4,694.42,2.8421052631578947,115,173.605,28.75,1.4242424242424243,5.7749999999999995,0,4,4,3,11,Champions
13982,0,14,5,1350.18,10.470588235294118,71,270.036,14.2,1.8415841584158417,4.926829268292683,0,4,4,4,12,Champions
17875,1,203,1,167.1,3.769230769230769,25,167.1,25.0,0.0,203.0,1,1,1,1,3,Lost
16634,0,135,2,483.15,8.633333333333333,29,241.575,14.5,2.310344827586207,40.78125,0,1,2,3,6,Potential
14207,1,202,1,157.8,18.0,2,157.8,2.0,0.0,202.0,1,1,1,1,3,Lost
15095,0,7,4,821.5,10.653061224489797,44,205.375,11.0,4.020833333333333,1.3941908713692948,0,4,4,3,11,Champions
12986,0,26,6,1146.3,9.508771929824562,40,191.04999999999998,6.666666666666667,3.107142857142857,6.330434782608695,0,4,4,4,12,Champions
14431,0,202,1,537.25,10.92,25,537.25,25.0,0.0,202.0,1,1,1,3,5,At Risk
14530,0,35,7,1276.55,4.635135135135135,117,182.3642857142857,16.714285714285715,1.1156462585034013,16.54340836012862,0,3,4,4,11,Champions
14320,1,61,3,612.8100000000001,9.605263157894736,36,204.27,12.0,3.810810810810811,12.679775280898877,0,3,3,3,9,Loyal
14714,0,90,2,376.52,4.654545454545454,45,188.26,22.5,2.074074074074074,29.27710843373494,0,2,2,2,6,Potential
15910,0,27,5,751.6800000000001,3.2009132420091326,157,150.336,31.4,0.7935779816513762,15.053708439897697,0,3,4,3,10,Champions
12971,0,5,11,1377.1000000000001,12.193548387096774,11,125.1909090909091,1.0,6.433333333333334,0.6726457399103138,0,4,4,4,12,Champions
13527,0,20,4,1526.33,4.763636363636364,118,381.5825,29.5,1.0975609756097562,9.534883720930232,0,4,4,4,12,Champions
15885,0,37,5,460.83,6.622641509433962,40,92.166,8.0,3.1346153846153846,8.948837209302324,0,3,4,3,10,Champions
14064,0,6,6,968.49,6.716981132075472,70,161.415,11.666666666666666,1.8476190476190477,2.1070234113712374,0,4,4,4,12,Champions
15296,0,86,2,2918.33,9.955555555555556,157,1459.165,78.5,0.6480446927374302,52.18305084745763,0,2,2,4,8,Loyal
14439,0,82,3,3262.86,15.492063492063492,58,1087.6200000000001,19.333333333333332,1.9193548387096775,28.088397790055247,0,2,3,4,9,Loyal
13543,1,149,2,1092.06,6.048780487804878,34,546.03,17.0,1.3,64.78260869565217,0,1,2,4,7,Potential
15682,1,114,2,318.24,8.88,25,159.12,12.5,3.6666666666666665,24.42857142857143,0,2,2,2,6,Potential
17320,0,23,2,702.0600000000001,6.042553191489362,40,351.03000000000003,20.0,3.869565217391304,4.723214285714286,0,4,2,3,9,Loyal
15126,1,51,2,415.59000000000003,11.291666666666666,24,207.79500000000002,12.0,6.521739130434782,6.780346820809249,0,3,2,3,8,Loyal
17180,0,62,5,808.41,4.1063829787234045,121,161.682,24.2,0.7379679144385026,35.673846153846156,0,3,4,3,10,Champions
13413,1,154,5,138.13,2.5526315789473686,34,27.625999999999998,6.8,1.2432432432432432,68.65060240963857,0,1,4,1,6,Potential
13192,1,50,4,1430.79,11.220930232558139,80,357.6975,20.0,1.7647058823529411,18.085106382978722,0,3,4,4,11,Champions
14854,0,16,3,1115.3,12.382352941176471,59,371.76666666666665,19.666666666666668,2.7611940298507465,4.253968253968254,0,4,3,4,11,Champions
14209,0,5,5,1324.55,8.414285714285715,48,264.90999999999997,9.6,2.7971014492753623,1.316793893129771,0,4,4,4,12,Champions
14274,1,201,1,256.6,11.866666666666667,15,256.6,15.0,0.0,201.0,1,1,1,2,4,At Risk
17460,0,23,7,912.6800000000001,6.4324324324324325,60,130.38285714285715,8.571428571428571,2.3972602739726026,6.770161290322581,0,4,4,3,11,Champions
12531,1,201,1,1553.03,10.057142857142857,105,1553.03,105.0,0.0,201.0,1,1,1,4,6,Potential
16822,1,201,1,138.25,10.625,8,138.25,8.0,0.0,201.0,1,1,1,1,3,Lost
13889,0,166,2,630.6800000000001,11.142857142857142,32,315.34000000000003,16.0,1.0,83.0,0,1,2,3,6,Potential
14640,0,28,3,1169.73,8.103896103896103,73,389.91,24.333333333333332,2.263157894736842,8.580645161290322,0,3,3,4,10,Champions
14837,0,3,3,963.35,14.6,53,321.1166666666667,17.666666666666668,3.6296296296296298,0.648,0,4,3,4,11,Champions
17242,0,97,2,698.1,14.5,14,349.05,7.0,5.368421052631579,15.231404958677686,0,2,2,3,7,Potential
17618,0,10,5,1452.02,4.170068027210885,102,290.404,20.4,1.2876712328767124,4.371257485029941,0,4,4,4,12,Champions
17335,0,199,1,113.96000000000001,4.888888888888889,18,113.96000000000001,18.0,0.0,199.0,1,1,1,1,3,Lost
17780,1,182,3,294.96,1.5921052631578947,73,98.32,24.333333333333332,0.22666666666666666,148.3695652173913,0,1,3,2,6,Potential
16950,0,24,4,885.25,12.925,31,221.3125,7.75,4.461538461538462,4.394366197183098,0,4,4,3,11,Champions
12916,0,122,2,581.5,7.435897435897436,34,290.75,17.0,2.0,40.666666666666664,0,2,2,3,7,Potential
13036,1,199,1,15.0,12.0,1,15.0,1.0,999.0,0.199,1,1,1,1,3,Lost
14879,1,199,1,155.72,2.8,25,155.72,25.0,0.0,199.0,1,1,1,1,3,Lost
16422,0,21,12,529.7,21.666666666666668,8,44.14166666666667,0.6666666666666666,10.176470588235293,1.8789473684210527,0,4,4,3,11,Champions
12703,1,148,3,605.78,8.382978723404255,40,201.92666666666665,13.333333333333334,1.0869565217391304,70.91666666666667,0,1,3,3,7,Potential
13249,1,160,2,69.6,24.0,2,34.8,1.0,38.0,4.102564102564102,0,1,2,1,4,At Risk
15727,0,8,5,2538.55,6.141025641025641,241,507.71000000000004,48.2,0.6109324758842444,4.966067864271457,0,4,4,4,12,Champions
15711,1,71,2,384.45,8.478260869565217,23,192.225,11.5,5.818181818181818,10.413333333333332,0,2,2,2,6,Potential
14701,0,37,3,799.5,2.8045112781954886,121,266.5,40.333333333333336,1.2272727272727273,16.612244897959183,0,3,3,3,9,Loyal
16255,0,14,4,893.16,4.492753623188406,87,223.29,21.75,1.3357664233576643,5.99375,0,4,4,3,11,Champions
14070,1,199,1,186.7,2.212121212121212,32,186.7,32.0,0.0,199.0,1,1,1,1,3,Lost
17071,0,65,2,577.03,8.935483870967742,28,288.515,14.0,4.433333333333334,11.963190184049079,0,3,2,3,8,Loyal
16523,0,107,3,932.98,10.764705882352942,31,310.99333333333334,10.333333333333334,2.757575757575758,28.4758064516129,0,2,3,3,8,Loyal
14522,1,110,4,468.6,8.826086956521738,18,117.15,4.5,3.9545454545454546,22.20183486238532,0,2,4,3,9,Loyal
17141,0,199,2,326.44,2.732394366197183,65,163.22,32.5,0.0,199.0,0,1,2,2,5,At Risk
13209,1,29,5,806.0,15.578947368421053,19,161.2,3.8,9.38888888888889,2.7914438502673797,0,3,4,3,10,Champions
15696,0,62,4,563.4200000000001,8.076923076923077,16,140.85500000000002,4.0,5.44,9.627329192546583,0,3,4,3,10,Champions
13729,0,199,1,220.57999999999998,14.266666666666667,15,220.57999999999998,15.0,0.0,199.0,1,1,1,2,4,At Risk
14044,0,1,4,1099.76,1.368421052631579,282,274.94,70.5,0.5171503957783641,0.6591304347826087,0,4,4,4,12,Champions
17142,0,48,2,347.25,3.682926829268293,41,173.625,20.5,3.75,10.105263157894736,0,3,2,2,7,Potential
16206,0,14,4,860.09,6.066666666666666,65,215.0225,16.25,2.472972972972973,4.031128404669261,0,4,4,3,11,Champions
15434,0,199,1,285.35,3.8421052631578947,19,285.35,19.0,0.0,199.0,1,1,1,2,4,At Risk
15483,0,54,4,254.05,2.63,87,63.5125,21.75,1.4545454545454546,22.0,0,3,4,2,9,Loyal
14986,0,199,1,265.68,3.4166666666666665,48,265.68,48.0,0.0,199.0,1,1,1,2,4,At Risk
17584,0,22,3,873.1,10.0,27,291.03333333333336,9.0,5.866666666666666,3.2038834951456314,0,4,3,3,10,Champions
14870,0,29,4,866.25,7.53125,23,216.5625,5.75,5.451612903225806,4.495,0,3,4,3,10,Champions
14621,1,26,4,1087.21,10.784615384615385,61,271.8025,15.25,2.65625,7.111111111111111,0,4,4,4,12,Champions
15303,1,80,2,469.71,8.892857142857142,26,234.855,13.0,4.37037037037037,14.89655172413793,0,2,2,3,7,Potential
13488,0,2,8,2781.8,10.49367088607595,120,347.725,15.0,1.2420382165605095,0.8920454545454546,0,4,4,4,12,Champions
17810,1,183,2,283.66,2.2857142857142856,46,141.83,23.0,0.3125,139.42857142857142,0,1,2,2,5,At Risk
18199,1,198,1,249.25000000000003,5.933333333333334,15,249.25000000000003,15.0,0.0,198.0,1,1,1,2,4,At Risk
13477,0,57,3,766.78,8.764705882352942,48,255.59333333333333,16.0,2.82,14.921465968586388,0,3,3,3,9,Loyal
16795,0,198,1,587.87,3.009009009009009,106,587.87,106.0,0.0,198.0,1,1,1,3,5,At Risk
17419,0,14,4,784.86,10.871794871794872,31,196.215,7.75,4.7894736842105265,2.418181818181818,0,4,4,3,11,Champions
16004,0,78,3,1336.74,12.475409836065573,47,445.58,15.666666666666666,2.0,26.0,0,2,3,4,9,Loyal
14628,0,156,2,667.88,10.972222222222221,28,333.94,14.0,1.1714285714285715,71.84210526315789,0,1,2,3,6,Potential
15611,0,37,9,488.68,4.64,16,54.29777777777778,1.7777777777777777,6.5,4.933333333333334,0,3,4,3,10,Champions
14376,1,198,1,215.46,2.7777777777777777,17,215.46,17.0,0.0,198.0,1,1,1,2,4,At Risk
12857,0,9,3,1083.95,12.826086956521738,33,361.31666666666666,11.0,4.177777777777778,1.7381974248927037,0,4,3,4,11,Champions
14538,1,45,3,263.14,4.75,14,87.71333333333332,4.666666666666667,10.066666666666666,4.066265060240964,0,3,3,2,8,Loyal
17218,0,37,4,685.84,5.1625,62,171.46,15.5,2.0253164556962027,12.230125523012552,0,3,4,3,10,Champions
13650,0,41,3,978.7,10.63265306122449,41,326.23333333333335,13.666666666666666,3.2291666666666665,9.694581280788178,0,3,3,4,10,Champions
15259,1,27,3,699.6999999999999,12.042553191489361,40,233.23333333333332,13.333333333333334,3.6739130434782608,5.776744186046511,0,3,3,3,9,Loyal
13971,0,28,4,1185.3600000000001,11.558823529411764,60,296.34000000000003,15.0,2.5074626865671643,7.982978723404255,0,3,4,4,11,Champions
12468,1,41,3,1753.56,12.7,84,584.52,28.0,1.7415730337078652,14.954918032786885,0,3,3,4,10,Champions
15218,0,8,8,2938.01,8.0,66,367.25125,8.25,1.1333333333333333,3.75,0,4,4,4,12,Champions
15950,0,69,3,1816.46,6.606299212598425,101,605.4866666666667,33.666666666666664,1.007936507936508,34.36363636363637,0,2,3,4,9,Loyal
17536,0,197,1,34.78,6.0,3,34.78,3.0,0.0,197.0,1,1,1,1,3,Lost
15003,0,141,5,732.1,1.5040322580645162,198,146.42000000000002,39.6,0.2145748987854251,116.09,0,1,4,3,8,Loyal
16481,1,197,1,275.78000000000003,9.307692307692308,13,275.78000000000003,13.0,0.0,197.0,1,1,1,2,4,At Risk
13459,1,139,2,1015.6899999999999,12.153846153846153,52,507.84499999999997,26.0,0.890625,73.52066115702479,0,1,2,4,7,Potential
12905,1,91,2,738.14,9.409090909090908,42,369.07,21.0,2.441860465116279,26.43918918918919,0,2,2,3,7,Potential
12361,0,94,2,177.35000000000002,7.363636363636363,10,88.67500000000001,5.0,10.3,8.31858407079646,0,2,2,1,5,At Risk
17059,0,14,4,1514.98,4.684210526315789,121,378.745,30.25,0.9576719576719577,7.151351351351352,0,4,4,4,12,Champions
15845,1,51,3,499.96000000000004,6.033333333333333,30,166.65333333333334,10.0,5.0,8.5,0,3,3,3,9,Loyal
17050,0,3,3,434.18,10.758620689655173,22,144.72666666666666,7.333333333333333,6.892857142857143,0.38009049773755654,0,4,3,3,10,Champions
17726,0,27,3,327.69,7.7727272727272725,21,109.23,7.0,8.047619047619047,2.9842105263157896,0,3,3,2,8,Loyal
13514,0,94,2,416.8,14.4,8,208.4,4.0,11.333333333333334,7.621621621621621,0,2,2,3,7,Potential
15766,0,197,1,201.60000000000002,14.0,6,201.60000000000002,6.0,0.0,197.0,1,1,1,2,4,At Risk
15959,1,197,2,403.39,3.45,50,201.695,25.0,0.0,197.0,0,1,2,3,6,Potential
15073,0,111,2,530.58,11.228571428571428,34,265.29,17.0,2.5,31.714285714285715,0,2,2,3,7,Potential
13698,1,111,2,364.27,5.25,29,182.135,14.5,2.4285714285714284,32.375,0,2,2,2,6,Potential
16051,1,196,1,188.44,6.666666666666667,12,188.44,12.0,0.0,196.0,1,1,1,1,3,Lost
14365,0,196,1,324.5,11.379310344827585,29,324.5,29.0,0.0,196.0,1,1,1,2,4,At Risk
12873,0,196,1,410.8,16.615384615384617,13,410.8,13.0,0.0,196.0,1,1,1,3,5,At Risk
15695,1,112,2,533.96,8.533333333333333,28,266.98,14.0,2.8620689655172415,29.0,0,2,2,3,7,Potential
15798,1,7,3,1422.84,11.58974358974359,68,474.28,22.666666666666668,2.4415584415584415,2.0339622641509436,0,4,3,4,11,Champions
14551,0,17,2,90.0,18.0,4,45.0,2.0,59.666666666666664,0.2802197802197802,0,4,2,1,7,Potential
12869,1,196,1,230.57,3.142857142857143,33,230.57,33.0,0.0,196.0,1,1,1,2,4,At Risk
17604,0,56,2,291.34000000000003,2.1944444444444446,63,145.67000000000002,31.5,1.9577464788732395,18.933333333333334,0,3,2,2,7,Potential
16430,0,69,2,95.94000000000001,6.8,5,47.970000000000006,2.5,31.75,2.1068702290076335,0,2,2,1,5,At Risk
13048,0,21,4,1734.8600000000001,10.069306930693068,71,433.71500000000003,17.75,1.74,7.664233576642335,0,4,4,4,12,Champions
16320,0,28,3,2570.63,14.263157894736842,65,856.8766666666667,21.666666666666668,1.7765957446808511,10.084291187739463,0,3,3,4,10,Champions
13101,1,13,3,478.10999999999996,7.153846153846154,37,159.36999999999998,12.333333333333334,4.7894736842105265,2.245454545454545,0,4,3,3,10,Champions
18016,0,196,1,201.20000000000002,4.421052631578948,19,201.20000000000002,19.0,0.0,196.0,1,1,1,2,4,At Risk
14167,0,65,3,455.6,2.9183673469387754,28,151.86666666666667,9.333333333333334,2.6875,17.627118644067796,0,3,3,3,9,Loyal
14279,1,35,2,191.86,15.333333333333334,3,95.93,1.5,80.0,0.43209876543209874,0,3,2,2,7,Potential
12484,0,14,4,1137.76,6.504504504504505,98,284.44,24.5,1.6454545454545455,5.292096219931271,0,4,4,4,12,Champions
17695,0,195,1,164.7,15.777777777777779,9,164.7,9.0,0.0,195.0,1,1,1,1,3,Lost
17982,1,195,1,127.74000000000001,6.75,12,127.74000000000001,12.0,0.0,195.0,1,1,1,1,3,Lost
14672,1,30,2,232.44,2.775,33,116.22,16.5,4.205128205128205,5.763546798029556,0,3,2,2,7,Potential
15563,1,29,3,1267.46,7.2,106,422.4866666666667,35.333333333333336,1.2388059701492538,12.953333333333335,0,3,3,4,10,Champions
13820,0,161,2,361.02,3.3684210526315788,27,180.51,13.5,0.8918918918918919,85.1,0,1,2,2,5,At Risk
16326,0,17,7,1013.03,2.3870967741935485,57,144.71857142857144,8.142857142857142,1.9021739130434783,5.857677902621722,0,4,4,4,12,Champions
15544,0,14,10,3509.92,11.964912280701755,112,350.992,11.2,0.7709251101321586,7.9054726368159205,0,4,4,4,12,Champions
16137,1,195,1,422.7,7.5,28,422.7,28.0,0.0,195.0,1,1,1,3,5,At Risk
18194,1,195,1,113.4,9.333333333333334,3,113.4,3.0,0.0,195.0,1,1,1,1,3,Lost
13615,0,21,4,2752.89,8.461988304093568,133,688.2225,33.25,1.011764705882353,10.43859649122807,0,4,4,4,12,Champions
15137,1,35,2,525.64,15.703703703703704,27,262.82,13.5,6.115384615384615,4.918918918918919,0,3,2,3,8,Loyal
17905,0,45,8,457.49,3.4415584415584415,69,57.18625,8.625,1.9210526315789473,15.405405405405405,0,3,4,3,10,Champions
15861,0,82,3,822.26,3.485549132947977,154,274.08666666666664,51.333333333333336,0.6511627906976745,49.66197183098591,0,2,3,3,8,Loyal
15192,0,90,2,562.81,13.555555555555555,31,281.405,15.5,2.9714285714285715,22.66187050359712,0,2,2,3,7,Potential
14469,0,9,3,1116.3,5.865853658536586,73,372.09999999999997,24.333333333333332,2.271604938271605,2.750943396226415,0,4,3,4,11,Champions
15487,1,194,1,231.32,10.285714285714286,14,231.32,14.0,0.0,194.0,1,1,1,2,4,At Risk
13480,0,194,1,411.39,7.423076923076923,26,411.39,26.0,0.0,194.0,1,1,1,3,5,At Risk
13583,1,194,1,631.101,8.975609756097562,41,631.101,41.0,0.0,194.0,1,1,1,3,5,At Risk
14249,0,66,9,3008.541,8.450777202072539,135,334.2823333333333,15.0,0.65625,39.84905660377358,0,2,4,4,10,Champions
16673,1,194,1,151.23000000000002,5.470588235294118,17,151.23000000000002,17.0,0.0,194.0,1,1,1,1,3,Lost
16390,1,51,3,328.90000000000003,6.470588235294118,13,109.63333333333334,4.333333333333333,8.8125,5.197452229299363,0,3,3,2,8,Loyal
14068,1,118,3,1064.02,5.2,65,354.67333333333335,21.666666666666668,0.9864864864864865,59.40136054421769,0,2,3,4,9,Loyal
15943,1,164,2,271.28999999999996,15.25,12,135.64499999999998,6.0,2.5454545454545454,46.256410256410255,0,1,2,2,5,At Risk
16923,0,43,6,2113.41,5.746031746031746,114,352.23499999999996,19.0,0.7872340425531915,24.05952380952381,0,3,4,4,11,Champions
16955,0,69,2,303.85,11.6,20,151.925,10.0,6.473684210526316,9.232394366197182,0,2,2,2,6,Potential
15013,1,2,10,1341.1200000000001,3.4953846153846153,167,134.11200000000002,16.7,0.5740740740740741,1.2705882352941178,0,4,4,4,12,Champions
15588,1,192,1,192.0,24.0,2,192.0,2.0,0.0,192.0,1,1,1,2,4,At Risk
17137,0,2,5,900.38,3.662420382165605,123,180.076,24.6,1.205128205128205,0.9069767441860465,0,4,4,3,11,Champions
14481,0,127,2,740.0,6.536231884057971,64,370.0,32.0,0.9411764705882353,65.42424242424242,0,2,2,3,7,Potential
16014,0,192,1,229.02,1.4857142857142858,68,229.02,68.0,0.0,192.0,1,1,1,2,4,At Risk
14820,0,107,2,168.3,10.0,9,84.15,4.5,10.5,9.304347826086957,0,2,2,1,5,At Risk
15385,0,192,1,63.0,13.75,4,63.0,4.0,0.0,192.0,1,1,1,1,3,Lost
12483,0,63,6,805.3000000000001,14.25,23,134.21666666666667,3.8333333333333335,4.666666666666667,11.117647058823529,0,3,4,3,10,Champions
13443,0,68,4,794.88,3.840764331210191,140,198.72,35.0,0.7884615384615384,38.02150537634409,0,2,4,3,9,Loyal
13392,1,192,1,91.14,10.25,8,91.14,8.0,0.0,192.0,1,1,1,1,3,Lost
14306,1,192,1,119.16,18.0,6,119.16,6.0,0.0,192.0,1,1,1,1,3,Lost
13897,0,192,1,443.88,17.05,20,443.88,20.0,0.0,192.0,1,1,1,3,5,At Risk
15338,1,192,1,257.23,2.607142857142857,54,257.23,54.0,0.0,192.0,1,1,1,2,4,At Risk
18212,1,192,1,181.8,6.0,9,181.8,9.0,0.0,192.0,1,1,1,1,3,Lost
16655,0,9,5,1316.46,4.3108108108108105,177,263.29200000000003,35.4,0.8235294117647058,4.935483870967742,0,4,4,4,12,Champions
12668,0,82,3,3637.3,9.51834862385321,176,1212.4333333333334,58.666666666666664,0.4976958525345622,54.75076923076923,0,2,3,4,9,Loyal
17107,0,69,2,2179.9900000000002,6.7,113,1089.9950000000001,56.5,0.9534883720930233,35.32142857142857,0,2,2,4,8,Loyal
17176,1,41,2,305.09,11.818181818181818,21,152.545,10.5,7.142857142857143,5.035087719298246,0,3,2,2,7,Potential
13478,0,56,4,1494.5,7.636363636363637,82,373.625,20.5,1.5402298850574712,22.045248868778284,0,3,4,4,11,Champions
14637,1,192,1,106.67999999999999,14.285714285714286,7,106.67999999999999,7.0,0.0,192.0,1,1,1,1,3,Lost
15317,1,192,1,129.75,9.0,5,129.75,5.0,0.0,192.0,1,1,1,1,3,Lost
15022,1,192,1,117.85000000000001,2.8823529411764706,17,117.85000000000001,17.0,0.0,192.0,1,1,1,1,3,Lost
14370,1,3,5,543.83,5.903225806451613,27,108.766,5.4,6.233333333333333,0.4147465437788018,0,4,4,3,11,Champions
12810,1,49,2,474.99,11.0,31,237.495,15.5,4.733333333333333,8.546511627906977,0,3,2,3,8,Loyal
14047,0,23,3,1023.15,10.0,48,341.05,16.0,3.111111111111111,5.594594594594595,0,4,3,4,11,Champions
12800,0,191,1,347.33,8.565217391304348,23,347.33,23.0,0.0,191.0,1,1,1,2,4,At Risk
12711,1,126,2,1107.45,11.910714285714286,53,553.725,26.5,1.1818181818181819,57.75000000000001,0,2,2,4,8,Loyal
15416,0,191,1,342.21,8.55,20,342.21,20.0,0.0,191.0,1,1,1,2,4,At Risk
17365,0,30,4,1563.95,7.790419161676646,136,390.9875,34.0,0.963855421686747,15.276073619631902,0,3,4,4,11,Champions
13511,1,191,1,236.81,14.75,4,236.81,4.0,0.0,191.0,1,1,1,2,4,At Risk
16415,1,98,2,468.94,3.136842105263158,75,234.47,37.5,0.9787234042553191,49.52688172043011,0,2,2,3,7,Potential
14821,0,146,3,166.15,14.25,4,55.38333333333333,1.3333333333333333,14.666666666666666,9.319148936170214,0,1,3,1,5,At Risk
13156,0,183,2,1108.66,8.441558441558442,69,554.33,34.5,0.10526315789473684,165.57142857142858,0,1,2,4,7,Potential
17361,1,191,2,383.59000000000003,7.964285714285714,26,191.79500000000002,13.0,0.0,191.0,0,1,2,2,5,At Risk
13628,1,191,1,218.34,6.266666666666667,15,218.34,15.0,0.0,191.0,1,1,1,2,4,At Risk
15480,0,191,1,496.65000000000003,7.9743589743589745,39,496.65000000000003,39.0,0.0,191.0,1,1,1,3,5,At Risk
17350,0,62,2,343.021,6.114285714285714,34,171.5105,17.0,3.764705882352941,13.012345679012347,0,3,2,2,7,Potential
15369,1,7,3,708.8,22.11764705882353,15,236.26666666666665,5.0,11.4375,0.5628140703517588,0,4,3,3,10,Champions
15564,0,191,1,35.04,12.0,3,35.04,3.0,0.0,191.0,1,1,1,1,3,Lost
15803,0,191,1,564.0,11.0,16,564.0,16.0,0.0,191.0,1,1,1,3,5,At Risk
13584,1,13,2,201.3,4.12962962962963,53,100.65,26.5,3.339622641509434,2.9956521739130433,0,4,2,2,8,Loyal
17146,0,6,7,2888.8,7.205555555555556,121,412.6857142857143,17.285714285714285,1.011173184357542,2.9833333333333334,0,4,4,4,12,Champions
13916,0,56,3,650.08,8.575,38,216.69333333333336,12.666666666666666,3.4358974358974357,12.624277456647398,0,3,3,3,9,Loyal
15279,0,23,3,730.51,7.891304347826087,39,243.50333333333333,13.0,3.688888888888889,4.90521327014218,0,4,3,3,10,Champions
18175,1,190,1,150.6,11.333333333333334,6,150.6,6.0,0.0,190.0,1,1,1,1,3,Lost
17163,0,190,1,141.24,16.8,5,141.24,5.0,0.0,190.0,1,1,1,1,3,Lost
16300,0,140,2,782.76,2.48,150,391.38,75.0,0.28735632183908044,108.75,0,1,2,3,6,Potential
12848,1,190,1,154.3,4.0,13,154.3,13.0,0.0,190.0,1,1,1,1,3,Lost
13538,0,171,2,765.29,6.191489361702128,41,382.645,20.5,0.41304347826086957,121.0153846153846,0,1,2,3,6,Potential
13975,0,65,3,1323.98,4.465949820788531,203,441.32666666666665,67.66666666666667,0.4460431654676259,44.95024875621891,0,3,3,4,10,Champions
17092,0,8,5,2269.75,8.513513513513514,151,453.95,30.2,0.9836956521739131,4.032876712328767,0,4,4,4,12,Champions
16067,1,77,3,2408.9100000000003,14.189655172413794,52,802.9700000000001,17.333333333333332,1.9473684210526316,26.124999999999996,0,2,3,4,9,Loyal
12805,0,120,2,418.2,9.68421052631579,19,209.1,9.5,3.8333333333333335,24.827586206896548,0,2,2,3,7,Potential
15321,0,78,8,2629.93,10.670967741935485,141,328.74125,17.625,0.7077922077922078,45.673003802281364,0,2,4,4,10,Champions
15091,1,189,2,467.3,8.08,25,233.65,12.5,0.0,189.0,0,1,2,3,6,Potential
13553,1,189,1,394.25,2.375,76,394.25,76.0,0.0,189.0,1,1,1,2,4,At Risk
16928,0,189,1,32.25,3.5,2,32.25,2.0,0.0,189.0,1,1,1,1,3,Lost
13757,1,189,1,42.55,6.0,7,42.55,7.0,0.0,189.0,1,1,1,1,3,Lost
17311,0,75,2,351.04,13.476190476190476,21,175.52,10.5,5.65,11.278195488721805,0,2,2,2,6,Potential
16840,1,118,2,122.85,14.375,8,61.425,4.0,10.142857142857142,10.58974358974359,0,2,2,1,5,At Risk
16081,0,89,2,233.74,2.2264150943396226,43,116.87,21.5,1.9038461538461537,30.649006622516556,0,2,2,2,6,Potential
14399,0,77,4,729.08,3.0754716981132075,73,182.27,18.25,1.0476190476190477,37.6046511627907,0,2,4,3,9,Loyal
12396,1,189,1,883.58,9.451612903225806,62,883.58,62.0,0.0,189.0,1,1,1,3,5,At Risk
15448,1,189,1,231.45,11.823529411764707,17,231.45,17.0,0.0,189.0,1,1,1,2,4,At Risk
18101,0,189,1,87.55,1.6363636363636365,22,87.55,22.0,0.0,189.0,1,1,1,1,3,Lost
13619,1,59,2,172.49,1.85,34,86.245,17.0,3.3076923076923075,13.696428571428573,0,3,2,1,6,Potential
16834,1,189,1,403.9,16.08695652173913,23,403.9,23.0,0.0,189.0,1,1,1,3,5,At Risk
17690,0,147,2,550.63,12.882352941176471,34,275.315,17.0,1.2424242424242424,65.55405405405406,0,1,2,3,6,Potential
12840,0,64,2,520.03,8.787878787878787,33,260.015,16.5,3.875,13.128205128205128,0,3,2,3,8,Loyal
14545,1,189,1,349.25,10.26086956521739,23,349.25,23.0,0.0,189.0,1,1,1,2,4,At Risk
15023,0,13,6,2532.79,3.9857142857142858,181,422.13166666666666,30.166666666666668,0.6200716845878136,8.024336283185841,0,4,4,4,12,Champions
14038,0,188,1,466.55,10.88,25,466.55,25.0,0.0,188.0,1,1,1,3,5,At Risk
15591,1,97,3,170.20000000000002,8.666666666666666,5,56.73333333333334,1.6666666666666667,18.0,5.105263157894737,0,2,3,1,6,Potential
14497,1,188,1,188.79000000000002,10.333333333333334,9,188.79000000000002,9.0,0.0,188.0,1,1,1,1,3,Lost
15732,0,23,8,1176.56,9.848101265822784,48,147.07,6.0,2.076923076923077,7.475,0,4,4,4,12,Champions
13107,0,57,3,1029.83,15.39622641509434,46,343.27666666666664,15.333333333333334,2.519230769230769,16.19672131147541,0,3,3,4,10,Champions
14607,1,52,6,2803.26,15.793103448275861,60,467.21000000000004,10.0,1.569767441860465,20.235294117647058,0,3,4,4,11,Champions
12373,1,139,2,534.0500000000001,9.59375,28,267.02500000000003,14.0,1.5806451612903225,53.862500000000004,0,1,2,3,6,Potential
16583,0,188,1,64.5,10.5,4,64.5,4.0,0.0,188.0,1,1,1,1,3,Lost
16383,0,34,3,1379.44,3.995145631067961,145,459.81333333333333,48.333333333333336,0.7463414634146341,19.46927374301676,0,3,3,4,10,Champions
16412,0,124,2,135.59,2.3214285714285716,21,67.795,10.5,2.3333333333333335,37.199999999999996,0,2,2,1,5,At Risk
15167,0,188,1,428.33,2.383177570093458,104,428.33,104.0,0.0,188.0,1,1,1,3,5,At Risk
17138,0,47,5,3188.5,8.026041666666666,184,637.7,36.8,0.7277486910994765,27.203030303030303,0,3,4,4,11,Champions
16986,0,77,7,2199.4,9.595588235294118,50,314.2,7.142857142857143,0.8148148148148148,42.42857142857142,0,2,4,4,10,Champions
12500,0,37,6,862.64,5.861538461538461,58,143.77333333333334,9.666666666666666,2.3125,11.169811320754716,0,3,4,3,10,Champions
17309,0,188,1,151.74,5.111111111111111,17,151.74,17.0,0.0,188.0,1,1,1,1,3,Lost
16266,0,34,4,334.71,7.125,23,83.6775,5.75,6.608695652173913,4.468571428571429,0,3,4,2,9,Loyal
15365,0,188,1,325.12,12.153846153846153,13,325.12,13.0,0.0,188.0,1,1,1,2,4,At Risk
17328,1,188,1,29.700000000000003,5.2,5,29.700000000000003,5.0,0.0,188.0,1,1,1,1,3,Lost
15810,0,142,2,652.25,8.948717948717949,31,326.125,15.5,1.1842105263157894,65.01204819277109,0,1,2,3,6,Potential
13874,1,19,6,878.0,11.073170731707316,29,146.33333333333334,4.833333333333333,4.15,3.6893203883495143,0,4,4,3,11,Champions
18267,1,187,1,269.37,7.9411764705882355,17,269.37,17.0,0.0,187.0,1,1,1,2,4,At Risk
12853,0,15,4,940.8,12.869565217391305,39,235.2,9.75,3.7777777777777777,3.1395348837209305,0,4,4,4,12,Champions
16147,0,85,2,1029.3,9.705882352941176,62,514.65,31.0,1.507462686567164,33.898809523809526,0,2,2,4,8,Loyal
13658,0,7,3,2277.15,7.8,78,759.0500000000001,26.0,1.8080808080808082,2.4928057553956835,0,4,3,4,11,Champions
16704,1,133,2,559.36,8.372549019607844,48,279.68,24.0,1.06,64.5631067961165,0,1,2,3,6,Potential
15784,0,187,1,374.74,10.272727272727273,22,374.74,22.0,0.0,187.0,1,1,1,2,4,At Risk
14682,0,50,3,420.25,8.458333333333334,21,140.08333333333334,7.0,5.956521739130435,7.1875,0,3,3,3,9,Loyal
15660,0,47,4,465.5,10.88888888888889,23,116.375,5.75,5.3076923076923075,7.451219512195122,0,3,4,3,10,Champions
13700,0,183,2,73.9,5.545454545454546,11,36.95,5.5,0.2,152.5,0,1,2,1,4,At Risk
16714,1,185,1,341.42,11.238095238095237,21,341.42,21.0,0.0,185.0,1,1,1,2,4,At Risk
15580,0,3,5,611.0,4.813008130081301,93,122.2,18.6,1.4754098360655739,1.2119205298013243,0,4,4,3,11,Champions
15422,0,85,2,535.75,4.0212765957446805,40,267.875,20.0,2.1739130434782608,26.780821917808222,0,2,2,3,7,Potential
15584,0,185,1,245.09,1.7222222222222223,51,245.09,51.0,0.0,185.0,1,1,1,2,4,At Risk
16788,0,65,2,752.83,1.8863636363636365,196,376.415,98.0,0.547945205479452,41.991150442477874,0,3,2,3,8,Loyal
16225,0,63,6,943.27,4.989247311827957,83,157.21166666666667,13.833333333333334,1.3043478260869565,27.339622641509433,0,3,4,4,11,Champions
12402,0,36,3,652.5,9.771428571428572,27,217.5,9.0,4.352941176470588,6.725274725274725,0,3,3,3,9,Loyal
14562,0,3,6,928.9200000000001,4.049180327868853,77,154.82000000000002,12.833333333333334,1.4710743801652892,1.214046822742475,0,4,4,3,11,Champions
17550,0,93,4,792.2,2.23972602739726,123,198.05,30.75,0.6206896551724138,57.38297872340426,0,2,4,3,9,Loyal
16082,1,185,1,66.85,2.6923076923076925,13,66.85,13.0,0.0,185.0,1,1,1,1,3,Lost
16212,1,133,2,540.32,8.242424242424242,32,270.16,16.0,1.59375,51.27710843373494,0,1,2,3,6,Potential
17342,0,43,3,571.95,9.05,19,190.65,6.333333333333333,7.368421052631579,5.138364779874214,0,3,3,3,9,Loyal
17504,0,15,5,1468.1,12.930555555555555,66,293.62,13.2,2.352112676056338,4.474789915966387,0,4,4,4,12,Champions
14227,0,71,3,1792.98,10.616,107,597.66,35.666666666666664,0.9112903225806451,37.14767932489452,0,2,3,4,9,Loyal
13497,0,27,4,793.28,9.473684210526315,35,198.32,8.75,4.216216216216216,5.176165803108809,0,3,4,3,10,Champions
16161,0,8,15,2515.71,4.872791519434629,117,167.714,7.8,0.6063829787234043,4.9801324503311255,0,4,4,4,12,Champions
13870,0,97,2,840.92,13.176470588235293,48,420.46,24.0,1.74,35.4014598540146,0,2,2,3,7,Potential
16246,0,184,1,145.4,3.0869565217391304,23,145.4,23.0,0.0,184.0,1,1,1,1,3,Lost
13417,1,62,4,996.86,7.625,34,249.215,8.5,2.574468085106383,17.345238095238095,0,3,4,4,11,Champions
13304,0,61,2,481.55,7.8,25,240.775,12.5,4.241379310344827,11.638157894736842,0,3,2,3,8,Loyal
13834,1,91,2,178.5,4.8,9,89.25,4.5,10.222222222222221,8.10891089108911,0,2,2,1,5,At Risk
14884,1,184,1,120.6,9.0,8,120.6,8.0,0.0,184.0,1,1,1,1,3,Lost
18070,1,184,1,314.1,9.555555555555555,9,314.1,9.0,0.0,184.0,1,1,1,2,4,At Risk
16078,1,184,1,278.75,4.0,37,278.75,37.0,0.0,184.0,1,1,1,2,4,At Risk
15339,0,138,2,235.32999999999998,3.02,48,117.66499999999999,24.0,0.9387755102040817,71.17894736842105,0,1,2,2,5,At Risk
16781,0,184,1,221.75,4.733333333333333,15,221.75,15.0,0.0,184.0,1,1,1,2,4,At Risk
17514,1,184,1,304.85,3.5238095238095237,40,304.85,40.0,0.0,184.0,1,1,1,2,4,At Risk
17294,1,184,2,296.15999999999997,10.857142857142858,14,148.07999999999998,7.0,0.0,184.0,0,1,2,2,5,At Risk
17647,1,184,2,108.9,11.5,4,54.45,2.0,0.0,184.0,0,1,2,1,4,At Risk
12524,0,7,2,320.09999999999997,22.571428571428573,7,160.04999999999998,3.5,29.333333333333332,0.23076923076923078,0,4,2,2,8,Loyal
12665,0,184,1,150.8,10.571428571428571,7,150.8,7.0,0.0,184.0,1,1,1,1,3,Lost
17319,1,184,1,29.099999999999998,4.666666666666667,3,29.099999999999998,3.0,0.0,184.0,1,1,1,1,3,Lost
17774,0,37,3,978.54,3.9565217391304346,126,326.18,42.0,1.0656934306569343,17.91166077738516,0,3,3,4,10,Champions
15892,1,184,1,94.75,1.1944444444444444,36,94.75,36.0,0.0,184.0,1,1,1,1,3,Lost
13119,1,183,1,134.9,10.0,11,134.9,11.0,0.0,183.0,1,1,1,1,3,Lost
12370,1,139,3,474.92,8.275862068965518,29,158.30666666666667,9.666666666666666,1.5714285714285714,54.055555555555564,0,1,3,3,7,Potential
13131,0,69,3,949.6800000000001,11.079365079365079,61,316.56,20.333333333333332,1.8225806451612903,24.44571428571429,0,2,3,4,9,Loyal
17577,1,160,2,348.75,8.523809523809524,20,174.375,10.0,1.15,74.4186046511628,0,1,2,2,5,At Risk
15082,1,183,1,93.35000000000001,7.166666666666667,6,93.35000000000001,6.0,0.0,183.0,1,1,1,1,3,Lost
12645,0,161,2,756.74,11.35897435897436,38,378.37,19.0,0.5526315789473685,103.69491525423727,0,1,2,3,6,Potential
17083,0,41,4,627.54,16.25,22,156.885,5.5,6.086956521739131,5.785276073619632,0,3,4,3,10,Champions
12621,0,8,8,2538.21,11.476923076923077,96,317.27625,12.0,1.3333333333333333,3.428571428571429,0,4,4,4,12,Champions
13293,0,54,4,699.64,7.891304347826087,39,174.91,9.75,2.8222222222222224,14.127906976744185,0,3,4,3,10,Champions
16344,1,24,3,725.42,15.953488372093023,41,241.80666666666664,13.666666666666666,3.761904761904762,5.04,0,4,3,3,10,Champions
17731,1,136,2,421.18,6.933333333333334,28,210.59,14.0,1.6206896551724137,51.89473684210527,0,1,2,3,6,Potential
13976,1,21,3,681.88,7.621621621621622,34,227.29333333333332,11.333333333333334,4.472222222222222,3.8375634517766497,0,4,3,3,10,Champions
13242,0,77,2,214.5,10.0,9,107.25,4.5,10.5,6.695652173913044,0,2,2,2,6,Potential
16419,1,92,2,263.21,5.878787878787879,28,131.605,14.0,2.8125,24.131147540983605,0,2,3,2,7,Potential
13985,0,77,2,529.63,7.333333333333333,26,264.815,13.0,3.6206896551724137,16.66417910447761,0,2,3,3,8,Loyal
16873,0,35,4,3785.48,13.784172661870503,71,946.37,17.75,1.065217391304348,16.947368421052634,0,3,4,4,11,Champions
12663,1,139,2,106.2,5.666666666666667,6,53.1,3.0,8.6,14.479166666666668,0,1,3,1,5,At Risk
16530,1,183,1,38.4,8.0,2,38.4,2.0,0.0,183.0,1,1,1,1,3,Lost
13092,0,2,5,1031.8500000000001,5.865384615384615,36,206.37000000000003,7.2,3.4901960784313726,0.44541484716157204,0,4,4,4,12,Champions
12932,1,54,8,1271.78,11.845238095238095,66,158.9725,8.25,1.5060240963855422,21.548076923076923,0,3,4,4,11,Champions
18058,1,56,2,164.7,10.88888888888889,8,82.35,4.0,15.75,3.343283582089552,0,3,3,1,7,Potential
15176,1,182,1,891.14,9.061224489795919,49,891.14,49.0,0.0,182.0,1,1,1,3,5,At Risk
13164,1,84,2,87.4,4.0,5,43.7,2.5,19.6,4.077669902912621,0,2,3,1,6,Potential
12776,1,182,1,27.5,15.0,3,27.5,3.0,0.0,182.0,1,1,1,1,3,Lost
17201,1,38,3,707.02,5.591666666666667,107,235.67333333333332,35.666666666666664,1.1932773109243697,17.32567049808429,0,3,3,3,9,Loyal
17575,1,182,1,20.4,24.0,1,20.4,1.0,999.0,0.182,1,1,1,1,3,Lost
12474,0,21,5,1155.77,10.844155844155845,74,231.154,14.8,2.0789473684210527,6.82051282051282,0,4,4,4,12,Champions
16577,1,181,1,329.0,6.8,20,329.0,20.0,0.0,181.0,1,1,1,2,4,At Risk
12670,0,181,1,112.2,7.2,5,112.2,5.0,0.0,181.0,1,1,1,1,3,Lost
15765,1,181,1,298.38,15.619047619047619,21,298.38,21.0,0.0,181.0,1,1,1,2,4,At Risk
12567,0,2,4,1380.85,9.481012658227849,66,345.2125,16.5,2.269230769230769,0.611764705882353,0,4,4,4,12,Champions
14115,1,16,2,322.07,16.5625,16,161.035,8.0,11.0,1.3333333333333333,0,4,3,2,9,Loyal
14072,1,181,1,237.15,4.083333333333333,12,237.15,12.0,0.0,181.0,1,1,1,2,4,At Risk
16992,0,13,4,1189.19,7.776315789473684,71,297.2975,17.75,2.2266666666666666,4.028925619834711,0,4,4,4,12,Champions
14301,0,87,2,453.61,9.476190476190476,20,226.805,10.0,4.7,15.263157894736842,0,2,3,3,8,Loyal
17685,0,77,2,319.18,16.181818181818183,8,159.59,4.0,10.3,6.814159292035398,0,2,3,2,7,Potential
12677,1,70,2,279.6,9.647058823529411,11,139.8,5.5,6.9375,8.818897637795276,0,2,3,2,7,Potential
13696,1,106,2,500.2,18.153846153846153,13,250.1,6.5,6.166666666666667,14.790697674418604,0,2,3,3,8,Loyal
15244,1,181,1,145.76,6.666666666666667,9,145.76,9.0,0.0,181.0,1,1,1,1,3,Lost
13551,1,181,1,152.39999999999998,24.0,1,152.39999999999998,1.0,999.0,0.181,1,1,1,1,3,Lost
16839,0,2,4,468.40000000000003,8.916666666666666,18,117.10000000000001,4.5,7.739130434782608,0.2288557213930348,0,4,4,3,11,Champions
15807,0,181,1,245.4,8.307692307692308,13,245.4,13.0,0.0,181.0,1,1,1,2,4,At Risk
16978,1,181,2,225.05,4.1923076923076925,26,112.525,13.0,0.0,181.0,0,1,3,2,6,Potential
13291,0,27,6,1673.24,5.406060606060606,89,278.87333333333333,14.833333333333334,0.9207317073170732,14.057142857142855,0,3,4,4,11,Champions
13199,0,5,14,1530.4,18.06451612903226,14,109.31428571428572,1.0,5.7,0.7462686567164178,0,4,4,4,12,Champions
16553,0,16,7,1705.73,14.878378378378379,67,243.6757142857143,9.571428571428571,2.232876712328767,4.9491525423728815,0,4,4,4,12,Champions
13815,0,65,2,1456.29,11.41,86,728.145,43.0,1.1515151515151516,30.211267605633804,0,3,3,4,10,Champions
16895,0,61,3,478.43,3.0,57,159.47666666666666,19.0,1.7878787878787878,21.880434782608695,0,3,3,3,9,Loyal
15293,1,180,1,247.5,9.368421052631579,19,247.5,19.0,0.0,180.0,1,1,1,2,4,At Risk
15504,1,35,3,294.17,2.125,30,98.05666666666667,10.0,3.0638297872340425,8.612565445026178,0,3,3,2,8,Loyal
12695,1,43,3,658.07,7.892857142857143,25,219.35666666666668,8.333333333333334,5.074074074074074,7.079268292682927,0,3,3,3,9,Loyal
13223,1,180,1,15.0,12.0,1,15.0,1.0,999.0,0.18,1,1,1,1,3,Lost
17226,0,180,1,207.83,3.793103448275862,28,207.83,28.0,0.0,180.0,1,1,1,2,4,At Risk
17547,0,180,1,239.25,7.6875,16,239.25,16.0,0.0,180.0,1,1,1,2,4,At Risk
15278,1,76,4,343.15999999999997,13.68,25,85.78999999999999,6.25,4.291666666666667,14.362204724409448,0,2,4,2,8,Loyal
15288,0,110,2,577.76,6.1521739130434785,41,288.88,20.5,1.5333333333333334,43.42105263157895,0,2,3,3,8,Loyal
12976,0,89,4,1302.94,12.819444444444445,59,325.735,14.75,1.2535211267605635,39.49375,0,2,4,4,10,Champions
17258,0,180,1,283.85,3.6857142857142855,34,283.85,34.0,0.0,180.0,1,1,1,2,4,At Risk
17955,1,180,1,25.0,20.0,1,25.0,1.0,999.0,0.18,1,1,1,1,3,Lost
15372,0,176,2,392.40000000000003,18.0,2,196.20000000000002,1.0,0.6666666666666666,105.60000000000001,0,1,3,2,6,Potential
13446,0,0,10,2690.83,10.04635761589404,96,269.08299999999997,9.6,1.16,0.0,0,4,4,4,12,Champions
16608,0,178,1,547.65,3.4166666666666665,57,547.65,57.0,0.0,178.0,1,1,1,3,5,At Risk
15561,0,59,3,507.42,11.146341463414634,30,169.14000000000001,10.0,2.95,14.936708860759493,0,3,3,3,9,Loyal
17108,1,178,1,174.95,3.4444444444444446,9,174.95,9.0,0.0,178.0,1,1,1,1,3,Lost
15965,0,31,4,613.98,2.977777777777778,67,153.495,16.75,1.6292134831460674,11.790598290598291,0,3,4,3,10,Champions
15425,0,43,3,1490.47,6.96,103,496.8233333333333,34.333333333333336,1.0806451612903225,20.666666666666668,0,3,3,4,10,Champions
16136,1,178,1,97.5,11.0,6,97.5,6.0,0.0,178.0,1,1,1,1,3,Lost
13587,0,178,1,190.10000000000002,12.666666666666666,6,190.10000000000002,6.0,0.0,178.0,1,1,1,1,3,Lost
14970,0,45,6,2057.69,8.738461538461538,49,342.9483333333333,8.166666666666666,2.03125,14.845360824742269,0,3,4,4,11,Champions
15272,0,28,3,660.19,1.562874251497006,159,220.06333333333336,53.0,0.8975903614457831,14.755555555555555,0,3,3,3,9,Loyal
17285,1,143,2,240.29,3.5,32,120.145,16.0,1.0303030303030303,70.43283582089552,0,1,3,2,6,Potential
13421,0,1,5,1319.83,5.816,106,263.966,21.2,1.4274193548387097,0.4119601328903654,0,4,4,4,12,Champions
17340,0,29,4,3081.19,10.162162162162161,108,770.2975,27.0,1.0,14.5,0,3,4,4,11,Champions
16838,1,45,2,474.15999999999997,10.89655172413793,27,237.07999999999998,13.5,4.714285714285714,7.875,0,3,3,3,9,Loyal
15964,1,178,1,269.21000000000004,4.65,20,269.21000000000004,20.0,0.0,178.0,1,1,1,2,4,At Risk
14909,0,79,2,941.78,11.614035087719298,48,470.89,24.0,1.75,28.727272727272727,0,2,3,4,9,Loyal
18179,1,178,1,287.38,8.764705882352942,17,287.38,17.0,0.0,178.0,1,1,1,2,4,At Risk
14943,1,178,1,107.62,9.2,5,107.62,5.0,0.0,178.0,1,1,1,1,3,Lost
12426,1,177,1,658.6800000000001,7.2272727272727275,44,658.6800000000001,44.0,0.0,177.0,1,1,1,3,5,At Risk
12391,0,112,3,1216.74,7.926829268292683,82,405.58,27.333333333333332,0.8024691358024691,62.13698630136986,0,2,3,4,9,Loyal
12380,0,43,3,2591.58,10.548076923076923,87,863.86,29.0,1.3009708737864079,18.687763713080166,0,3,3,4,10,Champions
16330,0,177,1,51.43,1.9411764705882353,17,51.43,17.0,0.0,177.0,1,1,1,1,3,Lost
17136,1,177,1,176.0,6.4,10,176.0,10.0,0.0,177.0,1,1,1,1,3,Lost
15371,1,177,1,59.400000000000006,12.0,1,59.400000000000006,1.0,999.0,0.177,1,1,1,1,3,Lost
16544,1,34,4,235.10000000000002,10.2,8,58.775000000000006,2.0,15.777777777777779,2.0264900662251653,0,3,4,2,9,Loyal
16860,0,51,2,674.32,8.407407407407407,23,337.16,11.5,4.846153846153846,8.723684210526317,0,3,3,3,9,Loyal
17241,0,30,10,1965.39,6.132231404958677,90,196.53900000000002,9.0,1.1833333333333333,13.740458015267174,0,3,4,4,11,Champions
17442,0,8,5,1358.56,10.775280898876405,75,271.712,15.0,1.8977272727272727,2.7607843137254906,0,4,4,4,12,Champions
17644,0,7,7,1964.46,10.203703703703704,67,280.63714285714286,9.571428571428571,1.560747663551402,2.733576642335766,0,4,4,4,12,Champions
15323,1,77,3,373.75,7.541666666666667,24,124.58333333333333,8.0,4.260869565217392,14.636363636363635,0,2,3,2,7,Potential
13802,0,6,12,4634.3,10.154639175257731,128,386.19166666666666,10.666666666666666,0.8601036269430051,3.2256267409470754,0,4,4,4,12,Champions
14369,1,157,2,433.33,10.458333333333334,22,216.665,11.0,0.8260869565217391,85.97619047619047,0,1,3,3,7,Potential
16359,0,22,5,510.93,10.423076923076923,23,102.186,4.6,6.08,3.1073446327683616,0,4,4,3,11,Champions
14989,1,176,1,277.1,12.125,16,277.1,16.0,0.0,176.0,1,1,1,2,4,At Risk
16584,0,14,2,670.72,11.2,30,335.36,15.0,5.586206896551724,2.1256544502617802,0,4,3,3,10,Champions
13407,1,114,2,1685.54,15.984615384615385,65,842.77,32.5,0.96875,57.904761904761905,0,2,3,4,9,Loyal
17171,1,176,1,97.28,6.8,5,97.28,5.0,0.0,176.0,1,1,1,1,3,Lost
14639,0,34,2,1227.29,8.246753246753247,66,613.645,33.0,1.855263157894737,11.907834101382488,0,3,3,4,10,Champions
17778,1,176,1,72.9,3.6666666666666665,6,72.9,6.0,0.0,176.0,1,1,1,1,3,Lost
17789,1,176,1,154.25,8.785714285714286,12,154.25,12.0,0.0,176.0,1,1,1,1,3,Lost
15325,0,9,4,757.68,11.05084745762712,52,189.42,13.0,2.8448275862068964,2.3408071748878925,0,4,4,3,11,Champions
12960,0,92,2,618.1700000000001,10.194444444444445,30,309.08500000000004,15.0,2.3714285714285714,27.28813559322034,0,2,3,3,8,Loyal
13503,0,71,3,1095.82,4.191489361702128,125,365.2733333333333,41.666666666666664,0.7428571428571429,40.73770491803278,0,2,3,4,9,Loyal
12972,0,97,3,720.46,9.6,47,240.15333333333334,15.666666666666666,1.4259259259259258,39.98473282442749,0,2,3,3,8,Loyal
17931,0,10,10,1795.46,4.886877828054299,173,179.546,17.3,0.7363636363636363,5.7591623036649215,0,4,4,4,12,Champions
13842,0,62,5,473.79,8.416666666666666,32,94.75800000000001,6.4,3.2285714285714286,14.662162162162161,0,3,4,3,10,Champions
16911,1,150,2,245.3,4.705882352941177,29,122.65,14.5,0.7575757575757576,85.3448275862069,0,1,3,2,6,Potential
16774,0,26,3,653.93,4.507462686567164,53,217.97666666666666,17.666666666666668,2.257575757575758,7.981395348837209,0,4,3,3,10,Champions
14944,0,118,3,1387.0,12.389830508474576,54,462.3333333333333,18.0,0.9827586206896551,59.51304347826087,0,2,3,4,9,Loyal
13659,0,7,9,2298.56,10.274809160305344,103,255.39555555555555,11.444444444444445,1.2692307692307692,3.0847457627118646,0,4,4,4,12,Champions
18285,1,175,1,93.2,8.0,7,93.2,7.0,0.0,175.0,1,1,1,1,3,Lost
14244,1,175,1,245.45999999999998,17.0,14,245.45999999999998,14.0,0.0,175.0,1,1,1,2,4,At Risk
15251,0,13,7,1292.14,17.61904761904762,17,184.5914285714286,2.4285714285714284,7.95,1.452513966480447,0,4,4,4,12,Champions
17560,0,84,2,300.2,21.2,8,150.1,4.0,10.0,7.636363636363637,0,2,3,2,7,Potential
13613,0,141,2,577.6,7.6,25,288.8,12.5,1.1724137931034482,64.9047619047619,0,1,3,3,7,Potential
14276,0,175,1,291.99,11.65,20,291.99,20.0,0.0,175.0,1,1,1,2,4,At Risk
17426,0,125,3,854.11,9.51063829787234,45,284.7033333333333,15.0,1.065217391304348,60.52631578947369,0,2,3,3,8,Loyal
14584,0,42,3,512.05,5.285714285714286,67,170.6833333333333,22.333333333333332,1.4666666666666666,17.027027027027025,0,3,3,3,9,Loyal
16447,1,105,2,442.49,2.875,25,221.245,12.5,2.225806451612903,32.550000000000004,0,2,3,3,8,Loyal
16938,0,8,3,2166.16,4.138888888888889,295,722.0533333333333,98.33333333333333,0.4623955431754875,5.47047619047619,0,4,3,4,11,Champions
18218,1,111,2,276.96,13.428571428571429,13,138.48,6.5,4.846153846153846,18.986842105263158,0,2,3,2,7,Potential
14322,0,152,2,70.80000000000001,12.0,1,35.400000000000006,0.5,22.0,6.608695652173913,0,1,3,1,5,At Risk
14890,1,133,2,659.8,11.76595744680851,46,329.9,23.0,0.8913043478260869,70.32183908045977,0,1,3,3,7,Potential
13773,0,174,1,91.4,6.4,5,91.4,5.0,0.0,174.0,1,1,1,1,3,Lost
13020,1,77,2,584.96,7.405405405405405,36,292.48,18.0,2.6944444444444446,20.842105263157894,0,2,3,3,8,Loyal
12993,0,146,2,400.65,9.958333333333334,22,200.325,11.0,1.2173913043478262,65.84313725490196,0,1,3,3,7,Potential
13431,0,49,3,505.95,8.870967741935484,28,168.65,9.333333333333334,4.133333333333334,9.545454545454545,0,3,3,3,9,Loyal
12898,1,174,1,109.57000000000001,3.48,25,109.57000000000001,25.0,0.0,174.0,1,1,1,1,3,Lost
16170,0,2,11,3283.78,10.600961538461538,141,298.5254545454546,12.818181818181818,0.8019323671497585,1.1099195710455765,0,4,4,4,12,Champions
13579,0,174,1,369.63,9.5,26,369.63,26.0,0.0,174.0,1,1,1,2,4,At Risk
14152,0,9,2,529.09,12.75,32,264.545,16.0,4.685714285714286,1.5829145728643215,0,4,3,3,10,Champions
18178,0,7,5,2315.61,10.778571428571428,90,463.122,18.0,1.1870503597122302,3.2006578947368425,0,4,4,4,12,Champions
17763,1,168,3,61.2,2.3333333333333335,10,20.400000000000002,3.3333333333333335,0.45454545454545453,115.5,0,1,3,1,5,At Risk
17721,1,174,1,307.21000000000004,9.727272727272727,11,307.21000000000004,11.0,0.0,174.0,1,1,1,2,4,At Risk
18153,1,174,1,246.22,11.764705882352942,17,246.22,17.0,0.0,174.0,1,1,1,2,4,At Risk
14783,1,174,1,270.14,10.933333333333334,15,270.14,15.0,0.0,174.0,1,1,1,2,4,At Risk
18257,0,15,3,1490.8700000000001,11.024390243902438,73,496.9566666666667,24.333333333333332,1.9382716049382716,5.105042016806723,0,4,3,4,11,Champions
18008,0,85,5,340.89,3.5789473684210527,35,68.178,7.0,2.3513513513513513,25.362903225806452,0,2,4,2,8,Loyal
15306,1,15,6,1317.5,8.988505747126437,65,219.58333333333334,10.833333333333334,1.813953488372093,5.330578512396695,0,4,4,4,12,Champions
16487,1,92,2,170.65,3.696969696969697,27,85.325,13.5,2.53125,26.053097345132745,0,2,3,1,6,Potential
14686,0,174,2,302.92,2.2580645161290325,87,151.46,43.5,0.0,174.0,0,1,3,2,6,Potential
13333,0,173,1,106.5,8.625,8,106.5,8.0,0.0,173.0,1,1,1,1,3,Lost
13957,0,87,2,224.9,5.714285714285714,13,112.45,6.5,6.615384615384615,11.424242424242426,0,2,3,2,7,Potential
16574,0,173,1,590.91,9.975609756097562,41,590.91,41.0,0.0,173.0,1,1,1,3,5,At Risk
13604,1,173,1,263.12,10.0,12,263.12,12.0,0.0,173.0,1,1,1,2,4,At Risk
17145,1,27,4,2483.14,10.423076923076923,146,620.785,36.5,0.9354838709677419,13.95,0,3,4,4,11,Champions
13662,0,48,4,585.3,8.975609756097562,39,146.325,9.75,3.1,11.707317073170733,0,3,4,3,10,Champions
13552,0,14,6,1502.79,13.574074074074074,52,250.465,8.666666666666666,2.943396226415094,3.550239234449761,0,4,4,4,12,Champions
13191,1,173,1,156.19,1.9655172413793103,57,156.19,57.0,0.0,173.0,1,1,1,1,3,Lost
18283,0,136,3,249.12,1.3513513513513513,97,83.04,32.333333333333336,0.3181818181818182,103.17241379310346,0,1,3,2,6,Potential
12416,1,171,1,202.56,12.0,11,202.56,11.0,0.0,171.0,1,1,1,2,4,At Risk
13761,1,17,4,749.37,8.48,48,187.3425,12.0,3.122448979591837,4.123762376237623,0,4,4,3,11,Champions
14878,0,10,9,1203.39,3.708029197080292,78,133.71,8.666666666666666,1.1544117647058822,4.641638225255973,0,4,4,4,12,Champions
15988,1,66,2,523.96,3.258426966292135,88,261.98,44.0,1.1931818181818181,30.09326424870466,0,2,3,3,8,Loyal
15182,0,14,4,1005.1310000000001,9.036363636363637,47,251.28275000000002,11.75,2.888888888888889,3.6,0,4,4,4,12,Champions
16693,0,31,2,304.06,2.927536231884058,61,152.03,30.5,2.0441176470588234,10.183574879227054,0,3,3,2,8,Loyal
15774,0,3,4,564.54,4.576923076923077,43,141.135,10.75,3.2745098039215685,0.7018348623853211,0,4,4,3,11,Champions
16948,0,50,3,261.40000000000003,14.823529411764707,13,87.13333333333334,4.333333333333333,7.5,5.882352941176471,0,3,3,2,8,Loyal
13980,0,2,3,227.72,4.724137931034483,27,75.90666666666667,9.0,5.964285714285714,0.28717948717948716,0,4,3,2,9,Loyal
17332,1,43,5,617.16,6.313953488372093,75,123.43199999999999,15.0,1.4823529411764707,17.322274881516588,0,3,4,3,10,Champions
15928,1,171,1,140.53,15.2,10,140.53,10.0,0.0,171.0,1,1,1,1,3,Lost
12945,1,171,1,420.16,10.333333333333334,27,420.16,27.0,0.0,171.0,1,1,1,3,5,At Risk
16450,1,99,2,726.05,9.291666666666666,20,363.025,10.0,3.0869565217391304,24.223404255319146,0,2,3,3,8,Loyal
14602,1,171,1,192.61,2.6333333333333333,30,192.61,30.0,0.0,171.0,1,1,1,2,4,At Risk
16273,1,171,1,79.89,2.4285714285714284,7,79.89,7.0,0.0,171.0,1,1,1,1,3,Lost
13540,0,170,2,317.6,7.764705882352941,17,158.8,8.5,0.0,170.0,0,1,3,2,6,Potential
12360,0,78,2,528.0,11.894736842105264,38,264.0,19.0,2.4864864864864864,22.372093023255815,0,2,3,3,8,Loyal
13434,0,170,1,339.18,12.0,13,339.18,13.0,0.0,170.0,1,1,1,2,4,At Risk
12389,0,82,2,543.13,10.0,22,271.565,11.0,3.6666666666666665,17.571428571428573,0,2,3,3,8,Loyal
16619,0,113,2,1036.24,10.430769230769231,63,518.12,31.5,0.890625,59.768595041322314,0,2,3,4,9,Loyal
14997,1,170,1,187.2,19.2,10,187.2,10.0,0.0,170.0,1,1,1,1,3,Lost
17439,1,170,1,116.7,17.5,4,116.7,4.0,0.0,170.0,1,1,1,1,3,Lost
17195,1,170,1,366.9,10.384615384615385,26,366.9,26.0,0.0,170.0,1,1,1,2,4,At Risk
17081,0,80,2,153.14000000000001,2.6097560975609757,37,76.57000000000001,18.5,2.225,24.806201550387595,0,2,3,1,6,Potential
15754,1,8,5,2053.88,12.94186046511628,77,410.776,15.4,1.8705882352941177,2.7868852459016393,0,4,4,4,12,Champions
17259,0,44,2,571.39,3.7590361445783134,70,285.695,35.0,1.5365853658536586,17.346153846153847,0,3,3,3,9,Loyal
15673,0,30,4,1963.1200000000001,12.126436781609195,71,490.78000000000003,17.75,1.6046511627906976,11.517857142857142,0,3,4,4,11,Champions
16071,1,42,3,739.61,10.117647058823529,46,246.53666666666666,15.333333333333334,2.54,11.864406779661017,0,3,3,3,9,Loyal
13340,0,13,3,1187.62,21.625,15,395.8733333333333,5.0,10.333333333333334,1.1470588235294117,0,4,3,4,11,Champions
17829,0,170,1,1148.0600000000002,11.387755102040817,49,1148.0600000000002,49.0,0.0,170.0,1,1,1,4,6,Potential
13513,0,170,1,299.64,9.846153846153847,13,299.64,13.0,0.0,170.0,1,1,1,2,4,At Risk
12727,0,62,2,971.5500000000001,11.8,38,485.77500000000003,19.0,2.409090909090909,18.186666666666667,0,3,3,4,10,Champions
17667,0,14,3,1267.05,11.160493827160494,68,422.34999999999997,22.666666666666668,1.925,4.786324786324786,0,4,3,4,11,Champions
13330,0,80,2,939.3199999999999,16.22222222222222,33,469.65999999999997,16.5,2.5428571428571427,22.580645161290324,0,2,3,4,9,Loyal
15493,0,16,3,800.15,1.7011494252873562,121,266.71666666666664,40.333333333333336,0.8786127167630058,8.516923076923076,0,4,3,3,10,Champions
16416,0,21,3,296.0,11.368421052631579,19,98.66666666666667,6.333333333333333,8.222222222222221,2.27710843373494,0,4,3,2,9,Loyal
13052,0,65,4,1761.18,5.2745098039215685,108,440.295,27.0,0.6776315789473685,38.745098039215684,0,3,4,4,11,Champions
14726,1,169,1,106.55,5.785714285714286,14,106.55,14.0,0.0,169.0,1,1,1,1,3,Lost
15295,1,169,1,207.04,2.673076923076923,50,207.04,50.0,0.0,169.0,1,1,1,2,4,At Risk
13772,0,27,3,762.34,2.1269035532994924,171,254.11333333333334,57.0,0.7193877551020408,15.703264094955491,0,3,3,3,9,Loyal
15241,0,85,2,761.0600000000001,15.306122448979592,44,380.53000000000003,22.0,1.7291666666666667,31.145038167938928,0,2,3,3,8,Loyal
14112,0,77,3,1561.62,9.098039215686274,89,520.54,29.666666666666668,0.900990099009901,40.505208333333336,0,2,3,4,9,Loyal
13490,1,169,1,33.3,7.0,2,33.3,2.0,0.0,169.0,1,1,1,1,3,Lost
15955,0,97,3,1465.23,10.390625,59,488.41,19.666666666666668,1.126984126984127,45.6044776119403,0,2,3,4,9,Loyal
14681,0,159,2,112.5,5.0,6,56.25,3.0,1.8,56.78571428571429,0,1,3,1,5,At Risk
15290,0,21,4,1020.8199999999999,17.285714285714285,22,255.20499999999998,5.5,3.5609756097560976,4.60427807486631,0,4,4,4,12,Champions
16388,1,168,1,186.05,6.384615384615385,13,186.05,13.0,0.0,168.0,1,1,1,1,3,Lost
12482,1,115,12,821.4,24.25,4,68.45,0.3333333333333333,3.466666666666667,25.746268656716417,0,2,4,3,9,Loyal
16406,0,168,1,159.25,1.6444444444444444,44,159.25,44.0,0.0,168.0,1,1,1,1,3,Lost
12998,1,7,3,707.12,12.372549019607844,51,235.70666666666668,17.0,3.2,1.6666666666666665,0,4,3,3,10,Champions
15439,0,168,1,566.25,11.08,25,566.25,25.0,0.0,168.0,1,1,1,3,5,At Risk
14284,1,168,1,570.65,11.2,30,570.65,30.0,0.0,168.0,1,1,1,3,5,At Risk
12909,0,79,2,487.15,9.057142857142857,28,243.575,14.0,2.6176470588235294,21.83739837398374,0,2,3,3,8,Loyal
15659,0,168,1,108.44,5.333333333333333,3,108.44,3.0,0.0,168.0,1,1,1,1,3,Lost
13765,1,168,1,248.86100000000002,7.769230769230769,13,248.86100000000002,13.0,0.0,168.0,1,1,1,2,4,At Risk
17027,0,168,1,18.5,2.0,5,18.5,5.0,0.0,168.0,1,1,1,1,3,Lost
15058,0,107,2,322.55,9.277777777777779,14,161.275,7.0,3.5294117647058822,23.623376623376625,0,2,3,2,7,Potential
16208,0,16,4,1112.39,6.571428571428571,71,278.0975,17.75,1.819277108433735,5.6752136752136755,0,4,4,4,12,Champions
13944,1,168,1,192.87,3.4411764705882355,34,192.87,34.0,0.0,168.0,1,1,1,2,4,At Risk
14535,0,22,5,2172.0,2.8285714285714287,309,434.4,61.8,0.3723958333333333,16.0303605313093,0,4,4,4,12,Champions
13469,1,168,1,62.5,10.0,5,62.5,5.0,0.0,168.0,1,1,1,1,3,Lost
13104,0,48,2,208.62,16.5,2,104.31,1.0,39.666666666666664,1.180327868852459,0,3,3,2,8,Loyal
17358,0,168,1,104.47,6.0,12,104.47,12.0,0.0,168.0,1,1,1,1,3,Lost
16118,1,167,1,271.44,10.0,6,271.44,6.0,0.0,167.0,1,1,1,2,4,At Risk
14006,1,43,4,491.4,12.666666666666666,30,122.85,7.5,3.5142857142857142,9.525316455696203,0,3,4,3,10,Champions
16471,0,83,2,412.53000000000003,10.925925925925926,25,206.26500000000001,12.5,3.230769230769231,19.618181818181817,0,2,3,3,8,Loyal
16684,0,42,4,654.5600000000001,22.666666666666668,6,163.64000000000001,1.5,24.8,1.627906976744186,0,3,4,3,10,Champions
14740,0,71,5,1028.8400000000001,8.254545454545454,46,205.76800000000003,9.2,1.7407407407407407,25.905405405405407,0,2,4,4,10,Champions
18009,1,57,7,1475.39,3.8031496062992125,104,210.77,14.857142857142858,0.8571428571428571,30.69230769230769,0,3,4,4,11,Champions
17863,0,24,4,874.5,15.907407407407407,40,218.625,10.0,2.6792452830188678,6.523076923076923,0,4,4,3,11,Champions
13334,1,51,2,2267.84,6.7927461139896375,164,1133.92,82.0,0.6041666666666666,31.792207792207794,0,3,3,4,10,Champions
13771,1,48,5,2107.1,14.743589743589743,70,421.41999999999996,14.0,1.5194805194805194,19.051546391752577,0,3,4,4,11,Champions
13240,0,115,3,269.47,2.8684210526315788,36,89.82333333333334,12.0,1.3783783783783783,48.352272727272734,0,2,3,2,7,Potential
14402,1,167,1,105.6,13.714285714285714,7,105.6,7.0,0.0,167.0,1,1,1,1,3,Lost
17200,0,167,2,165.06,5.428571428571429,21,82.53,10.5,0.0,167.0,0,1,3,1,5,At Risk
13935,1,111,3,1765.3700000000001,14.23076923076923,39,588.4566666666667,13.0,1.4473684210526316,45.354838709677416,0,2,3,4,9,Loyal
16677,0,167,1,247.33,8.222222222222221,18,247.33,18.0,0.0,167.0,1,1,1,2,4,At Risk
17534,0,59,3,1026.53,9.403225806451612,56,342.1766666666667,18.666666666666668,1.7540983606557377,21.422619047619047,0,3,3,4,10,Champions
13652,0,167,1,369.09000000000003,11.538461538461538,26,369.09000000000003,26.0,0.0,167.0,1,1,1,2,4,At Risk
14770,0,35,5,1884.9,8.018518518518519,95,376.98,19.0,1.2149532710280373,15.801687763713081,0,3,4,4,11,Champions
17207,1,167,1,257.64,3.210526315789474,52,257.64,52.0,0.0,167.0,1,1,1,2,4,At Risk
17883,1,54,3,175.78,3.9545454545454546,21,58.593333333333334,7.0,5.333333333333333,8.526315789473685,0,3,3,1,7,Potential
17011,1,166,1,137.39999999999998,11.142857142857142,7,137.39999999999998,7.0,0.0,166.0,1,1,1,1,3,Lost
15366,0,65,3,714.91,14.173913043478262,37,238.3033333333333,12.333333333333334,2.2222222222222223,20.17241379310345,0,3,3,3,9,Loyal
16631,0,22,6,1353.49,7.870967741935484,38,225.58166666666668,6.333333333333333,2.3278688524590163,6.610837438423646,0,4,4,4,12,Champions
15124,0,166,1,108.13,7.0,5,108.13,5.0,0.0,166.0,1,1,1,1,3,Lost
13598,1,10,4,472.27,5.269230769230769,42,118.0675,10.5,3.0588235294117645,2.4637681159420293,0,4,4,3,11,Champions
14177,0,105,4,355.0,3.727272727272727,49,88.75,12.25,1.1296296296296295,49.30434782608695,0,2,4,2,8,Loyal
16913,1,166,1,25.99,2.2,5,25.99,5.0,0.0,166.0,1,1,1,1,3,Lost
14459,1,166,1,1940.5410000000002,13.979166666666666,48,1940.5410000000002,48.0,0.0,166.0,1,1,1,4,6,Potential
15569,0,45,3,191.55,2.4523809523809526,41,63.85,13.666666666666666,2.8780487804878048,11.60377358490566,0,3,3,2,8,Loyal
15149,1,92,3,570.36,6.764705882352941,34,190.12,11.333333333333334,2.1818181818181817,28.914285714285715,0,2,3,3,8,Loyal
14807,0,164,1,338.69,7.608695652173913,23,338.69,23.0,0.0,164.0,1,1,1,2,4,At Risk
18046,1,164,1,104.48,1.8571428571428572,21,104.48,21.0,0.0,164.0,1,1,1,1,3,Lost
17760,0,142,3,195.69,5.476190476190476,18,65.23,6.0,1.05,69.26829268292684,0,1,3,2,6,Potential
15990,1,9,5,1026.49,4.956521739130435,77,205.298,15.4,1.3421052631578947,3.842696629213483,0,4,4,4,12,Champions
15664,0,96,2,527.78,6.636363636363637,30,263.89,15.0,2.09375,31.03030303030303,0,2,3,3,8,Loyal
13883,0,77,5,1571.49,11.56578947368421,65,314.298,13.0,1.1333333333333333,36.09375,0,2,4,4,10,Champions
16939,1,3,3,360.84,5.0,35,120.27999999999999,11.666666666666666,4.297297297297297,0.5663265306122449,0,4,3,2,9,Loyal
13561,0,59,6,935.73,4.556451612903226,83,155.955,13.833333333333334,0.8373983739837398,32.110619469026545,0,3,4,3,10,Champions
16283,0,42,2,1334.68,3.4533898305084745,187,667.34,93.5,0.5191489361702127,27.64705882352941,0,3,3,4,10,Champions
17373,0,164,1,163.7,6.923076923076923,13,163.7,13.0,0.0,164.0,1,1,1,1,3,Lost
18069,0,73,3,1090.22,3.268199233716475,221,363.4066666666667,73.66666666666667,0.34615384615384615,54.22857142857143,0,2,3,4,9,Loyal
14798,0,47,4,530.17,12.2,20,132.5425,5.0,3.3529411764705883,10.797297297297296,0,3,4,3,10,Champions
12598,0,161,2,579.81,10.08108108108108,37,289.905,18.5,0.05555555555555555,152.52631578947367,0,1,3,3,7,Potential
13010,0,163,1,146.52,18.2,5,146.52,5.0,0.0,163.0,1,1,1,1,3,Lost
15219,1,163,1,339.9,13.875,16,339.9,16.0,0.0,163.0,1,1,1,2,4,At Risk
14131,1,163,1,168.22,2.282608695652174,45,168.22,45.0,0.0,163.0,1,1,1,1,3,Lost
16511,0,163,1,300.15,2.7454545454545456,52,300.15,52.0,0.0,163.0,1,1,1,2,4,At Risk
16037,1,59,2,454.82,10.933333333333334,30,227.41,15.0,3.5517241379310347,12.962121212121211,0,3,3,3,9,Loyal
13018,0,85,5,1167.25,8.253164556962025,70,233.45,14.0,0.9871794871794872,42.774193548387096,0,2,4,4,10,Champions
17305,1,163,1,63.5,10.0,1,63.5,1.0,999.0,0.163,1,1,1,1,3,Lost
16521,0,163,1,95.12,3.84,25,95.12,25.0,0.0,163.0,1,1,1,1,3,Lost
16519,0,0,2,223.98,4.173913043478261,20,111.99,10.0,7.409090909090909,0.0,0,4,3,2,9,Loyal
17359,1,163,1,133.9,3.5238095238095237,21,133.9,21.0,0.0,163.0,1,1,1,1,3,Lost
16731,1,163,1,170.3,2.9523809523809526,40,170.3,40.0,0.0,163.0,1,1,1,1,3,Lost
14257,0,16,2,1523.82,11.906976744186046,62,761.91,31.0,1.7176470588235293,5.887445887445887,0,4,3,4,11,Champions
15603,1,163,1,40.0,16.0,2,40.0,2.0,0.0,163.0,1,1,1,1,3,Lost
17116,1,163,1,348.74,6.044444444444444,45,348.74,45.0,0.0,163.0,1,1,1,2,4,At Risk
13911,0,44,9,812.49,10.326923076923077,45,90.27666666666667,5.0,2.235294117647059,13.6,0,3,4,3,10,Champions
12731,0,14,3,1937.8,14.72340425531915,28,645.9333333333333,9.333333333333334,3.1956521739130435,3.3367875647668397,0,4,3,4,11,Champions
16946,0,26,4,938.69,6.948275862068965,56,234.6725,14.0,2.3508771929824563,7.759162303664921,0,4,4,4,12,Champions
17477,1,127,2,527.5,5.766666666666667,30,263.75,15.0,1.1724137931034482,58.460317460317455,0,2,3,3,8,Loyal
13797,0,83,2,570.47,8.357142857142858,40,285.235,20.0,1.9268292682926829,28.358333333333334,0,2,3,3,8,Loyal
13126,0,14,3,1031.76,10.152542372881356,49,343.92,16.333333333333332,2.5344827586206895,3.9609756097560975,0,4,3,4,11,Champions
14818,0,37,2,300.75,4.1395348837209305,41,150.375,20.5,2.9761904761904763,9.305389221556887,0,3,3,2,8,Loyal
15927,1,162,1,93.10000000000001,2.4285714285714284,12,93.10000000000001,12.0,0.0,162.0,1,1,1,1,3,Lost
16960,0,71,2,648.52,3.154255319148936,167,324.26,83.5,0.48128342245989303,47.931407942238266,0,2,3,3,8,Loyal
12525,1,13,3,798.1800000000001,9.166666666666666,52,266.06,17.333333333333332,2.792452830188679,3.427860696517413,0,4,3,3,10,Champions
16177,0,14,4,1173.23,10.015384615384615,45,293.3075,11.25,2.28125,4.266666666666667,0,4,4,4,12,Champions
12809,1,80,2,773.03,6.3023255813953485,41,386.515,20.5,1.9285714285714286,27.317073170731707,0,2,3,3,8,Loyal
15606,0,55,4,1093.7,11.375,24,273.425,6.0,3.3870967741935485,12.536764705882353,0,3,4,4,11,Champions
13593,0,35,6,1946.1100000000001,4.827027027027027,123,324.3516666666667,20.5,0.6793478260869565,20.841423948220065,0,3,4,4,11,Champions
16520,0,104,2,525.0,2.5428571428571427,98,262.5,49.0,0.5480769230769231,67.18012422360248,0,2,3,3,8,Loyal
13793,1,161,1,96.0,7.428571428571429,7,96.0,7.0,0.0,161.0,1,1,1,1,3,Lost
13663,0,161,1,424.15000000000003,8.73913043478261,23,424.15000000000003,23.0,0.0,161.0,1,1,1,3,5,At Risk
16947,1,76,2,471.83000000000004,9.310344827586206,27,235.91500000000002,13.5,3.0357142857142856,18.831858407079647,0,2,3,3,8,Loyal
16099,0,14,3,415.3,12.526315789473685,17,138.43333333333334,5.666666666666667,8.11111111111111,1.5365853658536586,0,4,3,3,10,Champions
18148,1,161,1,112.85000000000001,6.3,9,112.85000000000001,9.0,0.0,161.0,1,1,1,1,3,Lost
17020,1,57,2,895.22,12.26865671641791,62,447.61,31.0,1.5757575757575757,22.129411764705882,0,3,3,3,9,Loyal
13873,0,89,2,109.35,7.5,6,54.675,3.0,14.2,5.855263157894737,0,2,3,1,6,Potential
13294,1,161,1,714.09,12.204545454545455,44,714.09,44.0,0.0,161.0,1,1,1,3,5,At Risk
12594,0,58,2,338.84,9.2,22,169.42,11.0,4.25,11.047619047619047,0,3,3,2,8,Loyal
16461,1,105,2,1140.68,3.6390243902439026,183,570.34,91.5,0.2696078431372549,82.70270270270271,0,2,3,4,9,Loyal
16636,0,97,3,923.57,17.59259259259259,27,307.8566666666667,9.0,2.3846153846153846,28.65909090909091,0,2,3,3,8,Loyal
13214,0,42,4,2004.54,11.049295774647888,135,501.135,33.75,0.8297872340425532,22.953488372093023,0,3,4,4,11,Champions
13722,0,15,3,1351.8,13.105263157894736,48,450.59999999999997,16.0,2.5892857142857144,4.17910447761194,0,4,3,4,11,Champions
13595,1,31,3,713.68,2.4558823529411766,107,237.89333333333332,35.666666666666664,0.9555555555555556,15.852272727272727,0,3,3,3,9,Loyal
14142,0,161,1,340.48,8.7,20,340.48,20.0,0.0,161.0,1,1,1,2,4,At Risk
18152,1,161,1,336.64,9.714285714285714,7,336.64,7.0,0.0,161.0,1,1,1,2,4,At Risk
16285,1,161,1,176.9,1.935483870967742,31,176.9,31.0,0.0,161.0,1,1,1,1,3,Lost
14157,0,161,1,135.85,7.125,8,135.85,8.0,0.0,161.0,1,1,1,1,3,Lost
15875,1,161,1,108.52,3.217391304347826,18,108.52,18.0,0.0,161.0,1,1,1,1,3,Lost
13835,1,34,3,161.3,6.8,10,53.76666666666667,3.3333333333333335,13.88888888888889,2.283582089552239,0,3,3,1,7,Potential
13377,0,160,1,529.57,10.192307692307692,26,529.57,26.0,0.0,160.0,1,1,1,3,5,At Risk
17049,0,6,6,1913.43,6.849557522123894,87,318.90500000000003,14.5,1.3571428571428572,2.5454545454545454,0,4,4,4,12,Champions
15622,0,65,7,3132.23,10.251282051282052,160,447.4614285714286,22.857142857142858,0.4845360824742268,43.78472222222222,0,3,4,4,11,Champions
17930,0,2,5,831.52,19.444444444444443,19,166.304,3.8,6.0,0.2857142857142857,0,4,4,3,11,Champions
15084,0,160,1,146.85000000000002,10.5,6,146.85000000000002,6.0,0.0,160.0,1,1,1,1,3,Lost
14097,0,160,1,102.1,14.333333333333334,12,102.1,12.0,0.0,160.0,1,1,1,1,3,Lost
18151,0,118,2,937.39,9.12962962962963,54,468.695,27.0,0.7924528301886793,65.83157894736841,0,2,3,3,8,Loyal
13879,1,160,1,375.6,8.416666666666666,24,375.6,24.0,0.0,160.0,1,1,1,2,4,At Risk
16859,0,35,3,460.57,11.676470588235293,34,153.52333333333334,11.333333333333334,3.757575757575758,7.356687898089172,0,3,3,3,9,Loyal
18272,1,63,3,1121.5,11.76923076923077,43,373.8333333333333,14.333333333333334,1.9019607843137254,21.70945945945946,0,3,3,4,10,Champions
17847,1,30,2,112.69000000000001,3.857142857142857,7,56.345000000000006,3.5,21.5,1.3333333333333333,0,3,3,1,7,Potential
18064,0,17,6,921.09,18.09375,28,153.51500000000001,4.666666666666667,4.548387096774194,3.0639534883720927,0,4,4,3,11,Champions
14018,1,160,1,341.95,13.666666666666666,12,341.95,12.0,0.0,160.0,1,1,1,2,4,At Risk
14426,0,23,5,3842.11,10.205761316872428,203,768.422,40.6,0.5537190082644629,14.803191489361701,0,4,4,4,12,Champions
13881,0,0,10,3827.54,15.342465753424657,50,382.754,5.0,2.1527777777777777,0.0,0,4,4,4,12,Champions
17159,0,160,1,133.8,7.555555555555555,9,133.8,9.0,0.0,160.0,1,1,1,1,3,Lost
16096,0,103,2,504.97,12.852941176470589,34,252.485,17.0,1.696969696969697,38.19101123595505,0,2,3,3,8,Loyal
14748,0,35,3,482.21,7.774193548387097,16,160.73666666666665,5.333333333333333,4.1,6.862745098039216,0,3,3,3,9,Loyal
15030,0,66,3,569.23,11.461538461538462,11,189.74333333333334,3.6666666666666665,7.75,7.542857142857143,0,2,3,3,8,Loyal
17448,1,44,41,13849.7,9.996251171508904,541,337.79756097560977,13.195121951219512,0.10037523452157598,39.98635976129582,0,3,4,4,11,Champions
12371,0,160,2,487.68,7.78125,31,243.84,15.5,0.0,160.0,0,1,3,3,7,Potential
17718,1,159,1,247.63,9.6875,16,247.63,16.0,0.0,159.0,1,1,1,2,4,At Risk
12399,0,34,2,338.69,14.423076923076923,23,169.345,11.5,5.0,5.666666666666667,0,3,3,2,8,Loyal
13280,0,159,1,277.45,8.055555555555555,18,277.45,18.0,0.0,159.0,1,1,1,2,4,At Risk
12568,1,159,1,30.7,15.0,3,30.7,3.0,0.0,159.0,1,1,1,1,3,Lost
13476,0,1,2,420.15000000000003,6.481481481481482,24,210.07500000000002,12.0,6.076923076923077,0.14130434782608697,0,4,3,3,10,Champions
18226,0,6,7,2142.59,12.259615384615385,81,306.0842857142857,11.571428571428571,1.4757281553398058,2.4235294117647057,0,4,4,4,12,Champions
14957,1,159,1,110.10000000000001,3.7857142857142856,13,110.10000000000001,13.0,0.0,159.0,1,1,1,1,3,Lost
14186,0,36,4,1134.97,11.733333333333333,59,283.7425,14.75,1.6486486486486487,13.591836734693878,0,3,4,4,11,Champions
13544,0,71,3,300.19,1.40625,91,100.06333333333333,30.333333333333332,0.9263157894736842,36.85792349726776,0,2,3,2,7,Potential
13515,0,159,1,106.5,3.0,6,106.5,6.0,0.0,159.0,1,1,1,1,3,Lost
15094,0,159,1,50.0,5.333333333333333,3,50.0,3.0,0.0,159.0,1,1,1,1,3,Lost
17006,0,159,1,179.76,2.7096774193548385,30,179.76,30.0,0.0,159.0,1,1,1,1,3,Lost
15630,1,159,1,295.05,9.35,20,295.05,20.0,0.0,159.0,1,1,1,2,4,At Risk
15978,0,159,1,573.14,10.5,30,573.14,30.0,0.0,159.0,1,1,1,3,5,At Risk
14852,0,26,7,1391.96,12.297619047619047,48,198.85142857142858,6.857142857142857,1.5662650602409638,10.131455399061034,0,4,4,4,12,Champions
14233,0,105,2,779.7,11.91304347826087,23,389.85,11.5,2.409090909090909,30.8,0,2,3,3,8,Loyal
13799,0,1,5,1219.98,11.0625,26,243.996,5.2,5.032258064516129,0.1657754010695187,0,4,4,4,12,Champions
16331,0,157,1,108.44999999999999,6.833333333333333,6,108.44999999999999,6.0,0.0,157.0,1,1,1,1,3,Lost
14172,1,120,3,188.82,2.0,27,62.94,9.0,1.2333333333333334,53.731343283582085,0,2,3,1,6,Potential
13201,1,17,4,960.49,11.698630136986301,57,240.1225,14.25,1.9305555555555556,5.800947867298579,0,4,4,4,12,Champions
13508,1,157,1,114.07,4.636363636363637,11,114.07,11.0,0.0,157.0,1,1,1,1,3,Lost
16271,0,29,3,1339.54,8.392857142857142,78,446.5133333333333,26.0,1.135135135135135,13.582278481012658,0,3,3,4,10,Champions
15443,0,38,6,1336.13,4.617977528089888,154,222.68833333333336,25.666666666666668,0.655367231638418,22.955631399317408,0,3,4,4,11,Champions
14205,0,24,4,601.38,14.368421052631579,32,150.345,8.0,3.5405405405405403,5.285714285714286,0,4,4,3,11,Champions
14877,0,157,1,176.85,3.1333333333333333,29,176.85,29.0,0.0,157.0,1,1,1,1,3,Lost
18253,1,157,1,144.72,5.0,4,144.72,4.0,0.0,157.0,1,1,1,1,3,Lost
13764,1,84,3,1157.15,6.684931506849315,125,385.7166666666667,41.666666666666664,0.503448275862069,55.87155963302752,0,2,3,4,9,Loyal
17236,0,40,5,362.33000000000004,3.9285714285714284,24,72.46600000000001,4.8,4.2592592592592595,7.605633802816901,0,3,4,2,9,Loyal
17589,0,9,9,6340.62,5.835311572700297,408,704.5133333333333,45.333333333333336,0.21545319465081725,7.4046454767726155,0,4,4,4,12,Champions
17734,1,40,3,634.09,7.9743589743589745,36,211.36333333333334,12.0,3.026315789473684,9.934640522875817,0,3,3,3,9,Loyal
13276,0,17,2,490.23,2.405940594059406,95,245.115,47.5,1.4,7.083333333333334,0,4,3,3,10,Champions
16466,0,34,5,1081.25,4.1953125,95,216.25,19.0,0.952755905511811,17.411290322580644,0,3,4,4,11,Champions
12530,0,112,2,557.82,12.827586206896552,26,278.91,13.0,1.5714285714285714,43.55555555555556,0,2,3,3,8,Loyal
15631,1,157,1,508.39,11.514285714285714,35,508.39,35.0,0.0,157.0,1,1,1,3,5,At Risk
18029,1,157,1,240.45,10.5625,16,240.45,16.0,0.0,157.0,1,1,1,2,4,At Risk
16984,0,14,5,3171.08,3.2390350877192984,340,634.216,68.0,0.3120879120879121,10.67001675041876,0,4,4,4,12,Champions
16310,0,157,1,164.88,8.636363636363637,11,164.88,11.0,0.0,157.0,1,1,1,1,3,Lost
16534,1,157,1,429.6,5.133333333333334,30,429.6,30.0,0.0,157.0,1,1,1,3,5,At Risk
17158,1,62,2,612.13,8.75609756097561,33,306.065,16.5,2.35,18.507462686567163,0,3,3,3,9,Loyal
12369,0,156,1,159.6,17.142857142857142,7,159.6,7.0,0.0,156.0,1,1,1,1,3,Lost
14493,0,22,4,1483.15,7.58282208588957,147,370.7875,36.75,0.8209876543209876,12.081355932203389,0,4,4,4,12,Champions
15847,0,156,1,80.62,5.333333333333333,6,80.62,6.0,0.0,156.0,1,1,1,1,3,Lost
17298,0,8,2,188.42,5.129032258064516,31,94.21,15.5,4.933333333333334,1.348314606741573,0,4,3,1,8,Loyal
15791,1,44,3,1812.92,11.86046511627907,71,604.3066666666667,23.666666666666668,1.3176470588235294,18.984771573604064,0,3,3,4,10,Champions
12765,0,7,5,963.18,14.291666666666666,38,192.636,7.6,3.148936170212766,1.6871794871794874,0,4,4,4,12,Champions
17682,0,14,4,1300.05,9.91139240506329,44,325.0125,11.0,1.8076923076923077,4.986301369863014,0,4,4,4,12,Champions
12825,1,36,2,260.28,7.375,13,130.14,6.5,8.0,4.0,0,3,3,2,8,Loyal
17325,0,156,1,101.89999999999999,12.75,8,101.89999999999999,8.0,0.0,156.0,1,1,1,1,3,Lost
13157,0,89,2,1469.8,15.894736842105264,52,734.9,26.0,1.1785714285714286,40.85245901639344,0,2,3,4,9,Loyal
17542,1,156,2,170.1,4.846153846153846,34,85.05,17.0,0.0,156.0,0,1,3,1,5,At Risk
12514,1,156,1,478.2,12.125,32,478.2,32.0,0.0,156.0,1,1,1,3,5,At Risk
17960,1,37,2,53.35,1.8,10,26.675,5.0,13.11111111111111,2.6220472440944884,0,3,3,1,7,Potential
16628,0,156,1,78.0,10.0,4,78.0,4.0,0.0,156.0,1,1,1,1,3,Lost
17289,0,31,4,505.55,3.8289473684210527,67,126.3875,16.75,1.6533333333333333,11.683417085427136,0,3,4,3,10,Champions
17672,0,156,1,1046.41,11.225,40,1046.41,40.0,0.0,156.0,1,1,1,4,6,Potential
17025,0,156,1,417.42,15.666666666666666,18,417.42,18.0,0.0,156.0,1,1,1,3,5,At Risk
16537,1,156,1,23.35,14.75,3,23.35,3.0,0.0,156.0,1,1,1,1,3,Lost
17488,1,156,1,336.5,7.555555555555555,18,336.5,18.0,0.0,156.0,1,1,1,2,4,At Risk
16681,1,156,1,151.5,17.0,5,151.5,5.0,0.0,156.0,1,1,1,1,3,Lost
13454,1,156,1,219.87,8.608695652173912,23,219.87,23.0,0.0,156.0,1,1,1,2,4,At Risk
16275,0,156,1,520.99,11.206896551724139,29,520.99,29.0,0.0,156.0,1,1,1,3,5,At Risk
18245,0,16,8,2444.55,11.573684210526316,152,305.56875,19.0,0.7195767195767195,9.304615384615385,0,4,4,4,12,Champions
17002,0,97,3,255.6,11.076923076923077,13,85.2,4.333333333333333,4.833333333333333,16.62857142857143,0,2,3,2,7,Potential
17663,0,2,5,1277.89,9.075757575757576,41,255.57800000000003,8.2,2.3384615384615386,0.5990783410138248,0,4,4,4,12,Champions
17438,0,68,2,282.78000000000003,4.823529411764706,11,141.39000000000001,5.5,5.4375,10.563106796116505,0,2,3,2,7,Potential
15250,1,155,1,60.0,16.0,3,60.0,3.0,0.0,155.0,1,1,1,1,3,Lost
17266,1,14,2,141.49,2.024390243902439,38,70.745,19.0,3.525,3.0939226519337013,0,4,3,1,8,Loyal
15437,1,155,1,177.39000000000001,8.727272727272727,11,177.39000000000001,11.0,0.0,155.0,1,1,1,1,3,Lost
12495,1,155,1,243.4,8.857142857142858,14,243.4,14.0,0.0,155.0,1,1,1,2,4,At Risk
15921,0,155,1,60.38,3.3333333333333335,12,60.38,12.0,0.0,155.0,1,1,1,1,3,Lost
18039,0,55,3,284.48,2.1682242990654204,97,94.82666666666667,32.333333333333336,0.9339622641509434,28.4390243902439,0,3,3,2,8,Loyal
17907,1,155,1,80.08000000000001,3.1666666666666665,12,80.08000000000001,12.0,0.0,155.0,1,1,1,1,3,Lost
14147,0,93,2,196.2,13.571428571428571,6,98.1,3.0,10.166666666666666,8.328358208955224,0,2,3,2,7,Potential
13627,1,3,2,492.33,10.696969696969697,33,246.165,16.5,4.75,0.5217391304347826,0,4,3,3,10,Champions
16854,0,155,1,1145.09,11.774193548387096,62,1145.09,62.0,0.0,155.0,1,1,1,4,6,Potential
13283,1,82,2,258.40000000000003,9.333333333333334,12,129.20000000000002,6.0,6.545454545454546,10.867469879518072,0,2,3,2,7,Potential
15722,0,118,3,743.0400000000001,7.897435897435898,29,247.68000000000004,9.666666666666666,0.9473684210526315,60.5945945945946,0,2,3,3,8,Loyal
16707,0,63,3,217.67000000000002,4.925,40,72.55666666666667,13.333333333333334,2.3333333333333335,18.9,0,3,3,2,8,Loyal
16756,0,52,3,541.27,10.885714285714286,29,180.42333333333332,9.666666666666666,3.0,13.0,0,3,3,3,9,Loyal
12542,0,155,1,282.84,17.2,20,282.84,20.0,0.0,155.0,1,1,1,2,4,At Risk
14676,0,45,2,280.8,14.4,7,140.4,3.5,12.11111111111111,3.4322033898305087,0,3,3,2,8,Loyal
13316,0,154,1,244.07999999999998,24.0,3,244.07999999999998,3.0,0.0,154.0,1,1,1,2,4,At Risk
12638,1,154,1,93.3,11.142857142857142,7,93.3,7.0,0.0,154.0,1,1,1,1,3,Lost
13484,0,154,1,165.78,10.181818181818182,11,165.78,11.0,0.0,154.0,1,1,1,1,3,Lost
16846,1,92,2,587.41,8.764705882352942,34,293.705,17.0,1.878787878787879,31.957894736842103,0,2,3,3,8,Loyal
17348,0,106,2,513.21,5.9411764705882355,69,256.605,34.5,0.5595238095238095,67.96946564885496,0,2,3,3,8,Loyal
13566,0,24,2,552.84,3.2814814814814817,120,276.42,60.0,0.9626865671641791,12.228136882129277,0,4,3,3,10,Champions
14924,1,125,2,439.02,12.625,15,219.51,7.5,1.9333333333333333,42.61363636363636,0,2,3,3,8,Loyal
16258,0,45,4,1685.75,11.28169014084507,63,421.4375,15.75,1.542857142857143,17.696629213483146,0,3,4,4,11,Champions
13305,0,15,2,646.07,6.4603174603174605,62,323.035,31.0,2.2419354838709675,4.6268656716417915,0,4,3,3,10,Champions
15558,1,154,1,142.33,3.7777777777777777,18,142.33,18.0,0.0,154.0,1,1,1,1,3,Lost
16611,0,10,4,1141.64,8.614285714285714,54,285.41,13.5,2.072463768115942,3.2547169811320757,0,4,4,4,12,Champions
17338,0,21,4,1525.73,4.237373737373737,141,381.4325,35.25,0.6649746192893401,12.61280487804878,0,4,4,4,12,Champions
14060,0,27,4,440.72,16.23076923076923,9,110.18,2.25,10.5,2.347826086956522,0,3,4,3,10,Champions
12954,1,153,1,136.95,9.0,9,136.95,9.0,0.0,153.0,1,1,1,1,3,Lost
16387,0,153,1,130.24,10.666666666666666,6,130.24,6.0,0.0,153.0,1,1,1,1,3,Lost
13715,0,16,8,3463.43,7.7204724409448815,173,432.92875,21.625,0.5217391304347826,10.514285714285714,0,4,4,4,12,Champions
14745,1,16,7,1002.59,11.915254237288135,35,143.22714285714287,5.0,2.293103448275862,4.858638743455497,0,4,4,4,12,Champions
15221,0,108,2,349.8,10.666666666666666,6,174.9,3.0,8.8,11.020408163265305,0,2,3,2,7,Potential
17065,1,152,2,75.30000000000001,7.0,5,37.650000000000006,2.5,0.0,152.0,0,1,3,1,5,At Risk
17228,0,33,4,669.58,6.966292134831461,74,167.395,18.5,1.3409090909090908,14.097087378640778,0,3,4,3,10,Champions
17588,0,65,2,593.6899999999999,7.541666666666667,20,296.84499999999997,10.0,3.782608695652174,13.590909090909092,0,3,3,3,9,Loyal
16347,0,71,5,931.6,4.168067226890757,90,186.32,18.0,0.6610169491525424,42.744897959183675,0,2,4,3,9,Loyal
13795,0,21,2,224.25,15.909090909090908,10,112.125,5.0,13.0,1.5,0,4,3,2,9,Loyal
14824,0,79,3,1497.65,10.06578947368421,58,499.2166666666667,19.333333333333332,0.9466666666666667,40.582191780821915,0,2,3,4,9,Loyal
12692,1,152,1,103.0,2.9166666666666665,12,103.0,12.0,0.0,152.0,1,1,1,1,3,Lost
15941,1,152,1,405.0,10.0,6,405.0,6.0,0.0,152.0,1,1,1,3,5,At Risk
12435,0,152,1,545.28,23.384615384615383,13,545.28,13.0,0.0,152.0,1,1,1,3,5,At Risk
13824,0,28,4,617.16,9.517241379310345,26,154.29,6.5,4.357142857142857,5.2266666666666675,0,3,4,3,10,Champions
13724,1,152,1,213.01,3.0952380952380953,39,213.01,39.0,0.0,152.0,1,1,1,2,4,At Risk
13573,0,152,1,73.35,5.857142857142857,7,73.35,7.0,0.0,152.0,1,1,1,1,3,Lost
16586,0,150,1,192.45,11.8,5,192.45,5.0,0.0,150.0,1,1,1,2,4,At Risk
15994,0,150,1,350.66,5.2727272727272725,31,350.66,31.0,0.0,150.0,1,1,1,2,4,At Risk
13183,0,56,3,367.58,11.7,15,122.52666666666666,5.0,4.894736842105263,9.5,0,3,3,2,8,Loyal
18149,0,66,2,585.74,4.868852459016393,48,292.87,24.0,1.3833333333333333,27.692307692307693,0,2,3,3,8,Loyal
13688,1,150,1,190.5,10.0,3,190.5,3.0,0.0,150.0,1,1,1,1,3,Lost
15665,0,150,1,491.68,5.285714285714286,60,491.68,60.0,0.0,150.0,1,1,1,3,5,At Risk
17849,0,64,2,139.18,3.466666666666667,13,69.59,6.5,6.071428571428571,9.05050505050505,0,3,3,1,7,Potential
14857,0,71,3,1257.031,9.047058823529412,70,419.01033333333334,23.333333333333332,0.9166666666666666,37.04347826086957,0,2,3,4,9,Loyal
14645,1,149,1,216.9,12.5,16,216.9,16.0,0.0,149.0,1,1,1,2,4,At Risk
14315,1,79,2,542.09,8.821428571428571,23,271.045,11.5,2.5925925925925926,21.989690721649485,0,2,3,3,8,Loyal
15117,0,149,2,331.85,12.875,22,165.925,11.0,0.0,149.0,0,1,3,2,6,Potential
18135,0,30,3,108.60000000000001,5.555555555555555,9,36.2,3.0,14.75,1.9047619047619047,0,3,3,1,7,Potential
13530,1,149,1,356.48,14.625,16,356.48,16.0,0.0,149.0,1,1,1,2,4,At Risk
14534,0,44,3,746.62,5.0,72,248.87333333333333,24.0,1.271604938271605,19.3695652173913,0,3,3,3,9,Loyal
16242,0,66,3,1482.25,3.532608695652174,138,494.0833333333333,46.0,0.4426229508196721,45.75,0,2,3,4,9,Loyal
13600,1,149,1,96.95,7.176470588235294,17,96.95,17.0,0.0,149.0,1,1,1,1,3,Lost
15227,0,85,2,552.6600000000001,7.1875,30,276.33000000000004,15.0,2.032258064516129,28.03191489361702,0,2,3,3,8,Loyal
15123,0,148,1,354.65999999999997,14.521739130434783,23,354.65999999999997,23.0,0.0,148.0,1,1,1,2,4,At Risk
15946,1,17,2,225.76,18.0,4,112.88,2.0,43.666666666666664,0.3805970149253732,0,4,3,2,9,Loyal
14873,1,148,1,276.75,7.611111111111111,18,276.75,18.0,0.0,148.0,1,1,1,2,4,At Risk
14604,1,148,1,133.91,3.9545454545454546,19,133.91,19.0,0.0,148.0,1,1,1,1,3,Lost
18063,0,148,1,102.0,24.0,1,102.0,1.0,999.0,0.148,1,1,1,1,3,Lost
14496,0,94,2,705.24,10.114285714285714,29,352.62,14.5,1.588235294117647,36.31818181818182,0,2,3,3,8,Loyal
12701,1,44,4,1425.08,10.729411764705882,74,356.27,18.5,1.2142857142857142,19.870967741935484,0,3,4,4,11,Champions
17478,0,148,1,706.2,9.076923076923077,26,706.2,26.0,0.0,148.0,1,1,1,3,5,At Risk
14872,0,99,2,496.68,11.133333333333333,27,248.34,13.5,1.6551724137931034,37.28571428571429,0,2,3,3,8,Loyal
17568,1,148,1,374.45,4.435483870967742,61,374.45,61.0,0.0,148.0,1,1,1,2,4,At Risk
17479,1,147,1,389.26,14.777777777777779,18,389.26,18.0,0.0,147.0,1,1,1,2,4,At Risk
16652,0,66,3,1557.8600000000001,11.818181818181818,25,519.2866666666667,8.333333333333334,2.53125,18.690265486725664,0,2,3,4,9,Loyal
13612,1,147,1,755.89,9.319148936170214,47,755.89,47.0,0.0,147.0,1,1,1,3,5,At Risk
16777,0,45,2,234.27,2.7142857142857144,38,117.135,19.0,2.4634146341463414,12.992957746478874,0,3,3,2,8,Loyal
13275,0,147,1,177.36,2.909090909090909,44,177.36,44.0,0.0,147.0,1,1,1,1,3,Lost
18196,0,147,1,265.98,5.54,50,265.98,50.0,0.0,147.0,1,1,1,2,4,At Risk
17933,1,147,1,114.69,4.5,12,114.69,12.0,0.0,147.0,1,1,1,1,3,Lost
16917,1,147,1,974.36,11.542857142857143,31,974.36,31.0,0.0,147.0,1,1,1,4,6,Potential
13371,1,20,2,1405.96,10.175675675675675,63,702.98,31.5,1.7397260273972603,7.299999999999999,0,4,3,4,11,Champions
16254,0,16,2,321.36,4.366666666666666,28,160.68,14.0,4.482758620689655,2.918238993710692,0,4,3,2,9,Loyal
16336,0,146,2,689.06,10.333333333333334,30,344.53,15.0,0.0,146.0,0,1,3,3,7,Potential
18131,1,146,1,39.599999999999994,24.0,1,39.599999999999994,1.0,999.0,0.146,1,1,1,1,3,Lost
16571,0,5,5,1255.08,12.835443037974683,53,251.016,10.6,1.794871794871795,1.7889908256880735,0,4,4,4,12,Champions
18187,1,146,1,630.44,7.341463414634147,41,630.44,41.0,0.0,146.0,1,1,1,3,5,At Risk
14427,1,9,2,511.48,13.0,23,255.74,11.5,6.2272727272727275,1.2452830188679245,0,4,3,3,10,Champions
16977,0,101,2,203.95,7.916666666666667,10,101.975,5.0,4.0,20.2,0,2,3,2,7,Potential
15819,0,51,5,1347.93,10.260416666666666,83,269.586,16.6,0.9894736842105263,25.634920634920636,0,3,4,4,11,Champions
14651,0,44,5,511.42,3.432098765432099,63,102.284,12.6,1.2625,19.447513812154696,0,3,4,3,10,Champions
15918,1,146,1,248.65,4.142857142857143,21,248.65,21.0,0.0,146.0,1,1,1,2,4,At Risk
14400,0,146,1,385.05,15.136363636363637,22,385.05,22.0,0.0,146.0,1,1,1,2,4,At Risk
13057,1,45,3,351.2,7.575757575757576,29,117.06666666666666,9.666666666666666,3.15625,10.827067669172932,0,3,3,2,8,Loyal
16385,0,146,1,100.31,2.8636363636363638,22,100.31,22.0,0.0,146.0,1,1,1,1,3,Lost
13243,0,146,1,199.17,2.8823529411764706,48,199.17,48.0,0.0,146.0,1,1,1,2,4,At Risk
15496,1,146,1,120.64,4.8,20,120.64,20.0,0.0,146.0,1,1,1,1,3,Lost
12615,0,19,2,1872.96,11.17,91,936.48,45.5,1.2828282828282829,8.323008849557523,0,4,3,4,11,Champions
16303,0,83,2,1108.94,7.833333333333333,39,554.47,19.5,1.0508474576271187,40.47107438016529,0,2,3,4,9,Loyal
16108,0,97,2,750.09,11.58695652173913,45,375.045,22.5,1.0888888888888888,46.436170212765965,0,2,3,3,8,Loyal
17349,0,146,1,23.9,5.5,6,23.9,6.0,0.0,146.0,1,1,1,1,3,Lost
18247,0,64,2,284.83,10.8125,13,142.415,6.5,5.4,10.0,0,3,3,2,8,Loyal
16668,0,7,4,348.52,10.478260869565217,18,87.13,4.5,6.2727272727272725,0.9625,0,4,4,2,10,Champions
16199,0,31,3,198.0,24.0,1,66.0,0.3333333333333333,56.5,0.5391304347826087,0,3,3,2,8,Loyal
13230,0,26,10,1309.36,2.6761363636363638,245,130.93599999999998,24.5,0.32763532763532766,19.583690987124463,0,4,4,4,12,Champions
13150,0,145,1,17.700000000000003,6.0,1,17.700000000000003,1.0,999.0,0.145,1,1,1,1,3,Lost
17838,0,2,6,1785.68,8.351851851851851,60,297.61333333333334,10.0,1.3177570093457944,0.8629032258064515,0,4,4,4,12,Champions
17738,0,61,7,1412.24,11.30232558139535,73,201.74857142857144,10.428571428571429,0.9764705882352941,30.863095238095237,0,3,4,4,11,Champions
16008,0,34,5,986.49,7.901408450704225,37,197.298,7.4,1.5571428571428572,13.296089385474861,0,3,4,4,11,Champions
14292,0,22,4,834.03,15.085106382978724,30,208.5075,7.5,2.652173913043478,6.023809523809524,0,4,4,3,11,Champions
14851,1,145,1,240.66,15.166666666666666,12,240.66,12.0,0.0,145.0,1,1,1,2,4,At Risk
16508,1,145,1,205.5,2.5,39,205.5,39.0,0.0,145.0,1,1,1,2,4,At Risk
17673,0,8,4,1234.91,5.71978021978022,126,308.7275,31.5,0.7458563535911602,4.582278481012659,0,4,4,4,12,Champions
12418,0,91,2,817.66,9.243243243243244,33,408.83,16.5,1.4722222222222223,36.80898876404494,0,2,3,3,8,Loyal
14316,0,62,4,269.58,17.5,11,67.395,2.75,7.454545454545454,7.333333333333335,0,3,4,2,9,Loyal
15650,1,36,2,451.33000000000004,6.633333333333334,28,225.66500000000002,14.0,3.6551724137931036,7.733333333333333,0,3,3,3,9,Loyal
18085,0,143,1,258.75,9.153846153846153,13,258.75,13.0,0.0,143.0,1,1,1,2,4,At Risk
17133,1,90,2,19.98,1.3333333333333333,3,9.99,1.5,26.5,3.272727272727273,0,2,3,1,6,Potential
17472,1,143,1,207.81,1.9583333333333333,47,207.81,47.0,0.0,143.0,1,1,1,2,4,At Risk
13466,0,15,3,490.5,12.068965517241379,25,163.5,8.333333333333334,4.535714285714286,2.709677419354839,0,4,3,3,10,Champions
17587,1,143,1,135.31,1.6578947368421053,38,135.31,38.0,0.0,143.0,1,1,1,1,3,Lost
17051,0,101,2,283.05,2.257575757575758,60,141.525,30.0,0.6461538461538462,61.35514018691589,0,2,3,2,7,Potential
16039,0,143,1,143.48000000000002,10.272727272727273,11,143.48000000000002,11.0,0.0,143.0,1,1,1,1,3,Lost
16397,1,143,1,20.38,6.4,5,20.38,5.0,0.0,143.0,1,1,1,1,3,Lost
18078,0,143,1,256.22,7.095238095238095,21,256.22,21.0,0.0,143.0,1,1,1,2,4,At Risk
12368,1,143,1,371.5,14.6,10,371.5,10.0,0.0,143.0,1,1,1,2,4,At Risk
13451,0,17,4,3166.94,5.146341463414634,308,791.735,77.0,0.27555555555555555,13.32752613240418,0,4,4,4,12,Champions
12639,0,142,1,196.58,10.923076923076923,13,196.58,13.0,0.0,142.0,1,1,1,2,4,At Risk
14928,1,142,1,223.91000000000003,12.761904761904763,21,223.91000000000003,21.0,0.0,142.0,1,1,1,2,4,At Risk
17552,0,22,6,1192.59,10.194029850746269,47,198.765,7.833333333333333,1.803030303030303,7.848648648648649,0,4,4,4,12,Champions
16132,1,59,2,193.4,13.090909090909092,10,96.7,5.0,8.3,6.344086021505376,0,3,3,2,8,Loyal
13151,1,140,2,913.69,5.957746478873239,59,456.845,29.5,0.014285714285714285,138.0281690140845,0,1,3,3,7,Potential
13482,1,142,1,151.45,7.888888888888889,9,151.45,9.0,0.0,142.0,1,1,1,1,3,Lost
14175,0,35,3,1628.54,7.977528089887641,71,542.8466666666667,23.666666666666668,1.2045454545454546,15.876288659793815,0,3,3,4,10,Champions
14817,0,27,3,1056.21,11.421052631578947,61,352.07,20.333333333333332,1.52,10.714285714285714,0,3,3,4,10,Champions
13357,1,9,4,2628.41,5.8388278388278385,214,657.1025,53.5,0.4852941176470588,6.0594059405940595,0,4,4,4,12,Champions
14355,0,142,1,285.24,14.636363636363637,22,285.24,22.0,0.0,142.0,1,1,1,2,4,At Risk
16441,0,142,1,191.74,5.4,20,191.74,20.0,0.0,142.0,1,1,1,2,4,At Risk
17640,0,45,3,634.24,14.761904761904763,18,211.41333333333333,6.0,4.8,7.758620689655173,0,3,3,3,9,Loyal
13706,1,141,1,187.82999999999998,9.181818181818182,11,187.82999999999998,11.0,0.0,141.0,1,1,1,1,3,Lost
15614,0,15,2,872.1800000000001,14.733333333333333,30,436.09000000000003,15.0,4.344827586206897,2.8064516129032255,0,4,3,3,10,Champions
14596,1,141,1,182.27,1.4230769230769231,49,182.27,49.0,0.0,141.0,1,1,1,1,3,Lost
15105,0,141,1,298.58,9.473684210526315,19,298.58,19.0,0.0,141.0,1,1,1,2,4,At Risk
17389,0,5,12,1842.3200000000002,12.557377049180328,19,153.52666666666667,1.5833333333333333,2.1666666666666665,1.5789473684210527,0,4,4,4,12,Champions
16970,1,141,1,71.4,6.0,2,71.4,2.0,0.0,141.0,1,1,1,1,3,Lost
14166,1,20,2,221.3,1.6458333333333333,36,110.65,18.0,2.574468085106383,5.595238095238096,0,4,3,2,9,Loyal
16578,1,141,1,156.6,12.0,9,156.6,9.0,0.0,141.0,1,1,1,1,3,Lost
16615,1,141,1,263.8,12.294117647058824,17,263.8,17.0,0.0,141.0,1,1,1,2,4,At Risk
13445,1,141,1,119.4,17.0,4,119.4,4.0,0.0,141.0,1,1,1,1,3,Lost
14762,1,141,1,100.8,8.0,7,100.8,7.0,0.0,141.0,1,1,1,1,3,Lost
14344,0,19,5,895.72,3.8411214953271027,75,179.144,15.0,1.1132075471698113,8.991071428571429,0,4,4,3,11,Champions
15869,1,141,1,171.47,5.157894736842105,18,171.47,18.0,0.0,141.0,1,1,1,1,3,Lost
13896,1,140,1,261.05,7.315789473684211,19,261.05,19.0,0.0,140.0,1,1,1,2,4,At Risk
18189,1,140,1,299.57,13.058823529411764,17,299.57,17.0,0.0,140.0,1,1,1,2,4,At Risk
13252,0,140,1,213.25,8.214285714285714,14,213.25,14.0,0.0,140.0,1,1,1,2,4,At Risk
16077,1,140,1,66.0,24.0,1,66.0,1.0,999.0,0.14,1,1,1,1,3,Lost
13988,0,140,1,294.3,9.764705882352942,17,294.3,17.0,0.0,140.0,1,1,1,2,4,At Risk
12742,1,140,1,1080.56,12.046153846153846,65,1080.56,65.0,0.0,140.0,1,1,1,4,6,Potential
16002,1,140,1,148.51,1.7,40,148.51,40.0,0.0,140.0,1,1,1,1,3,Lost
14729,0,140,2,242.9,2.9152542372881354,57,121.45,28.5,0.0,140.0,0,1,3,2,6,Potential
15086,1,79,2,218.53,8.636363636363637,10,109.265,5.0,6.0,11.285714285714286,0,2,3,2,7,Potential
16444,0,3,6,933.02,5.275229357798165,92,155.50333333333333,15.333333333333334,1.2407407407407407,1.3388429752066118,0,4,4,3,11,Champions
14026,0,140,1,386.53000000000003,8.448275862068966,29,386.53000000000003,29.0,0.0,140.0,1,1,1,2,4,At Risk
15447,1,42,4,270.46000000000004,8.5,16,67.61500000000001,4.0,6.466666666666667,5.625,0,3,4,2,9,Loyal
16741,1,140,1,157.16,7.9,10,157.16,10.0,0.0,140.0,1,1,1,1,3,Lost
17072,1,140,1,253.45,10.5,19,253.45,19.0,0.0,140.0,1,1,1,2,4,At Risk
14202,0,71,2,317.26,8.166666666666666,11,158.63,5.5,6.181818181818182,9.886075949367088,0,2,3,2,7,Potential
14947,0,44,3,329.77,8.318181818181818,20,109.92333333333333,6.666666666666667,4.476190476190476,8.034782608695652,0,3,3,2,8,Loyal
15374,1,139,1,53.28,14.0,4,53.28,4.0,0.0,139.0,1,1,1,1,3,Lost
13849,0,139,1,274.65,6.368421052631579,19,274.65,19.0,0.0,139.0,1,1,1,2,4,At Risk
17001,0,5,5,892.46,13.0,30,178.49200000000002,6.0,3.022727272727273,1.2429378531073445,0,4,4,3,11,Champions
16090,1,139,1,129.56,3.6,15,129.56,15.0,0.0,139.0,1,1,1,1,3,Lost
13969,0,13,8,1294.61,4.4480519480519485,98,161.82625,12.25,0.803921568627451,7.206521739130435,0,4,4,4,12,Champions
17301,1,139,1,131.15,1.462962962962963,52,131.15,52.0,0.0,139.0,1,1,1,1,3,Lost
13900,0,19,2,531.92,9.18918918918919,35,265.96,17.5,3.3333333333333335,4.384615384615384,0,4,3,3,10,Champions
13285,1,115,2,561.73,8.631578947368421,36,280.865,18.0,0.6216216216216216,70.91666666666667,0,2,3,3,8,Loyal
12870,0,139,1,186.60000000000002,10.857142857142858,14,186.60000000000002,14.0,0.0,139.0,1,1,1,1,3,Lost
15027,0,78,4,755.21,11.424242424242424,28,188.8025,7.0,1.84375,27.428571428571427,0,2,4,3,9,Loyal
16794,0,80,3,469.59999999999997,2.2083333333333335,110,156.53333333333333,36.666666666666664,0.40559440559440557,56.91542288557214,0,2,3,3,8,Loyal
17484,1,91,2,123.47,9.444444444444445,9,61.735,4.5,5.875,13.236363636363636,0,2,3,1,6,Potential
12726,0,62,2,127.19999999999999,24.0,6,63.599999999999994,3.0,15.4,3.780487804878049,0,3,3,1,7,Potential
13187,1,139,3,105.34,10.578947368421053,14,35.11333333333334,4.666666666666667,0.0,139.0,0,1,3,1,5,At Risk
13705,0,23,3,652.24,10.857142857142858,31,217.41333333333333,10.333333333333334,3.3529411764705883,5.283783783783783,0,4,3,3,10,Champions
14704,0,139,1,99.39,1.4705882352941178,33,99.39,33.0,0.0,139.0,1,1,1,1,3,Lost
12791,1,115,3,378.42999999999995,10.15,14,126.14333333333332,4.666666666666667,1.2105263157894737,52.02380952380953,0,2,3,2,7,Potential
15698,1,139,1,15.0,12.0,1,15.0,1.0,999.0,0.139,1,1,1,1,3,Lost
14330,1,138,1,200.63,7.923076923076923,13,200.63,13.0,0.0,138.0,1,1,1,2,4,At Risk
16286,0,138,1,257.05,6.583333333333333,12,257.05,12.0,0.0,138.0,1,1,1,2,4,At Risk
14013,0,138,1,114.7,11.142857142857142,7,114.7,7.0,0.0,138.0,1,1,1,1,3,Lost
15789,0,57,3,666.43,11.159090909090908,40,222.14333333333332,13.333333333333334,1.8837209302325582,19.766129032258068,0,3,3,3,9,Loyal
18188,0,111,2,337.55,7.571428571428571,20,168.775,10.0,1.3,48.2608695652174,0,2,3,2,7,Potential
17582,0,48,3,332.74,4.461538461538462,39,110.91333333333334,13.0,2.3421052631578947,14.362204724409448,0,3,3,2,8,Loyal
18166,1,138,1,175.5,9.0,10,175.5,10.0,0.0,138.0,1,1,1,1,3,Lost
18215,0,42,2,851.95,12.2,27,425.975,13.5,2.823529411764706,10.984615384615385,0,3,3,3,9,Loyal
16493,0,37,2,337.44,6.461538461538462,38,168.72,19.0,2.6578947368421053,10.115107913669064,0,3,3,2,8,Loyal
16601,0,138,1,67.25,22.5,2,67.25,2.0,0.0,138.0,1,1,1,1,3,Lost
14537,1,138,1,229.14000000000001,10.2,10,229.14000000000001,10.0,0.0,138.0,1,1,1,2,4,At Risk
13117,0,26,6,600.73,11.195652173913043,39,100.12166666666667,6.5,2.422222222222222,7.597402597402597,0,4,4,3,11,Champions
14074,1,138,1,20.0,16.0,1,20.0,1.0,999.0,0.138,1,1,1,1,3,Lost
12477,0,40,2,3322.4,8.111764705882353,155,1661.2,77.5,0.5739644970414202,25.413533834586467,0,3,3,4,10,Champions
14994,0,103,2,346.44,1.7966101694915255,104,173.22,52.0,0.2905982905982906,79.80794701986754,0,2,3,2,7,Potential
16807,0,90,2,589.65,9.119047619047619,42,294.825,21.0,1.146341463414634,41.93181818181818,0,2,3,3,8,Loyal
15249,0,27,4,1846.54,9.3125,91,461.635,22.75,0.990990990990991,13.561085972850679,0,3,4,4,11,Champions
14253,1,8,2,298.95000000000005,10.125,8,149.47500000000002,4.0,18.428571428571427,0.411764705882353,0,4,3,2,9,Loyal
16833,0,138,1,287.38,6.615384615384615,13,287.38,13.0,0.0,138.0,1,1,1,2,4,At Risk
15552,1,138,1,131.20000000000002,4.833333333333333,12,131.20000000000002,12.0,0.0,138.0,1,1,1,1,3,Lost
15848,1,136,1,121.04,1.3333333333333333,33,121.04,33.0,0.0,136.0,1,1,1,1,3,Lost
13053,1,136,1,93.65,2.6875,16,93.65,16.0,0.0,136.0,1,1,1,1,3,Lost
15289,0,136,1,425.7,10.88888888888889,27,425.7,27.0,0.0,136.0,1,1,1,3,5,At Risk
17827,1,136,1,382.54,4.8,64,382.54,64.0,0.0,136.0,1,1,1,2,4,At Risk
14378,1,136,1,118.5,7.0,8,118.5,8.0,0.0,136.0,1,1,1,1,3,Lost
14805,0,31,2,297.40000000000003,1.8823529411764706,46,148.70000000000002,23.0,2.1,10.0,0,3,3,2,8,Loyal
16934,0,35,3,657.96,7.959183673469388,48,219.32000000000002,16.0,2.1041666666666665,11.275167785234899,0,3,3,3,9,Loyal
16784,0,8,2,307.57,2.9814814814814814,52,153.785,26.0,2.3962264150943398,2.3555555555555556,0,4,3,2,9,Loyal
12910,0,8,2,823.8,17.05263157894737,17,411.9,8.5,7.055555555555555,0.993103448275862,0,4,3,3,10,Champions
15068,0,136,1,238.57,3.037037037037037,52,238.57,52.0,0.0,136.0,1,1,1,2,4,At Risk
17518,0,136,1,133.52,2.8378378378378377,37,133.52,37.0,0.0,136.0,1,1,1,1,3,Lost
14101,0,35,3,495.3,17.066666666666666,8,165.1,2.6666666666666665,7.142857142857143,4.298245614035088,0,3,3,3,9,Loyal
15423,1,96,2,139.74,7.25,8,69.87,4.0,5.571428571428571,14.608695652173914,0,2,3,1,6,Potential
14572,0,73,2,769.34,4.8,61,384.67,30.5,0.9130434782608695,38.15909090909091,0,2,3,3,8,Loyal
15570,0,63,5,1785.79,6.0064935064935066,118,357.158,23.6,0.46405228758169936,43.03124999999999,0,3,4,4,11,Champions
17068,0,3,14,2176.21,3.2051282051282053,106,155.44357142857143,7.571428571428571,0.3628571428571429,2.20125786163522,0,4,4,4,12,Champions
13684,0,77,2,352.71999999999997,2.46,46,176.35999999999999,23.0,1.183673469387755,35.26168224299065,0,2,3,2,7,Potential
14078,0,86,2,359.54,3.2419354838709675,58,179.77,29.0,0.819672131147541,47.26126126126126,0,2,3,2,7,Potential
15231,1,136,1,230.1,10.923076923076923,13,230.1,13.0,0.0,136.0,1,1,1,2,4,At Risk
16666,1,136,1,80.15,5.142857142857143,13,80.15,13.0,0.0,136.0,1,1,1,1,3,Lost
14583,0,48,2,437.68,2.1206896551724137,109,218.84,54.5,0.7565217391304347,27.326732673267326,0,3,3,3,9,Loyal
14809,1,136,2,623.1,12.125,16,311.55,8.0,0.0,136.0,0,1,3,3,7,Potential
16549,0,5,10,1621.79,1.6094488188976377,330,162.179,33.0,0.19873817034700317,4.171052631578947,0,4,4,4,12,Champions
15141,0,33,6,1071.96,12.317460317460318,37,178.66,6.166666666666667,1.6129032258064515,12.62962962962963,0,3,4,4,11,Champions
13113,0,9,7,1712.36,6.04424778761062,85,244.62285714285713,12.142857142857142,1.1071428571428572,4.271186440677966,0,4,4,4,12,Champions
15981,0,7,9,3157.71,11.567796610169491,63,350.8566666666667,7.0,1.0683760683760684,3.3842975206611574,0,4,4,4,12,Champions
17994,0,22,5,957.53,4.5307262569832405,147,191.506,29.4,0.6235955056179775,13.550173010380622,0,4,4,4,12,Champions
16456,0,51,4,1533.74,6.410596026490066,123,383.435,30.75,0.5533333333333333,32.832618025751074,0,3,4,4,11,Champions
16502,1,135,1,133.67,2.96875,32,133.67,32.0,0.0,135.0,1,1,1,1,3,Lost
17046,0,135,1,359.44,13.909090909090908,22,359.44,22.0,0.0,135.0,1,1,1,2,4,At Risk
12496,1,135,2,45.34,3.0,10,22.67,5.0,0.0,135.0,0,1,3,1,5,At Risk
16036,0,135,1,660.73,10.125,32,660.73,32.0,0.0,135.0,1,1,1,3,5,At Risk
16176,0,43,2,865.54,13.323529411764707,27,432.77,13.5,2.787878787878788,11.352,0,3,3,3,9,Loyal
13412,1,135,1,334.15,6.44,25,334.15,25.0,0.0,135.0,1,1,1,2,4,At Risk
17664,0,135,1,296.1,10.55,20,296.1,20.0,0.0,135.0,1,1,1,2,4,At Risk
16570,0,26,4,899.05,13.979591836734693,38,224.7625,9.5,2.2291666666666665,8.051612903225807,0,4,4,3,11,Champions
16455,0,134,1,641.6,11.257142857142858,35,641.6,35.0,0.0,134.0,1,1,1,3,5,At Risk
17676,0,42,2,631.11,11.071428571428571,38,315.555,19.0,2.2439024390243905,12.94736842105263,0,3,3,3,9,Loyal
12990,0,20,2,156.0,16.0,3,78.0,1.5,28.25,0.6837606837606838,0,4,3,1,8,Loyal
12861,1,134,1,39.599999999999994,12.0,2,39.599999999999994,2.0,0.0,134.0,1,1,1,1,3,Lost
15029,1,134,1,208.20000000000002,13.0,8,208.20000000000002,8.0,0.0,134.0,1,1,1,2,4,At Risk
15715,1,70,5,574.52,6.9411764705882355,30,114.904,6.0,1.9090909090909092,24.0625,0,2,4,3,9,Loyal
15575,1,134,1,30.1,2.0,3,30.1,3.0,0.0,134.0,1,1,1,1,3,Lost
17586,1,134,1,167.4,8.5,8,167.4,8.0,0.0,134.0,1,1,1,1,3,Lost
17464,1,37,2,493.28000000000003,7.037037037037037,26,246.64000000000001,13.0,3.730769230769231,7.821138211382114,0,3,3,3,9,Loyal
17217,1,134,1,55.8,1.2352941176470589,17,55.8,17.0,0.0,134.0,1,1,1,1,3,Lost
14235,1,13,4,996.77,12.910714285714286,51,249.1925,12.75,2.1818181818181817,4.085714285714286,0,4,4,4,12,Champions
15122,0,13,5,1852.14,8.926315789473684,71,370.428,14.2,1.2765957446808511,5.710280373831775,0,4,4,4,12,Champions
14492,0,45,4,832.14,5.488372093023256,31,208.035,7.75,2.0952380952380953,14.538461538461538,0,3,4,3,10,Champions
14882,0,30,5,364.70000000000005,9.692307692307692,11,72.94000000000001,2.2,8.583333333333334,3.1304347826086953,0,3,4,2,9,Loyal
15742,1,134,1,100.77,1.2777777777777777,36,100.77,36.0,0.0,134.0,1,1,1,1,3,Lost
13856,0,9,6,342.99,7.88,21,57.165,3.5,5.083333333333333,1.4794520547945207,0,4,4,2,10,Champions
16658,0,78,2,191.07,5.086956521739131,23,95.535,11.5,2.5454545454545454,22.0,0,2,3,2,7,Potential
13676,1,54,2,153.15,5.363636363636363,11,76.575,5.5,8.0,6.0,0,3,3,1,7,Potential
17602,0,20,7,1527.02,4.013888888888889,185,218.1457142857143,26.428571428571427,0.3902439024390244,14.385964912280702,0,4,4,4,12,Champions
18025,0,78,2,419.62,7.102564102564102,28,209.81,14.0,1.4473684210526316,31.87096774193548,0,2,3,3,8,Loyal
15792,0,133,1,447.02000000000004,11.307692307692308,26,447.02000000000004,26.0,0.0,133.0,1,1,1,3,5,At Risk
15216,1,133,1,274.99,10.411764705882353,17,274.99,17.0,0.0,133.0,1,1,1,2,4,At Risk
13803,0,133,1,377.73,10.227272727272727,22,377.73,22.0,0.0,133.0,1,1,1,2,4,At Risk
18093,1,133,1,135.0,20.0,1,135.0,1.0,999.0,0.133,1,1,1,1,3,Lost
17889,0,133,1,16.44,1.0,5,16.44,5.0,0.0,133.0,1,1,1,1,3,Lost
14706,1,133,1,311.44,9.454545454545455,22,311.44,22.0,0.0,133.0,1,1,1,2,4,At Risk
13179,1,133,1,572.3100000000001,10.823529411764707,34,572.3100000000001,34.0,0.0,133.0,1,1,1,3,5,At Risk
15741,0,133,1,50.400000000000006,8.0,2,50.400000000000006,2.0,0.0,133.0,1,1,1,1,3,Lost
16133,0,8,8,944.6800000000001,11.179487179487179,28,118.08500000000001,3.5,3.236842105263158,1.8881987577639754,0,4,4,4,12,Champions
13059,0,3,6,1305.72,4.080882352941177,118,217.62,19.666666666666668,0.9481481481481482,1.5399239543726235,0,4,4,4,12,Champions
18056,1,133,1,190.95,11.181818181818182,11,190.95,11.0,0.0,133.0,1,1,1,2,4,At Risk
17531,1,42,2,791.24,6.9743589743589745,38,395.62,19.0,2.3684210526315788,12.46875,0,3,3,3,9,Loyal
16845,1,133,1,201.18,10.0625,16,201.18,16.0,0.0,133.0,1,1,1,2,4,At Risk
15796,0,31,4,914.8100000000001,7.101449275362318,53,228.70250000000001,13.25,1.4852941176470589,12.473372781065088,0,3,4,3,10,Champions
15454,1,133,1,97.04,4.384615384615385,13,97.04,13.0,0.0,133.0,1,1,1,1,3,Lost
15800,0,133,4,170.93,1.706896551724138,52,42.7325,13.0,0.0,133.0,0,1,4,1,6,Potential
15125,0,36,7,2902.06,16.73134328358209,45,414.58,6.428571428571429,1.4393939393939394,14.75776397515528,0,3,4,4,11,Champions
16847,1,133,1,257.1,10.0,16,257.1,16.0,0.0,133.0,1,1,1,2,4,At Risk
13219,1,133,1,76.23,1.0,11,76.23,11.0,0.0,133.0,1,1,1,1,3,Lost
13464,0,133,1,273.84000000000003,11.307692307692308,13,273.84000000000003,13.0,0.0,133.0,1,1,1,2,4,At Risk
13361,0,132,1,817.25,7.875,24,817.25,24.0,0.0,132.0,1,1,1,3,5,At Risk
14893,1,132,1,521.86,7.806451612903226,31,521.86,31.0,0.0,132.0,1,1,1,3,5,At Risk
12662,0,0,6,1626.3,9.010526315789473,56,271.05,9.333333333333334,1.372340425531915,0.0,0,4,4,4,12,Champions
15689,1,132,1,205.98,9.076923076923077,13,205.98,13.0,0.0,132.0,1,1,1,2,4,At Risk
14916,0,94,2,484.68,14.0,29,242.34,14.5,1.3103448275862069,40.6865671641791,0,2,3,3,8,Loyal
13582,0,132,1,77.5,11.333333333333334,3,77.5,3.0,0.0,132.0,1,1,1,1,3,Lost
18241,0,132,1,216.3,9.692307692307692,13,216.3,13.0,0.0,132.0,1,1,1,2,4,At Risk
15173,0,49,5,940.46,8.964285714285714,45,188.092,9.0,1.4727272727272727,19.816176470588236,0,3,4,4,11,Champions
13196,0,2,2,449.63,12.147058823529411,34,224.815,17.0,3.9393939393939394,0.4049079754601227,0,4,3,3,10,Champions
14200,1,132,1,325.3,7.444444444444445,18,325.3,18.0,0.0,132.0,1,1,1,2,4,At Risk
16130,0,68,3,346.3,5.391304347826087,23,115.43333333333334,7.666666666666667,2.8181818181818183,17.80952380952381,0,2,3,2,7,Potential
14692,0,21,4,363.12,4.191489361702128,37,90.78,9.25,2.369565217391304,6.232258064516129,0,4,4,2,10,Champions
17993,1,132,1,213.24,1.8135593220338984,59,213.24,59.0,0.0,132.0,1,1,1,2,4,At Risk
13750,0,59,3,761.72,7.777777777777778,28,253.90666666666667,9.333333333333334,2.0285714285714285,19.4811320754717,0,3,3,3,9,Loyal
14049,0,6,4,2936.1,6.130718954248366,224,734.025,56.0,0.4065573770491803,4.265734265734266,0,4,4,4,12,Champions
16054,0,27,2,421.88,5.384615384615385,26,210.94,13.0,4.16,5.232558139534883,0,3,3,3,9,Loyal
17669,0,44,2,1074.78,10.107142857142858,50,537.39,25.0,1.5818181818181818,17.04225352112676,0,3,3,4,10,Champions
14694,1,132,1,216.44,9.23076923076923,13,216.44,13.0,0.0,132.0,1,1,1,2,4,At Risk
14489,0,7,2,752.35,10.434782608695652,39,376.175,19.5,2.6666666666666665,1.9090909090909092,0,4,3,3,10,Champions
18173,1,127,1,192.5,13.714285714285714,7,192.5,7.0,0.0,127.0,1,2,1,2,5,At Risk
12997,0,97,2,238.9,11.076923076923077,12,119.45,6.0,2.5,27.714285714285715,0,2,3,2,7,Potential
15215,0,99,2,416.42,7.565217391304348,23,208.21,11.5,1.2727272727272727,43.56,0,2,3,3,8,Loyal
15770,1,127,1,283.2,4.266666666666667,15,283.2,15.0,0.0,127.0,1,2,1,2,5,At Risk
14035,0,84,2,321.6,3.466666666666667,35,160.8,17.5,0.9545454545454546,42.97674418604651,0,2,3,2,7,Potential
13939,0,43,3,407.71000000000004,7.423076923076923,21,135.90333333333334,7.0,3.32,9.953703703703702,0,3,3,3,9,Loyal
13710,0,127,1,160.8,22.0,4,160.8,4.0,0.0,127.0,1,2,1,1,4,At Risk
16654,0,41,2,435.90000000000003,8.23076923076923,26,217.95000000000002,13.0,3.44,9.234234234234235,0,3,3,3,9,Loyal
13071,1,127,1,78.22,2.6,10,78.22,10.0,0.0,127.0,1,2,1,1,4,At Risk
14221,0,12,5,1822.1000000000001,11.761904761904763,46,364.42,9.2,1.3614457831325302,5.081632653061225,0,4,4,4,12,Champions
14825,0,22,7,1215.11,6.773584905660377,76,173.58714285714285,10.857142857142858,0.9714285714285714,11.159420289855072,0,4,4,4,12,Champions
14265,0,127,1,161.6,8.555555555555555,9,161.6,9.0,0.0,127.0,1,2,1,1,4,At Risk
13432,1,86,2,379.25,1.9811320754716981,94,189.625,47.0,0.38095238095238093,62.275862068965516,0,2,3,2,7,Potential
13207,0,127,1,214.20000000000002,9.0,4,214.20000000000002,4.0,0.0,127.0,1,2,1,2,5,At Risk
17563,1,93,2,379.63,9.107142857142858,26,189.815,13.0,1.2222222222222223,41.85,0,2,3,2,7,Potential
15252,0,91,2,723.86,13.25531914893617,46,361.93,23.0,0.7608695652173914,51.67901234567901,0,2,3,3,8,Loyal
13632,0,91,2,792.3900000000001,7.166666666666667,37,396.19500000000005,18.5,0.8536585365853658,49.0921052631579,0,2,3,3,8,Loyal
16941,1,126,1,33.0,6.0,2,33.0,2.0,0.0,126.0,1,2,1,1,4,At Risk
14264,0,87,2,536.79,8.67741935483871,29,268.395,14.5,1.3,37.82608695652174,0,2,3,3,8,Loyal
15112,1,126,1,99.0,6.0,5,99.0,5.0,0.0,126.0,1,2,1,1,4,At Risk
13723,0,75,2,336.73,7.705882352941177,16,168.365,8.0,3.125,18.181818181818183,0,2,3,2,7,Potential
15201,0,126,1,252.32000000000002,11.538461538461538,13,252.32000000000002,13.0,0.0,126.0,1,2,1,2,5,At Risk
12821,1,126,1,128.07999999999998,13.142857142857142,7,128.07999999999998,7.0,0.0,126.0,1,2,1,1,4,At Risk
13640,1,126,1,270.0,24.0,3,270.0,3.0,0.0,126.0,1,2,1,2,5,At Risk
16454,1,121,2,24.05,3.0,2,12.025,1.0,4.0,24.2,0,2,3,1,6,Potential
16369,0,77,2,403.05,12.05,17,201.525,8.5,2.526315789473684,21.83582089552239,0,2,3,3,8,Loyal
17497,0,125,1,112.8,16.0,2,112.8,2.0,0.0,125.0,1,2,1,1,4,At Risk
14758,0,23,2,706.6,8.055555555555555,28,353.3,14.0,2.914285714285714,5.875912408759124,0,4,3,3,10,Champions
13852,1,125,1,187.35000000000002,7.7272727272727275,11,187.35000000000002,11.0,0.0,125.0,1,2,1,1,4,At Risk
14855,0,22,3,2460.91,13.574257425742575,96,820.3033333333333,32.0,1.03,10.837438423645319,0,4,3,4,11,Champions
16053,0,125,1,576.3100000000001,8.487179487179487,39,576.3100000000001,39.0,0.0,125.0,1,2,1,3,6,Potential
13712,1,125,1,232.89,7.533333333333333,15,232.89,15.0,0.0,125.0,1,2,1,2,5,At Risk
14918,0,5,4,1599.45,13.595238095238095,29,399.8625,7.25,2.902439024390244,1.28125,0,4,4,4,12,Champions
14813,0,125,1,291.51,2.2549019607843137,50,291.51,50.0,0.0,125.0,1,2,1,2,5,At Risk
13278,0,125,1,282.21,8.0,24,282.21,24.0,0.0,125.0,1,2,1,2,5,At Risk
14450,0,125,1,196.07999999999998,10.727272727272727,11,196.07999999999998,11.0,0.0,125.0,1,2,1,2,5,At Risk
14533,0,93,2,280.15,13.857142857142858,7,140.075,3.5,5.333333333333333,14.68421052631579,0,2,3,2,7,Potential
15613,1,125,1,305.5,13.652173913043478,23,305.5,23.0,0.0,125.0,1,2,1,2,5,At Risk
17746,0,125,1,147.02,13.75,8,147.02,8.0,0.0,125.0,1,2,1,1,4,At Risk
17110,1,35,2,157.4,2.3333333333333335,26,78.7,13.0,3.0689655172413794,8.601694915254239,0,3,3,1,7,Potential
15638,0,125,1,35.400000000000006,12.0,1,35.400000000000006,1.0,999.0,0.125,1,2,1,1,4,At Risk
15062,0,15,3,1041.13,10.058823529411764,55,347.04333333333335,18.333333333333332,1.6119402985074627,5.742857142857142,0,4,3,4,11,Champions
13163,1,125,1,17.65,1.5,2,17.65,2.0,0.0,125.0,1,2,1,1,4,At Risk
15129,0,15,6,1590.5,14.56140350877193,37,265.0833333333333,6.166666666666667,1.9285714285714286,5.121951219512194,0,4,4,4,12,Champions
13197,1,124,1,293.11,11.222222222222221,18,293.11,18.0,0.0,124.0,1,2,1,2,5,At Risk
16040,0,44,2,541.3,10.387096774193548,28,270.65,14.0,2.6666666666666665,12.0,0,3,3,3,9,Loyal
16341,0,124,1,429.0,15.076923076923077,26,429.0,26.0,0.0,124.0,1,2,1,3,6,Potential
16944,1,124,1,67.36,4.6,5,67.36,5.0,0.0,124.0,1,2,1,1,4,At Risk
12786,1,124,1,548.5,14.933333333333334,15,548.5,15.0,0.0,124.0,1,2,1,3,6,Potential
13080,0,76,2,140.85,6.375,7,70.425,3.5,6.714285714285714,9.851851851851851,0,2,3,1,6,Potential
15331,1,14,3,583.79,11.36111111111111,33,194.59666666666666,11.0,3.1142857142857143,3.402777777777778,0,4,3,3,10,Champions
17609,0,96,3,431.34,3.1376146788990824,100,143.78,33.333333333333336,0.25,76.8,0,2,3,3,8,Loyal
16276,0,122,1,213.08,15.5,8,213.08,8.0,0.0,122.0,1,2,1,2,5,At Risk
14275,0,45,2,131.28,10.666666666666666,6,65.64,3.0,15.2,2.7777777777777777,0,3,3,1,7,Potential
16814,0,9,10,3446.0,4.348082595870206,147,344.6,14.7,0.31952662721893493,6.820627802690582,0,4,4,4,12,Champions
12481,0,122,1,786.3,20.7,20,786.3,20.0,0.0,122.0,1,2,1,3,6,Potential
17608,0,122,1,155.88,2.8461538461538463,48,155.88,48.0,0.0,122.0,1,2,1,1,4,At Risk
13180,1,122,1,70.2,13.333333333333334,3,70.2,3.0,0.0,122.0,1,2,1,1,4,At Risk
14011,0,122,1,250.57999999999998,16.42105263157895,19,250.57999999999998,19.0,0.0,122.0,1,2,1,2,5,At Risk
16372,0,122,1,85.45,2.8333333333333335,18,85.45,18.0,0.0,122.0,1,2,1,1,4,At Risk
17221,1,106,3,553.91,5.607142857142857,52,184.63666666666666,17.333333333333332,0.2727272727272727,83.28571428571429,0,2,3,3,8,Loyal
15067,0,122,1,454.0,10.074074074074074,27,454.0,27.0,0.0,122.0,1,2,1,3,6,Potential
14430,1,26,3,1056.8000000000002,12.137931034482758,25,352.2666666666667,8.333333333333334,3.392857142857143,5.918699186991871,0,4,3,4,11,Champions
12935,0,19,6,1339.08,11.118421052631579,45,223.17999999999998,7.5,1.3466666666666667,8.096590909090908,0,4,4,4,12,Champions
15524,1,121,1,15.0,12.0,1,15.0,1.0,999.0,0.121,1,2,1,1,4,At Risk
15590,0,98,3,660.76,10.105263157894736,38,220.25333333333333,12.666666666666666,0.5945945945945946,61.45762711864406,0,2,3,3,8,Loyal
14791,1,121,1,271.83,7.235294117647059,17,271.83,17.0,0.0,121.0,1,2,1,2,5,At Risk
14114,0,58,2,463.95,9.433333333333334,29,231.975,14.5,2.1379310344827585,18.483516483516485,0,3,3,3,9,Loyal
14930,0,78,2,1436.28,7.191011235955056,80,718.14,40.0,0.48863636363636365,52.39694656488549,0,2,3,4,9,Loyal
15546,1,121,2,1079.1000000000001,16.5,6,539.5500000000001,3.0,0.0,121.0,0,2,3,4,9,Loyal
14844,0,9,3,1753.06,10.628865979381443,81,584.3533333333334,27.0,1.15625,4.173913043478261,0,4,3,4,11,Champions
12982,0,26,5,1537.71,10.029702970297029,85,307.54200000000003,17.0,0.93,13.471502590673573,0,4,4,4,12,Champions
12671,1,121,1,1332.0610000000001,19.133333333333333,30,1332.0610000000001,30.0,0.0,121.0,1,2,1,4,7,Potential
14853,0,120,1,209.16,10.222222222222221,9,209.16,9.0,0.0,120.0,1,2,1,2,5,At Risk
12943,1,73,2,224.5,9.875,15,112.25,7.5,3.1333333333333333,17.661290322580648,0,2,3,2,7,Potential
15268,0,120,1,302.1,8.461538461538462,13,302.1,13.0,0.0,120.0,1,2,1,2,5,At Risk
15639,0,120,1,362.34,12.304347826086957,23,362.34,23.0,0.0,120.0,1,2,1,2,5,At Risk
12459,1,120,1,343.35,10.789473684210526,19,343.35,19.0,0.0,120.0,1,2,1,2,5,At Risk
16809,0,41,2,377.69,2.810810810810811,59,188.845,29.5,1.0684931506849316,19.821192052980134,0,3,3,2,8,Loyal
15982,1,120,1,301.81,3.0,43,301.81,43.0,0.0,120.0,1,2,1,2,5,At Risk
14998,0,120,1,35.89,1.0,7,35.89,7.0,0.0,120.0,1,2,1,1,4,At Risk
17505,1,65,3,1016.09,14.071428571428571,39,338.69666666666666,13.0,1.3170731707317074,28.052631578947366,0,3,3,4,10,Champions
16259,0,120,2,147.22,1.6944444444444444,34,73.61,17.0,0.0,120.0,0,2,3,1,6,Potential
17594,0,119,1,511.5,13.478260869565217,23,511.5,23.0,0.0,119.0,1,2,1,3,6,Potential
14624,0,49,3,440.68,10.75,25,146.89333333333335,8.333333333333334,2.5555555555555554,13.78125,0,3,3,3,9,Loyal
17039,1,119,1,1277.41,13.342857142857143,35,1277.41,35.0,0.0,119.0,1,2,1,4,7,Potential
16105,0,6,3,1219.82,13.393939393939394,55,406.6066666666666,18.333333333333332,1.7230769230769232,2.2033898305084745,0,4,3,4,11,Champions
16292,0,59,2,251.0,12.166666666666666,12,125.5,6.0,5.363636363636363,9.271428571428572,0,3,3,2,8,Loyal
13878,1,62,3,746.85,6.2745098039215685,44,248.95000000000002,14.666666666666666,1.1,29.523809523809522,0,3,3,3,9,Loyal
15572,0,119,1,251.28,6.903225806451613,30,251.28,30.0,0.0,119.0,1,2,1,2,5,At Risk
13388,1,118,1,353.3,7.083333333333333,24,353.3,24.0,0.0,118.0,1,2,1,2,5,At Risk
14569,0,8,2,98.89999999999999,4.4,15,49.449999999999996,7.5,7.857142857142857,0.9032258064516129,0,4,3,1,8,Loyal
14656,0,28,2,209.82,1.6111111111111112,59,104.91,29.5,1.267605633802817,12.347826086956522,0,3,3,2,8,Loyal
13647,1,9,3,925.28,9.81132075471698,43,308.4266666666667,14.333333333333334,2.0576923076923075,2.9433962264150946,0,4,3,3,10,Champions
18236,0,118,1,211.14000000000001,8.166666666666666,12,211.14000000000001,12.0,0.0,118.0,1,2,1,2,5,At Risk
17678,1,118,1,223.5,15.6,10,223.5,10.0,0.0,118.0,1,2,1,2,5,At Risk
15814,0,118,1,173.70000000000002,15.0,6,173.70000000000002,6.0,0.0,118.0,1,2,1,1,4,At Risk
17709,0,3,3,316.96,8.869565217391305,22,105.65333333333332,7.333333333333333,5.136363636363637,0.4888888888888889,0,4,3,2,9,Loyal
13661,1,118,1,299.74,7.25,16,299.74,16.0,0.0,118.0,1,2,1,2,5,At Risk
16174,1,6,4,753.6999999999999,15.5625,13,188.42499999999998,3.25,3.5806451612903225,1.3098591549295777,0,4,4,3,11,Champions
13015,0,12,3,1028.17,10.597014925373134,67,342.72333333333336,22.333333333333332,1.5757575757575757,4.658823529411765,0,4,3,4,11,Champions
13414,0,45,2,255.06,14.5,11,127.53,5.5,6.545454545454546,5.9638554216867465,0,3,3,2,8,Loyal
13591,0,98,2,295.96000000000004,9.411764705882353,17,147.98000000000002,8.5,1.1875,44.8,0,2,3,2,7,Potential
13450,0,27,5,716.18,13.210526315789474,30,143.236,6.0,2.3783783783783785,7.992,0,3,4,3,10,Champions
18262,0,117,1,174.22,13.166666666666666,12,174.22,12.0,0.0,117.0,1,2,1,1,4,At Risk
12778,0,117,1,278.9,12.636363636363637,22,278.9,22.0,0.0,117.0,1,2,1,2,5,At Risk
12395,0,9,2,1140.32,12.129032258064516,62,570.16,31.0,1.7704918032786885,3.2485207100591715,0,4,3,4,11,Champions
12969,1,117,1,109.7,13.5,4,109.7,4.0,0.0,117.0,1,2,1,1,4,At Risk
15979,1,117,1,291.3,16.105263157894736,19,291.3,19.0,0.0,117.0,1,2,1,2,5,At Risk
17626,1,117,1,234.1,11.764705882352942,17,234.1,17.0,0.0,117.0,1,2,1,2,5,At Risk
14988,0,99,2,434.74,5.535714285714286,50,217.37,25.0,0.3090909090909091,75.625,0,2,3,3,8,Loyal
14907,0,117,1,252.22,7.066666666666666,15,252.22,15.0,0.0,117.0,1,2,1,2,5,At Risk
16094,0,13,4,752.73,10.617021276595745,38,188.1825,9.5,2.260869565217391,3.986666666666667,0,4,4,3,11,Champions
17842,1,117,1,282.39000000000004,5.615384615384615,13,282.39000000000004,13.0,0.0,117.0,1,2,1,2,5,At Risk
14623,0,49,3,505.33,2.8627450980392157,87,168.44333333333333,29.0,0.6633663366336634,29.458333333333332,0,3,3,3,9,Loyal
13262,0,115,1,174.26,3.6666666666666665,24,174.26,24.0,0.0,115.0,1,2,1,1,4,At Risk
17346,0,54,5,1136.31,4.4,130,227.262,26.0,0.31216931216931215,41.153225806451616,0,3,4,4,11,Champions
14395,0,6,6,2422.27,4.932862190812721,175,403.71166666666664,29.166666666666668,0.3829787234042553,4.338461538461539,0,4,4,4,12,Champions
17256,1,115,2,56.129999999999995,4.153846153846154,13,28.064999999999998,6.5,0.0,115.0,0,2,3,1,6,Potential
15972,0,89,2,720.57,3.48,64,360.285,32.0,0.35135135135135137,65.86,0,2,3,3,8,Loyal
17041,0,115,2,220.41,9.28,25,110.205,12.5,0.0,115.0,0,2,3,2,7,Potential
16921,0,115,1,57.91,3.0714285714285716,11,57.91,11.0,0.0,115.0,1,2,1,1,4,At Risk
13286,1,115,1,495.41,5.475,38,495.41,38.0,0.0,115.0,1,2,1,3,6,Potential
14506,0,114,1,374.5,4.545454545454546,11,374.5,11.0,0.0,114.0,1,2,1,2,5,At Risk
15410,1,83,2,784.7,11.612903225806452,25,392.35,12.5,1.0333333333333334,40.81967213114754,0,2,3,3,8,Loyal
17540,0,8,3,599.35,8.25925925925926,20,199.78333333333333,6.666666666666667,4.038461538461538,1.5877862595419847,0,4,3,3,10,Champions
17474,1,114,1,162.0,24.0,1,162.0,1.0,999.0,0.114,1,2,1,1,4,At Risk
13145,1,31,2,204.0,24.0,1,102.0,0.5,83.0,0.36904761904761907,0,3,3,2,8,Loyal
13115,0,15,4,1658.06,10.776785714285714,87,414.515,21.75,0.8738738738738738,8.004807692307692,0,4,4,4,12,Champions
15451,0,114,1,82.06,1.1111111111111112,27,82.06,27.0,0.0,114.0,1,2,1,1,4,At Risk
18095,0,114,1,156.36,10.0,6,156.36,6.0,0.0,114.0,1,2,1,1,4,At Risk
12516,0,114,1,404.7,16.1,20,404.7,20.0,0.0,114.0,1,2,1,3,6,Potential
14372,0,114,1,238.0,10.8,15,238.0,15.0,0.0,114.0,1,2,1,2,5,At Risk
16548,1,114,1,17.4,1.0,5,17.4,5.0,0.0,114.0,1,2,1,1,4,At Risk
12780,1,113,1,242.28,11.5,16,242.28,16.0,0.0,113.0,1,2,1,2,5,At Risk
14926,1,113,1,81.0,12.0,1,81.0,1.0,999.0,0.113,1,2,1,1,4,At Risk
14611,0,113,1,274.4,14.722222222222221,18,274.4,18.0,0.0,113.0,1,2,1,2,5,At Risk
17307,0,98,2,351.30000000000007,15.666666666666666,5,175.65000000000003,2.5,3.0,24.5,0,2,3,2,7,Potential
15970,1,113,1,182.72,8.88888888888889,9,182.72,9.0,0.0,113.0,1,2,1,1,4,At Risk
16864,0,113,1,35.400000000000006,12.0,1,35.400000000000006,1.0,999.0,0.113,1,2,1,1,4,At Risk
14812,1,113,1,168.1,3.8285714285714287,35,168.1,35.0,0.0,113.0,1,2,1,1,4,At Risk
12983,1,113,1,314.88,13.727272727272727,22,314.88,22.0,0.0,113.0,1,2,1,2,5,At Risk
17622,1,112,2,908.8100000000001,10.441176470588236,17,454.40500000000003,8.5,0.0,112.0,0,2,3,3,8,Loyal
17185,1,106,3,229.46,2.7045454545454546,38,76.48666666666666,12.666666666666666,0.13953488372093023,93.0204081632653,0,2,3,2,7,Potential
15886,0,113,1,253.75,4.714285714285714,21,253.75,21.0,0.0,113.0,1,2,1,2,5,At Risk
18062,0,112,1,361.55,12.538461538461538,13,361.55,13.0,0.0,112.0,1,2,1,2,5,At Risk
16472,0,112,1,305.64,8.333333333333334,18,305.64,18.0,0.0,112.0,1,2,1,2,5,At Risk
16231,0,112,1,287.8,4.861111111111111,34,287.8,34.0,0.0,112.0,1,2,1,2,5,At Risk
12588,0,112,1,231.9,11.2,15,231.9,15.0,0.0,112.0,1,2,1,2,5,At Risk
15890,0,112,1,23.75,5.0,1,23.75,1.0,999.0,0.112,1,2,1,1,4,At Risk
13461,0,28,2,365.4,16.4,10,182.7,5.0,9.222222222222221,2.739130434782609,0,3,3,2,8,Loyal
13963,0,9,7,824.23,5.946428571428571,48,117.74714285714286,6.857142857142857,1.8,3.2142857142857144,0,4,4,3,11,Champions
13308,1,111,1,263.36,14.25,16,263.36,16.0,0.0,111.0,1,2,1,2,5,At Risk
14917,1,111,2,464.63,12.722222222222221,18,232.315,9.0,0.0,111.0,0,2,3,3,8,Loyal
12504,0,111,1,116.4,24.0,5,116.4,5.0,0.0,111.0,1,2,1,1,4,At Risk
13625,1,111,1,213.36,8.5,16,213.36,16.0,0.0,111.0,1,2,1,2,5,At Risk
12625,1,24,2,1964.92,16.6,74,982.46,37.0,1.0357142857142858,11.789473684210527,0,4,3,4,11,Champions
13346,0,56,2,96.30000000000001,21.0,2,48.150000000000006,1.0,55.0,1.0,0,3,3,1,7,Potential
16743,0,6,5,1112.51,7.038759689922481,66,222.502,13.2,0.8046875,3.324675324675325,0,4,4,4,12,Champions
15651,0,111,1,277.34,11.285714285714286,14,277.34,14.0,0.0,111.0,1,2,1,2,5,At Risk
16279,0,1,4,2518.89,10.793103448275861,100,629.7225,25.0,0.75,0.5714285714285714,0,4,4,4,12,Champions
14655,0,37,2,390.69,8.894736842105264,17,195.345,8.5,4.055555555555555,7.318681318681319,0,3,3,2,8,Loyal
17729,1,111,1,421.7,11.181818181818182,22,421.7,22.0,0.0,111.0,1,2,1,3,6,Potential
14182,0,7,3,304.27,5.315789473684211,16,101.42333333333333,5.333333333333333,5.722222222222222,1.0413223140495869,0,4,3,2,9,Loyal
17240,1,111,1,100.0,12.0,6,100.0,6.0,0.0,111.0,1,2,1,1,4,At Risk
14788,1,111,1,380.73,11.08695652173913,23,380.73,23.0,0.0,111.0,1,2,1,2,5,At Risk
17057,1,111,1,253.34,2.6595744680851063,45,253.34,45.0,0.0,111.0,1,2,1,2,5,At Risk
12672,1,110,1,171.20000000000002,5.7,10,171.20000000000002,10.0,0.0,110.0,1,2,1,1,4,At Risk
15474,1,110,1,124.85000000000001,3.1176470588235294,17,124.85000000000001,17.0,0.0,110.0,1,2,1,1,4,At Risk
17181,1,110,1,16.03,8.333333333333334,3,16.03,3.0,0.0,110.0,1,2,1,1,4,At Risk
16028,1,110,1,65.2,4.0,4,65.2,4.0,0.0,110.0,1,2,1,1,4,At Risk
15548,1,110,1,98.74,2.857142857142857,21,98.74,21.0,0.0,110.0,1,2,1,1,4,At Risk
13656,1,14,2,549.6,10.06060606060606,33,274.8,16.5,2.96875,3.52755905511811,0,4,3,3,10,Champions
15245,0,36,2,782.12,14.805555555555555,29,391.06,14.5,2.085714285714286,11.666666666666666,0,3,3,3,9,Loyal
16538,1,56,3,287.47,5.342105263157895,33,95.82333333333334,11.0,1.4594594594594594,22.769230769230766,0,3,3,2,8,Loyal
16868,0,108,1,91.35000000000001,2.235294117647059,17,91.35000000000001,17.0,0.0,108.0,1,2,1,1,4,At Risk
15600,0,57,2,575.59,10.517241379310345,24,287.795,12.0,1.8214285714285714,20.20253164556962,0,3,3,3,9,Loyal
12844,0,108,1,104.13,1.8421052631578947,19,104.13,19.0,0.0,108.0,1,2,1,1,4,At Risk
16068,1,108,1,97.28,1.393939393939394,32,97.28,32.0,0.0,108.0,1,2,1,1,4,At Risk
13863,0,57,2,549.57,7.962962962962963,22,274.785,11.0,1.9615384615384615,19.246753246753247,0,3,3,3,9,Loyal
13760,0,50,2,360.54,10.125,22,180.27,11.0,2.5217391304347827,14.19753086419753,0,3,3,2,8,Loyal
18091,1,108,1,230.0,15.88888888888889,18,230.0,18.0,0.0,108.0,1,2,1,2,5,At Risk
13609,1,108,1,34.650000000000006,5.5,2,34.650000000000006,2.0,0.0,108.0,1,2,1,1,4,At Risk
14677,1,107,1,184.91,9.928571428571429,14,184.91,14.0,0.0,107.0,1,2,1,1,4,At Risk
12838,0,69,3,468.4,9.384615384615385,23,156.13333333333333,7.666666666666667,1.48,27.822580645161292,0,2,3,3,8,Loyal
17093,1,107,1,171.18,9.636363636363637,11,171.18,11.0,0.0,107.0,1,2,1,1,4,At Risk
14743,1,107,1,50.48,13.333333333333334,3,50.48,3.0,0.0,107.0,1,2,1,1,4,At Risk
14773,1,107,1,127.8,5.777777777777778,9,127.8,9.0,0.0,107.0,1,2,1,1,4,At Risk
12925,1,107,1,25.2,15.0,4,25.2,4.0,0.0,107.0,1,2,1,1,4,At Risk
15717,0,7,3,239.60000000000002,9.777777777777779,6,79.86666666666667,2.0,12.375,0.5233644859813084,0,4,3,2,9,Loyal
14999,1,107,1,116.73,10.875,8,116.73,8.0,0.0,107.0,1,2,1,1,4,At Risk
14665,0,107,1,116.4,3.5454545454545454,11,116.4,11.0,0.0,107.0,1,2,1,1,4,At Risk
14021,0,56,2,408.67,8.192307692307692,26,204.335,13.0,2.04,18.42105263157895,0,3,3,3,9,Loyal
15384,0,107,1,276.5,15.761904761904763,21,276.5,21.0,0.0,107.0,1,2,1,2,5,At Risk
14563,1,24,2,289.61,1.6341463414634145,77,144.805,38.5,1.0123456790123457,11.92638036809816,0,4,3,2,9,Loyal
15111,0,107,1,201.41,8.384615384615385,13,201.41,13.0,0.0,107.0,1,2,1,2,5,At Risk
13307,1,107,1,202.24,8.166666666666666,12,202.24,12.0,0.0,107.0,1,2,1,2,5,At Risk
14552,0,107,1,173.72,1.631578947368421,57,173.72,57.0,0.0,107.0,1,2,1,1,4,At Risk
16623,0,51,2,408.24,7.92,25,204.12,12.5,2.2916666666666665,15.49367088607595,0,3,3,3,9,Loyal
13012,0,28,2,706.4000000000001,10.65,39,353.20000000000005,19.5,2.0,9.333333333333334,0,3,3,3,9,Loyal
13655,0,104,2,479.43,10.576923076923077,25,239.715,12.5,0.08,96.29629629629629,0,2,3,3,8,Loyal
13064,1,65,2,398.0,6.818181818181818,17,199.0,8.5,1.9523809523809523,22.016129032258064,0,3,3,2,8,Loyal
16088,1,106,1,88.35,26.5,2,88.35,2.0,0.0,106.0,1,2,1,1,4,At Risk
16543,1,106,1,258.07,12.733333333333333,15,258.07,15.0,0.0,106.0,1,2,1,2,5,At Risk
16117,0,106,1,116.5,3.0454545454545454,22,116.5,22.0,0.0,106.0,1,2,1,1,4,At Risk
15402,0,54,2,564.09,8.918367346938776,44,282.045,22.0,1.0625,26.181818181818183,0,3,3,3,9,Loyal
17991,1,106,1,164.3,2.1666666666666665,30,164.3,30.0,0.0,106.0,1,2,1,1,4,At Risk
16354,0,106,1,208.28,3.8333333333333335,19,208.28,19.0,0.0,106.0,1,2,1,2,5,At Risk
12849,0,106,1,293.0,5.363636363636363,21,293.0,21.0,0.0,106.0,1,2,1,2,5,At Risk
12392,1,106,1,196.95000000000002,13.8,5,196.95000000000002,5.0,0.0,106.0,1,2,1,2,5,At Risk
16408,1,106,1,231.93,5.044444444444444,45,231.93,45.0,0.0,106.0,1,2,1,2,5,At Risk
16267,1,106,1,87.9,16.5,4,87.9,4.0,0.0,106.0,1,2,1,1,4,At Risk
12744,0,106,1,880.3000000000001,10.827586206896552,29,880.3000000000001,29.0,0.0,106.0,1,2,1,3,6,Potential
14912,0,105,1,243.13,11.785714285714286,14,243.13,14.0,0.0,105.0,1,2,1,2,5,At Risk
16138,0,44,2,108.86,6.333333333333333,6,54.43,3.0,12.2,3.3333333333333335,0,3,3,1,7,Potential
14237,0,105,1,199.5,10.923076923076923,13,199.5,13.0,0.0,105.0,1,2,1,2,5,At Risk
16182,1,105,1,40.08,24.0,2,40.08,2.0,0.0,105.0,1,2,1,1,4,At Risk
14978,0,23,4,634.73,2.911111111111111,35,158.6825,8.75,1.8409090909090908,8.096,0,4,4,3,11,Champions
17635,0,41,2,650.4,8.523809523809524,38,325.2,19.0,1.5609756097560976,16.00952380952381,0,3,3,3,9,Loyal
17491,0,3,4,971.61,14.928571428571429,35,242.9025,8.75,2.4634146341463414,0.8661971830985915,0,4,4,4,12,Champions
13539,0,50,3,683.77,9.17142857142857,33,227.92333333333332,11.0,1.588235294117647,19.31818181818182,0,3,3,3,9,Loyal
13775,1,105,1,706.8100000000001,7.703703703703703,54,706.8100000000001,54.0,0.0,105.0,1,2,1,3,6,Potential
18049,0,105,1,224.70000000000002,2.618181818181818,52,224.70000000000002,52.0,0.0,105.0,1,2,1,2,5,At Risk
14724,1,105,1,276.15,4.7105263157894735,37,276.15,37.0,0.0,105.0,1,2,1,2,5,At Risk
12876,0,105,1,586.28,10.518518518518519,27,586.28,27.0,0.0,105.0,1,2,1,3,6,Potential
16384,0,105,1,302.75,9.947368421052632,19,302.75,19.0,0.0,105.0,1,2,1,2,5,At Risk
12717,1,105,1,227.93,6.2,15,227.93,15.0,0.0,105.0,1,2,1,2,5,At Risk
17605,1,105,1,92.75,5.25,12,92.75,12.0,0.0,105.0,1,2,1,1,4,At Risk
14389,0,43,2,436.4,12.5,18,218.2,9.0,2.652173913043478,11.773809523809524,0,3,3,3,9,Loyal
16648,0,105,1,218.84,12.333333333333334,12,218.84,12.0,0.0,105.0,1,2,1,2,5,At Risk
15445,1,105,1,112.85,7.857142857142857,7,112.85,7.0,0.0,105.0,1,2,1,1,4,At Risk
15101,1,30,4,809.99,8.386363636363637,43,202.4975,10.75,1.697674418604651,11.120689655172415,0,3,4,3,10,Champions
13238,0,105,1,117.0,10.0,6,117.0,6.0,0.0,105.0,1,2,1,1,4,At Risk
17262,0,105,2,139.5,15.0,1,69.75,0.5,0.0,105.0,0,2,3,1,6,Potential
12698,1,105,1,218.45,8.5,12,218.45,12.0,0.0,105.0,1,2,1,2,5,At Risk
16767,0,8,3,1196.28,14.58904109589041,60,398.76,20.0,1.3194444444444444,3.4491017964071853,0,4,3,4,11,Champions
13041,0,12,3,431.58,8.476190476190476,13,143.85999999999999,4.333333333333333,4.6,2.142857142857143,0,4,3,3,10,Champions
14403,1,104,1,83.4,12.0,1,83.4,1.0,999.0,0.104,1,2,1,1,4,At Risk
17886,0,104,1,73.55,1.5,14,73.55,14.0,0.0,104.0,1,2,1,1,4,At Risk
17730,0,36,3,639.45,13.222222222222221,23,213.15,7.666666666666667,2.576923076923077,10.064516129032258,0,3,3,3,9,Loyal
18111,1,104,1,315.8,10.714285714285714,21,315.8,21.0,0.0,104.0,1,2,1,2,5,At Risk
12349,0,104,1,794.52,11.425,40,794.52,40.0,0.0,104.0,1,2,1,3,6,Potential
17771,0,104,1,16.0,1.0,4,16.0,4.0,0.0,104.0,1,2,1,1,4,At Risk
15954,1,104,1,190.75,5.95,20,190.75,20.0,0.0,104.0,1,2,1,2,5,At Risk
16332,0,104,1,90.80000000000001,5.2,9,90.80000000000001,9.0,0.0,104.0,1,2,1,1,4,At Risk
12863,0,34,4,483.65,11.0,19,120.9125,4.75,2.8333333333333335,8.869565217391305,0,3,4,3,10,Champions
16607,0,35,4,901.85,9.49090909090909,47,225.4625,11.75,1.2592592592592593,15.491803278688522,0,3,4,3,10,Champions
15180,0,104,1,425.0,10.5,26,425.0,26.0,0.0,104.0,1,2,1,3,6,Potential
18141,0,104,1,375.47,8.789473684210526,19,375.47,19.0,0.0,104.0,1,2,1,2,5,At Risk
12377,0,104,1,981.88,13.880952380952381,42,981.88,42.0,0.0,104.0,1,2,1,4,7,Potential
14282,0,44,4,419.6,7.764705882352941,30,104.9,7.5,1.7575757575757576,15.956043956043954,0,3,4,3,10,Champions
17463,1,75,2,588.15,3.784313725490196,93,294.075,46.5,0.27722772277227725,58.72093023255814,0,2,3,3,8,Loyal
15709,1,104,1,73.3,2.6,14,73.3,14.0,0.0,104.0,1,2,1,1,4,At Risk
16827,0,104,1,17.85,3.0,1,17.85,1.0,999.0,0.104,1,2,1,1,4,At Risk
12915,0,104,1,134.15,12.0,8,134.15,8.0,0.0,104.0,1,2,1,1,4,At Risk
17021,0,19,3,527.5300000000001,13.818181818181818,16,175.84333333333336,5.333333333333333,3.9523809523809526,3.8365384615384612,0,4,3,3,10,Champions
14650,1,103,1,39.0,10.0,2,39.0,2.0,0.0,103.0,1,2,1,1,4,At Risk
12806,1,87,2,676.56,11.68421052631579,38,338.28,19.0,0.43243243243243246,60.735849056603776,0,2,3,3,8,Loyal
17005,0,103,1,128.1,16.875,8,128.1,8.0,0.0,103.0,1,2,1,1,4,At Risk
15818,1,103,1,123.5,9.333333333333334,9,123.5,9.0,0.0,103.0,1,2,1,1,4,At Risk
14201,0,85,2,266.95,11.666666666666666,8,133.475,4.0,2.125,27.2,0,2,3,2,7,Potential
16374,0,103,1,281.59000000000003,2.5849056603773586,52,281.59000000000003,52.0,0.0,103.0,1,2,1,2,5,At Risk
12374,0,103,1,818.7,16.25,24,818.7,24.0,0.0,103.0,1,2,1,3,6,Potential
14683,1,103,1,103.58,11.0,16,103.58,16.0,0.0,103.0,1,2,1,1,4,At Risk
15253,0,37,2,851.39,11.229166666666666,45,425.695,22.5,1.3617021276595744,15.666666666666666,0,3,3,3,9,Loyal
15418,0,101,1,193.74,10.5,10,193.74,10.0,0.0,101.0,1,2,1,2,5,At Risk
16651,1,101,1,136.2,10.0,6,136.2,6.0,0.0,101.0,1,2,1,1,4,At Risk
17565,1,101,1,115.38000000000001,2.3214285714285716,28,115.38000000000001,28.0,0.0,101.0,1,2,1,1,4,At Risk
15373,0,15,4,356.58,4.585365853658536,36,89.145,9.0,2.125,4.8,0,4,4,2,10,Champions
15229,1,101,1,160.5,12.666666666666666,9,160.5,9.0,0.0,101.0,1,2,1,1,4,At Risk
15426,0,17,2,544.72,2.45985401459854,130,272.36,65.0,0.6102941176470589,10.557077625570775,0,4,3,3,10,Champions
13465,0,101,1,304.9,14.421052631578947,19,304.9,19.0,0.0,101.0,1,2,1,2,5,At Risk
17555,0,101,1,150.95,1.8297872340425532,47,150.95,47.0,0.0,101.0,1,2,1,1,4,At Risk
12507,1,99,1,362.25,13.782608695652174,23,362.25,23.0,0.0,99.0,1,2,1,2,5,At Risk
16317,1,65,2,607.8100000000001,8.72972972972973,37,303.90500000000003,18.5,0.9444444444444444,33.42857142857143,0,3,3,3,9,Loyal
15183,1,62,3,369.63,9.74074074074074,26,123.21,8.666666666666666,1.3846153846153846,26.0,0,3,3,2,8,Loyal
13143,1,99,1,371.1,8.818181818181818,22,371.1,22.0,0.0,99.0,1,2,1,2,5,At Risk
16145,0,12,3,1005.2,9.876923076923077,56,335.06666666666666,18.666666666666668,1.34375,5.12,0,4,3,4,11,Champions
12725,0,99,1,664.86,9.567567567567568,37,664.86,37.0,0.0,99.0,1,2,1,3,6,Potential
18163,1,99,1,483.85,11.782608695652174,23,483.85,23.0,0.0,99.0,1,2,1,3,6,Potential
14962,1,54,3,227.46000000000004,9.75,8,75.82000000000001,2.6666666666666665,6.285714285714286,7.411764705882353,0,3,3,2,8,Loyal
15391,1,99,1,116.9,5.2,5,116.9,5.0,0.0,99.0,1,2,1,1,4,At Risk
16526,1,99,1,203.75,10.416666666666666,12,203.75,12.0,0.0,99.0,1,2,1,2,5,At Risk
16135,1,98,1,264.5,11.375,16,264.5,16.0,0.0,98.0,1,2,1,2,5,At Risk
14025,0,23,7,2140.64,15.73015873015873,44,305.80571428571426,6.285714285714286,1.1774193548387097,10.562962962962962,0,4,4,4,12,Champions
17759,0,98,1,67.65,8.6,4,67.65,4.0,0.0,98.0,1,2,1,1,4,At Risk
14437,0,44,2,458.16,9.272727272727273,22,229.08,11.0,2.5238095238095237,12.486486486486486,0,3,3,3,9,Loyal
14936,0,98,2,874.23,10.387755102040817,48,437.115,24.0,0.0,98.0,0,2,3,3,8,Loyal
15488,0,98,1,37.980000000000004,9.0,2,37.980000000000004,2.0,0.0,98.0,1,2,1,1,4,At Risk
13512,0,98,1,133.4,9.11111111111111,9,133.4,9.0,0.0,98.0,1,2,1,1,4,At Risk
18028,1,98,1,110.45000000000002,12.333333333333334,3,110.45000000000002,3.0,0.0,98.0,1,2,1,1,4,At Risk
15868,1,98,1,94.53,14.25,4,94.53,4.0,0.0,98.0,1,2,1,1,4,At Risk
15097,1,98,2,268.62,3.361111111111111,35,134.31,17.5,0.0,98.0,0,2,3,2,7,Potential
15704,1,17,2,1264.91,8.037974683544304,68,632.455,34.0,1.0384615384615385,8.339622641509434,0,4,3,4,11,Champions
17597,0,64,2,349.2,11.2,12,174.6,6.0,2.357142857142857,19.06382978723404,0,3,3,2,8,Loyal
12958,0,98,1,56.64,4.666666666666667,6,56.64,6.0,0.0,98.0,1,2,1,1,4,At Risk
13713,0,98,1,208.08,2.7333333333333334,28,208.08,28.0,0.0,98.0,1,2,1,2,5,At Risk
13400,1,97,1,306.51,9.636363636363637,22,306.51,22.0,0.0,97.0,1,2,1,2,5,At Risk
16844,1,77,2,547.44,9.75,22,273.72,11.0,0.7407407407407407,44.23404255319149,0,2,3,3,8,Loyal
12388,0,97,1,461.62,10.23076923076923,26,461.62,26.0,0.0,97.0,1,2,1,3,6,Potential
13102,0,5,6,1556.6100000000001,11.28125,45,259.435,7.5,1.3968253968253967,2.0860927152317883,0,4,4,4,12,Champions
17199,1,97,1,104.08000000000001,14.666666666666666,6,104.08000000000001,6.0,0.0,97.0,1,2,1,1,4,At Risk
14272,1,77,2,424.42,10.407407407407407,27,212.21,13.5,0.7307692307692307,44.48888888888889,0,2,3,3,8,Loyal
13024,0,97,1,205.38,6.333333333333333,12,205.38,12.0,0.0,97.0,1,2,1,2,5,At Risk
13891,0,97,1,339.85,9.55,20,339.85,20.0,0.0,97.0,1,2,1,2,5,At Risk
16890,1,97,1,108.28999999999999,4.6875,16,108.28999999999999,16.0,0.0,97.0,1,2,1,1,4,At Risk
13974,1,97,1,228.33,7.923076923076923,13,228.33,13.0,0.0,97.0,1,2,1,2,5,At Risk
17225,1,96,1,131.15,7.2,5,131.15,5.0,0.0,96.0,1,2,1,1,4,At Risk
17798,1,96,1,178.07,3.066666666666667,43,178.07,43.0,0.0,96.0,1,2,1,1,4,At Risk
13830,1,96,1,110.20000000000002,5.5,8,110.20000000000002,8.0,0.0,96.0,1,2,1,1,4,At Risk
14814,1,96,1,136.31,3.25,26,136.31,26.0,0.0,96.0,1,2,1,1,4,At Risk
18254,1,96,1,267.9,11.75,16,267.9,16.0,0.0,96.0,1,2,1,2,5,At Risk
17031,1,65,2,286.0,12.222222222222221,7,143.0,3.5,3.875,13.333333333333334,0,3,3,2,8,Loyal
17808,1,63,3,159.95,3.466666666666667,28,53.31666666666666,9.333333333333334,1.0689655172413792,30.450000000000003,0,3,3,1,7,Potential
16632,1,0,2,406.4,9.481481481481481,22,203.2,11.0,3.6538461538461537,0.0,0,4,3,3,10,Champions
13007,1,94,1,116.1,7.714285714285714,7,116.1,7.0,0.0,94.0,1,2,1,1,4,At Risk
13838,0,94,1,231.94,1.9811320754716981,53,231.94,53.0,0.0,94.0,1,2,1,2,5,At Risk
14474,1,94,1,633.28,3.25,91,633.28,91.0,0.0,94.0,1,2,1,3,6,Potential
17926,0,94,1,178.3,9.0,8,178.3,8.0,0.0,94.0,1,2,1,1,4,At Risk
14678,1,94,1,373.69,8.045454545454545,22,373.69,22.0,0.0,94.0,1,2,1,2,5,At Risk
13425,1,23,2,1369.13,11.744186046511627,78,684.565,39.0,0.8235294117647058,12.612903225806452,0,4,3,4,11,Champions
17292,0,94,1,65.03,5.0,5,65.03,5.0,0.0,94.0,1,2,1,1,4,At Risk
14129,0,6,2,636.9,10.0,19,318.45,9.5,3.0,1.5,0,4,3,3,10,Champions
17135,0,3,2,308.95,3.16,63,154.475,31.5,1.2162162162162162,1.353658536585366,0,4,3,2,9,Loyal
16092,1,19,3,663.04,10.971428571428572,26,221.01333333333332,8.666666666666666,2.176470588235294,5.981481481481482,0,4,3,3,10,Champions
15661,0,23,2,417.15,8.130434782608695,21,208.575,10.5,3.1818181818181817,5.5,0,4,3,3,10,Champions
13051,1,93,1,46.8,4.0,2,46.8,2.0,0.0,93.0,1,2,1,1,4,At Risk
17720,0,26,2,252.15,12.058823529411764,15,126.075,7.5,4.125,5.073170731707317,0,4,3,2,9,Loyal
17003,0,93,1,144.36,4.863636363636363,22,144.36,22.0,0.0,93.0,1,2,1,1,4,At Risk
14941,1,93,1,100.5,8.0,6,100.5,6.0,0.0,93.0,1,2,1,1,4,At Risk
14361,1,93,1,162.28,14.0,10,162.28,10.0,0.0,93.0,1,2,1,1,4,At Risk
17169,1,93,1,258.3,8.117647058823529,17,258.3,17.0,0.0,93.0,1,2,1,2,5,At Risk
17482,1,2,2,628.59,4.808510638297872,44,314.295,22.0,1.9782608695652173,0.6715328467153285,0,4,3,3,10,Champions
17579,1,93,1,201.48,2.775,39,201.48,39.0,0.0,93.0,1,2,1,2,5,At Risk
14588,1,93,1,122.64,4.066666666666666,15,122.64,15.0,0.0,93.0,1,2,1,1,4,At Risk
16614,0,93,1,293.15,4.7,10,293.15,10.0,0.0,93.0,1,2,1,2,5,At Risk
13585,1,45,2,342.65,17.285714285714285,17,171.325,8.5,2.35,13.432835820895521,0,3,3,2,8,Loyal
12675,1,93,1,613.95,3.2421052631578946,95,613.95,95.0,0.0,93.0,1,2,1,3,6,Potential
16323,1,92,1,81.36,24.0,1,81.36,1.0,999.0,0.092,1,2,1,1,4,At Risk
12582,0,92,1,652.46,7.931818181818182,44,652.46,44.0,0.0,92.0,1,2,1,3,6,Potential
17545,0,92,1,57.9,5.5,4,57.9,4.0,0.0,92.0,1,2,1,1,4,At Risk
12599,0,63,2,379.7,15.6,23,189.85,11.5,1.1666666666666667,29.076923076923073,0,3,3,2,8,Loyal
18281,1,92,1,120.32,9.2,10,120.32,10.0,0.0,92.0,1,2,1,1,4,At Risk
17388,0,92,1,96.05,3.3333333333333335,18,96.05,18.0,0.0,92.0,1,2,1,1,4,At Risk
13695,1,92,1,71.39999999999999,15.0,4,71.39999999999999,4.0,0.0,92.0,1,2,1,1,4,At Risk
13943,1,92,1,204.04,7.5,12,204.04,12.0,0.0,92.0,1,2,1,2,5,At Risk
17321,0,70,2,282.36,3.9285714285714284,42,141.18,21.0,0.5365853658536586,45.55555555555556,0,2,3,2,7,Potential
15034,0,40,2,838.47,5.137096774193548,94,419.235,47.0,0.4146341463414634,28.27586206896552,0,3,3,3,9,Loyal
13296,0,1,4,472.14,12.114285714285714,33,118.035,8.25,2.6470588235294117,0.27419354838709675,0,4,4,3,11,Champions
16307,0,57,2,706.96,14.979166666666666,45,353.48,22.5,0.723404255319149,33.074074074074076,0,3,3,3,9,Loyal
13103,0,92,1,123.34,11.0,6,123.34,6.0,0.0,92.0,1,2,1,1,4,At Risk
14014,0,91,1,128.27,5.875,8,128.27,8.0,0.0,91.0,1,2,1,1,4,At Risk
13295,0,91,1,306.5,13.7,20,306.5,20.0,0.0,91.0,1,2,1,2,5,At Risk
14391,1,91,1,135.6,12.0,14,135.6,14.0,0.0,91.0,1,2,1,1,4,At Risk
17705,0,91,1,88.7,11.5,6,88.7,6.0,0.0,91.0,1,2,2,1,5,At Risk
12580,1,91,1,576.9,9.3125,32,576.9,32.0,0.0,91.0,1,2,2,3,7,Potential
15012,0,91,1,153.11,1.9,59,153.11,59.0,0.0,91.0,1,2,2,1,5,At Risk
16898,0,91,1,132.19,4.096774193548387,29,132.19,29.0,0.0,91.0,1,2,2,1,5,At Risk
17016,1,91,1,377.05,7.090909090909091,33,377.05,33.0,0.0,91.0,1,2,2,2,6,Potential
17845,1,70,4,500.95000000000005,3.8292682926829267,36,125.23750000000001,9.0,0.525,45.9016393442623,0,2,4,3,9,Loyal
13998,0,26,2,196.20000000000002,5.636363636363637,10,98.10000000000001,5.0,6.5,3.466666666666667,0,4,3,2,9,Loyal
12494,0,91,1,266.0,8.941176470588236,17,266.0,17.0,0.0,91.0,1,2,2,2,6,Potential
16993,0,91,1,394.3,10.75,8,394.3,8.0,0.0,91.0,1,2,2,2,6,Potential
15405,1,91,1,279.04,7.65,20,279.04,20.0,0.0,91.0,1,2,2,2,6,Potential
17897,0,27,5,650.3199999999999,3.7628865979381443,82,130.064,16.4,0.6458333333333334,16.40506329113924,0,3,4,3,10,Champions
15470,1,90,1,8.4,20.0,1,8.4,1.0,999.0,0.09,1,2,2,1,5,At Risk
15199,0,9,3,734.95,8.76,15,244.98333333333335,5.0,3.3333333333333335,2.0769230769230766,0,4,3,3,10,Champions
14039,1,90,1,6.959999999999999,24.0,1,6.959999999999999,1.0,999.0,0.09,1,2,2,1,5,At Risk
13892,1,90,1,12.6,6.0,1,12.6,1.0,999.0,0.09,1,2,2,1,5,At Risk
13220,1,90,1,435.35,7.074074074074074,27,435.35,27.0,0.0,90.0,1,2,2,3,7,Potential
18197,1,90,1,203.1,16.25,8,203.1,8.0,0.0,90.0,1,2,2,2,6,Potential
13888,0,9,4,630.73,4.706896551724138,46,157.6825,11.5,1.4035087719298245,3.7445255474452557,0,4,4,3,11,Champions
15597,1,90,1,238.8,7.6,15,238.8,15.0,0.0,90.0,1,2,2,2,6,Potential
16906,0,90,2,298.76,1.9649122807017543,50,149.38,25.0,0.0,90.0,0,2,3,2,7,Potential
16754,1,42,4,567.54,27.0,4,141.885,1.0,4.181818181818182,8.105263157894736,0,3,4,3,10,Champions
15210,0,90,1,148.55,10.1,10,148.55,10.0,0.0,90.0,1,2,2,1,5,At Risk
12894,1,90,1,103.95,1.7058823529411764,17,103.95,17.0,0.0,90.0,1,2,2,1,5,At Risk
12923,0,90,1,174.95,5.363636363636363,11,174.95,11.0,0.0,90.0,1,2,2,1,5,At Risk
15478,1,90,1,357.96,9.631578947368421,19,357.96,19.0,0.0,90.0,1,2,2,2,6,Potential
12880,0,89,1,337.18,6.761904761904762,21,337.18,21.0,0.0,89.0,1,2,2,2,6,Potential
16115,0,3,3,631.13,3.230088495575221,84,210.37666666666667,28.0,0.7678571428571429,1.696969696969697,0,4,3,3,10,Champions
16836,0,89,1,186.75,7.0,11,186.75,11.0,0.0,89.0,1,2,2,1,5,At Risk
15723,0,89,1,190.16,1.697674418604651,43,190.16,43.0,0.0,89.0,1,2,2,1,5,At Risk
16588,0,20,2,557.55,14.151515151515152,33,278.775,16.5,2.15625,6.336633663366337,0,4,3,3,10,Champions
14296,0,89,1,119.7,14.375,8,119.7,8.0,0.0,89.0,1,2,2,1,5,At Risk
13300,0,89,1,314.98,6.764705882352941,17,314.98,17.0,0.0,89.0,1,2,2,2,6,Potential
12745,1,1,2,417.93,19.933333333333334,13,208.965,6.5,6.214285714285714,0.1386138613861386,0,4,3,3,10,Champions
16922,1,87,1,507.73,2.4324324324324325,111,507.73,111.0,0.0,87.0,1,2,2,3,7,Potential
18258,0,6,3,294.1,9.285714285714286,13,98.03333333333335,4.333333333333333,6.153846153846154,0.8387096774193548,0,4,3,2,9,Loyal
17123,0,87,1,217.36,10.61111111111111,18,217.36,18.0,0.0,87.0,1,2,2,2,6,Potential
16507,1,87,1,132.76,2.972972972972973,36,132.76,36.0,0.0,87.0,1,2,2,1,5,At Risk
14982,1,87,1,199.98,3.361111111111111,36,199.98,36.0,0.0,87.0,1,2,2,2,6,Potential
18287,0,86,1,918.64,11.938775510204081,49,918.64,49.0,0.0,86.0,1,2,2,3,7,Potential
18157,1,86,1,176.79,4.173913043478261,23,176.79,23.0,0.0,86.0,1,2,2,1,5,At Risk
16932,0,86,1,98.28,1.5,42,98.28,42.0,0.0,86.0,1,2,2,1,5,At Risk
15280,1,3,2,188.1,6.526315789473684,34,94.05,17.0,2.2162162162162162,0.9327731092436975,0,4,3,1,8,Loyal
13857,0,3,2,364.53,5.0638297872340425,43,182.265,21.5,1.7826086956521738,1.078125,0,4,3,2,9,Loyal
13719,0,22,4,1053.07,4.526315789473684,102,263.2675,25.5,0.4696969696969697,14.969072164948454,0,4,4,4,12,Champions
14017,1,86,1,185.2,6.181818181818182,11,185.2,11.0,0.0,86.0,1,2,2,1,5,At Risk
17928,1,86,1,46.2,10.666666666666666,3,46.2,3.0,0.0,86.0,1,2,2,1,5,At Risk
13605,0,86,1,128.49,8.4,15,128.49,15.0,0.0,86.0,1,2,2,1,5,At Risk
14304,0,85,1,637.97,7.972972972972973,37,637.97,37.0,0.0,85.0,1,2,2,3,7,Potential
16884,1,71,2,360.58,4.916666666666667,30,180.29,15.0,0.4,50.714285714285715,0,2,3,2,7,Potential
15071,0,85,1,143.54,6.666666666666667,9,143.54,9.0,0.0,85.0,1,2,2,1,5,At Risk
13501,1,1,2,1325.95,10.018518518518519,45,662.975,22.5,1.5660377358490567,0.3897058823529411,0,4,3,4,11,Champions
14744,0,78,4,704.2,5.345454545454546,32,176.05,8.0,0.1111111111111111,70.2,0,2,4,3,9,Loyal
13541,0,85,1,147.15,27.0,1,147.15,1.0,999.0,0.085,1,2,2,1,5,At Risk
15282,1,85,1,329.09,14.038461538461538,26,329.09,26.0,0.0,85.0,1,2,2,2,6,Potential
16835,0,15,3,902.8100000000001,5.9818181818181815,42,300.93666666666667,14.0,1.2777777777777777,6.585365853658537,0,4,3,3,10,Champions
14325,1,84,1,198.08,12.533333333333333,15,198.08,15.0,0.0,84.0,1,2,2,2,6,Potential
15636,0,84,1,347.19,9.0,15,347.19,15.0,0.0,84.0,1,2,2,2,6,Potential
14283,0,16,2,259.84999999999997,12.0625,16,129.92499999999998,8.0,4.533333333333333,2.891566265060241,0,4,3,2,9,Loyal
17490,0,84,1,336.14,11.2,20,336.14,20.0,0.0,84.0,1,2,2,2,6,Potential
16059,0,15,4,741.86,3.0,86,185.465,21.5,0.5317460317460317,9.792746113989638,0,4,4,3,11,Champions
14598,1,84,1,162.07,4.125,40,162.07,40.0,0.0,84.0,1,2,2,1,5,At Risk
14220,1,82,2,498.20000000000005,11.428571428571429,10,249.10000000000002,5.0,0.15384615384615385,71.06666666666668,0,2,3,3,8,Loyal
16564,1,84,1,87.8,8.0,5,87.8,5.0,0.0,84.0,1,2,2,1,5,At Risk
12837,1,84,1,362.66,2.328358208955224,64,362.66,64.0,0.0,84.0,1,2,2,2,6,Potential
16664,1,84,1,83.7,3.142857142857143,7,83.7,7.0,0.0,84.0,1,2,2,1,5,At Risk
14334,0,15,2,780.65,11.738095238095237,37,390.325,18.5,1.6585365853658536,5.642201834862386,0,4,3,3,10,Champions
15777,0,83,1,9.3,2.0,1,9.3,1.0,999.0,0.083,1,2,2,1,5,At Risk
15401,0,83,1,123.45,9.125,8,123.45,8.0,0.0,83.0,1,2,2,1,5,At Risk
17758,0,83,1,401.51,4.396825396825397,61,401.51,61.0,0.0,83.0,1,2,2,3,7,Potential
15025,1,83,1,467.68,4.903225806451613,62,467.68,62.0,0.0,83.0,1,2,2,3,7,Potential
14850,0,83,2,422.47,4.064102564102564,70,211.235,35.0,0.0,83.0,0,2,3,3,8,Loyal
15559,1,83,1,936.4,9.92156862745098,51,936.4,51.0,0.0,83.0,1,2,2,3,7,Potential
13213,0,20,2,584.35,10.085714285714285,34,292.175,17.0,1.8235294117647058,7.083333333333334,0,4,3,3,10,Champions
16604,1,77,2,335.55,12.454545454545455,9,167.775,4.5,0.5,51.333333333333336,0,2,3,2,7,Potential
15826,1,83,1,630.82,10.947368421052632,38,630.82,38.0,0.0,83.0,1,2,2,3,7,Potential
14513,1,83,1,251.3,22.0,4,251.3,4.0,0.0,83.0,1,2,2,2,6,Potential
14464,1,83,1,51.0,4.666666666666667,3,51.0,3.0,0.0,83.0,1,2,2,1,5,At Risk
14671,1,64,2,931.35,8.510204081632653,43,465.675,21.5,0.375,46.54545454545455,0,3,3,3,9,Loyal
14311,1,82,1,206.19,8.090909090909092,11,206.19,11.0,0.0,82.0,1,2,2,2,6,Potential
12355,1,82,1,437.11,12.65,20,437.11,20.0,0.0,82.0,1,2,2,3,7,Potential
18011,0,82,1,182.8,1.4642857142857142,28,182.8,28.0,0.0,82.0,1,2,2,1,5,At Risk
14409,0,0,2,701.25,16.333333333333332,29,350.625,14.5,2.53125,0.0,0,4,3,3,10,Champions
17898,0,82,1,36.53,3.6666666666666665,9,36.53,9.0,0.0,82.0,1,2,2,1,5,At Risk
16889,0,31,2,498.59,8.716981132075471,46,249.295,23.0,0.9423076923076923,15.96039603960396,0,3,3,3,9,Loyal
16121,0,80,1,151.07,2.4,25,151.07,25.0,0.0,80.0,1,2,2,1,5,At Risk
12974,1,80,1,238.65,3.5,22,238.65,22.0,0.0,80.0,1,2,2,2,6,Potential
16290,0,59,2,969.6,7.066666666666666,57,484.8,28.5,0.2702702702702703,46.4468085106383,0,3,3,4,10,Champions
18208,1,80,1,137.28,8.571428571428571,7,137.28,7.0,0.0,80.0,1,2,2,1,5,At Risk
14010,1,80,2,382.15,6.391304347826087,19,191.075,9.5,0.0,80.0,0,2,3,2,7,Potential
17785,0,80,1,38.75,1.1538461538461537,13,38.75,13.0,0.0,80.0,1,2,2,1,5,At Risk
13778,1,6,3,635.05,8.366666666666667,25,211.6833333333333,8.333333333333334,2.5172413793103448,1.7058823529411764,0,4,3,3,10,Champions
17278,1,80,1,25.2,8.0,2,25.2,2.0,0.0,80.0,1,2,2,1,5,At Risk
12409,0,80,1,1666.56,17.44,25,1666.56,25.0,0.0,80.0,1,2,2,4,8,Loyal
14920,1,80,1,567.85,10.277777777777779,36,567.85,36.0,0.0,80.0,1,2,2,3,7,Potential
18060,0,79,1,368.35,10.407407407407407,27,368.35,27.0,0.0,79.0,1,2,2,2,6,Potential
12632,1,35,2,657.16,16.033333333333335,29,328.58,14.5,1.5172413793103448,13.904109589041097,0,3,3,3,9,Loyal
16831,1,79,1,91.8,8.0,6,91.8,6.0,0.0,79.0,1,2,2,1,5,At Risk
14394,1,79,1,76.8,11.2,5,76.8,5.0,0.0,79.0,1,2,2,1,5,At Risk
16974,1,37,2,365.5,8.75,5,182.75,2.5,5.857142857142857,5.395833333333334,0,3,3,2,8,Loyal
13402,0,20,2,506.7,11.176470588235293,30,253.35,15.0,1.7575757575757576,7.252747252747252,0,4,3,3,10,Champions
16185,1,79,1,104.36,7.5,8,104.36,8.0,0.0,79.0,1,2,2,1,5,At Risk
14168,0,79,1,263.15,9.3,10,263.15,10.0,0.0,79.0,1,2,2,2,6,Potential
14847,0,79,1,189.2,10.909090909090908,11,189.2,11.0,0.0,79.0,1,2,2,1,5,At Risk
16229,0,36,3,959.06,9.78125,59,319.68666666666667,19.666666666666668,0.6825396825396826,21.39622641509434,0,3,3,4,10,Champions
15681,0,34,2,255.2,13.333333333333334,8,127.6,4.0,5.625,5.132075471698113,0,3,3,2,8,Loyal
17205,0,79,1,55.13,14.6,5,55.13,5.0,0.0,79.0,1,2,2,1,5,At Risk
16075,1,17,2,554.83,8.161290322580646,31,277.415,15.5,2.033333333333333,5.604395604395605,0,4,3,3,10,Champions
12773,1,79,1,29.3,12.0,4,29.3,4.0,0.0,79.0,1,2,2,1,5,At Risk
18000,1,79,1,29.299999999999997,12.0,4,29.299999999999997,4.0,0.0,79.0,1,2,2,1,5,At Risk
12802,0,54,2,987.02,10.387096774193548,57,493.51,28.5,0.39344262295081966,38.752941176470586,0,3,3,4,10,Champions
13324,0,47,3,223.0,4.615384615384615,9,74.33333333333333,3.0,2.5,13.428571428571429,0,3,3,2,8,Loyal
16175,0,26,2,590.45,10.290322580645162,27,295.225,13.5,1.7,9.62962962962963,0,4,3,3,10,Champions
13989,0,2,2,616.38,14.864864864864865,29,308.19,14.5,2.111111111111111,0.6428571428571428,0,4,3,3,10,Champions
14993,1,78,1,36.13,2.1,9,36.13,9.0,0.0,78.0,1,2,2,1,5,At Risk
15217,1,78,1,410.34000000000003,6.962962962962963,27,410.34000000000003,27.0,0.0,78.0,1,2,2,3,7,Potential
16328,1,78,1,310.83,8.8125,16,310.83,16.0,0.0,78.0,1,2,2,2,6,Potential
17862,0,78,1,142.33,6.625,16,142.33,16.0,0.0,78.0,1,2,2,1,5,At Risk
17694,1,26,2,718.47,10.591836734693878,37,359.235,18.5,1.0625,12.606060606060606,0,4,3,3,10,Champions
12656,0,14,2,1107.55,8.43939393939394,60,553.775,30.0,0.9692307692307692,7.109375,0,4,3,4,11,Champions
17327,0,77,1,4.25,1.0,1,4.25,1.0,999.0,0.077,1,2,2,1,5,At Risk
17179,0,77,1,193.17000000000002,4.037037037037037,24,193.17000000000002,24.0,0.0,77.0,1,2,2,2,6,Potential
15900,0,77,1,70.22,3.5294117647058822,16,70.22,16.0,0.0,77.0,1,2,2,1,5,At Risk
17074,1,77,1,11.8,4.0,1,11.8,1.0,999.0,0.077,1,2,2,1,5,At Risk
14181,0,77,1,201.15,1.826086956521739,46,201.15,46.0,0.0,77.0,1,2,2,2,6,Potential
16715,1,77,1,49.18,11.5,4,49.18,4.0,0.0,77.0,1,2,2,1,5,At Risk
16153,0,13,3,1266.3,12.825396825396826,53,422.09999999999997,17.666666666666668,1.0,6.5,0,4,3,4,11,Champions
16046,1,77,1,168.79,6.277777777777778,18,168.79,18.0,0.0,77.0,1,2,2,1,5,At Risk
14938,1,77,2,1232.71,10.089285714285714,56,616.355,28.0,0.0,77.0,0,2,3,4,9,Loyal
12378,1,77,1,1076.57,9.606060606060606,66,1076.57,66.0,0.0,77.0,1,2,2,4,8,Loyal
13880,0,1,2,343.71,11.521739130434783,22,171.855,11.0,3.4545454545454546,0.22448979591836732,0,4,3,2,9,Loyal
16458,0,9,6,920.28,6.927536231884058,32,153.38,5.333333333333333,0.9558823529411765,4.601503759398496,0,4,4,3,11,Champions
13920,0,5,2,704.6,12.297872340425531,45,352.3,22.5,1.5434782608695652,1.9658119658119657,0,4,3,3,10,Champions
13169,1,77,1,107.30000000000001,5.5,4,107.30000000000001,4.0,0.0,77.0,1,2,2,1,5,At Risk
17499,1,76,1,353.46000000000004,12.08695652173913,23,353.46000000000004,23.0,0.0,76.0,1,2,2,2,6,Potential
15340,1,76,1,105.5,10.857142857142858,7,105.5,7.0,0.0,76.0,1,2,2,1,5,At Risk
16234,0,29,2,161.06,14.666666666666666,5,80.53,2.5,9.4,2.7884615384615383,0,3,3,1,7,Potential
16392,0,76,1,175.29,4.161290322580645,31,175.29,31.0,0.0,76.0,1,2,2,1,5,At Risk
16391,0,12,3,511.40999999999997,2.0823529411764707,148,170.47,49.333333333333336,0.3727810650887574,8.741379310344827,0,4,3,3,10,Champions
15256,1,76,1,71.95,9.25,4,71.95,4.0,0.0,76.0,1,2,2,1,5,At Risk
17699,0,76,1,101.1,10.285714285714286,7,101.1,7.0,0.0,76.0,1,2,2,1,5,At Risk
16695,1,76,1,135.3,4.0,26,135.3,26.0,0.0,76.0,1,2,2,1,5,At Risk
14069,1,29,2,178.86,1.4210526315789473,34,89.43,17.0,1.2432432432432432,12.927710843373495,0,3,3,1,7,Potential
16101,0,76,1,721.51,9.217391304347826,46,721.51,46.0,0.0,76.0,1,2,2,3,7,Potential
14876,1,36,2,236.8,13.333333333333334,11,118.4,5.5,3.6363636363636362,7.76470588235294,0,3,3,2,8,Loyal
16691,0,76,1,35.88,13.75,4,35.88,4.0,0.0,76.0,1,2,2,1,5,At Risk
15985,0,0,3,878.0400000000001,13.619047619047619,23,292.68,7.666666666666667,1.8048780487804879,0.0,0,4,3,3,10,Champions
16218,0,76,1,69.8,11.2,5,69.8,5.0,0.0,76.0,1,2,2,1,5,At Risk
15400,1,6,2,238.54999999999998,15.7,7,119.27499999999999,3.5,7.666666666666667,0.6923076923076922,0,4,3,2,9,Loyal
15254,1,61,2,643.49,10.292682926829269,38,321.745,19.0,0.35,45.18518518518518,0,3,3,3,9,Loyal
13602,0,75,1,169.38,5.2727272727272725,11,169.38,11.0,0.0,75.0,1,2,2,1,5,At Risk
17741,0,75,1,10.2,12.0,1,10.2,1.0,999.0,0.075,1,2,2,1,5,At Risk
17822,0,75,2,757.13,4.867924528301887,97,378.565,48.5,0.0,75.0,0,2,3,3,8,Loyal
12619,1,75,1,127.38999999999999,15.444444444444445,9,127.38999999999999,9.0,0.0,75.0,1,2,2,1,5,At Risk
17583,1,75,1,135.95,7.857142857142857,7,135.95,7.0,0.0,75.0,1,2,2,1,5,At Risk
16035,1,75,1,82.43,1.9090909090909092,11,82.43,11.0,0.0,75.0,1,2,2,1,5,At Risk
12499,1,75,1,297.15999999999997,9.304347826086957,23,297.15999999999997,23.0,0.0,75.0,1,2,2,2,6,Potential
18044,0,54,3,307.66,9.68421052631579,17,102.55333333333334,5.666666666666667,1.1111111111111112,25.57894736842105,0,3,3,2,8,Loyal
14104,0,63,2,278.01,3.0,73,139.005,36.5,0.13924050632911392,55.3,0,3,3,2,8,Loyal
17617,1,73,1,385.19,13.833333333333334,18,385.19,18.0,0.0,73.0,1,2,2,2,6,Potential
15938,0,24,2,200.81,9.071428571428571,14,100.405,7.0,3.6153846153846154,5.2,0,4,3,2,9,Loyal
16518,0,71,1,109.25,5.833333333333333,6,109.25,6.0,0.0,71.0,1,2,2,1,5,At Risk
15135,1,71,1,117.88,4.5,8,117.88,8.0,0.0,71.0,1,2,2,1,5,At Risk
15980,1,5,3,1077.6,14.4,34,359.2,11.333333333333334,1.911764705882353,1.717171717171717,0,4,3,4,11,Champions
15670,1,71,1,139.4,6.666666666666667,6,139.4,6.0,0.0,71.0,1,2,2,1,5,At Risk
18038,1,71,1,113.58,3.12,23,113.58,23.0,0.0,71.0,1,2,2,1,5,At Risk
17745,0,70,1,281.63,6.6,15,281.63,15.0,0.0,70.0,1,2,2,2,6,Potential
13472,0,70,1,262.18,9.714285714285714,14,262.18,14.0,0.0,70.0,1,2,2,2,6,Potential
15246,1,70,1,266.25,6.222222222222222,18,266.25,18.0,0.0,70.0,1,2,2,2,6,Potential
15887,0,70,1,383.15000000000003,7.869565217391305,23,383.15000000000003,23.0,0.0,70.0,1,2,2,2,6,Potential
15714,0,64,2,130.0,20.0,2,65.0,1.0,5.0,10.666666666666666,0,3,3,1,7,Potential
16565,1,1,2,121.75,7.4,5,60.875,2.5,17.0,0.05555555555555555,0,4,3,1,8,Loyal
16401,0,40,3,181.25,6.368421052631579,18,60.416666666666664,6.0,1.6111111111111112,15.319148936170212,0,3,3,1,7,Potential
15305,1,70,1,77.7,9.5,4,77.7,4.0,0.0,70.0,1,2,2,1,5,At Risk
17096,0,17,4,1262.6,7.294736842105263,83,315.65,20.75,0.5531914893617021,10.945205479452055,0,4,4,4,12,Champions
16896,1,70,1,56.95,1.0,13,56.95,13.0,0.0,70.0,1,2,2,1,5,At Risk
14859,1,69,1,165.6,19.166666666666668,6,165.6,6.0,0.0,69.0,1,2,2,1,5,At Risk
15502,0,69,1,1157.1100000000001,8.277777777777779,68,1157.1100000000001,68.0,0.0,69.0,1,2,2,4,8,Loyal
12874,0,69,1,315.94,12.105263157894736,19,315.94,19.0,0.0,69.0,1,2,2,2,6,Potential
17216,1,69,1,55.1,1.6666666666666667,12,55.1,12.0,0.0,69.0,1,2,2,1,5,At Risk
13031,0,6,3,1872.25,5.607692307692307,197,624.0833333333334,65.66666666666667,0.23938223938223938,4.841121495327103,0,4,3,4,11,Champions
17683,0,26,2,596.79,12.583333333333334,32,298.395,16.0,1.2,11.818181818181817,0,4,3,3,10,Champions
18214,1,45,4,365.14,3.0930232558139537,29,91.285,7.25,0.5,30.0,0,3,4,2,9,Loyal
15731,1,68,1,125.3,15.25,8,125.3,8.0,0.0,68.0,1,2,2,1,5,At Risk
14486,1,26,2,175.5,15.0,4,87.75,2.0,8.2,2.8260869565217392,0,4,3,1,8,Loyal
14436,1,68,1,30.0,24.0,1,30.0,1.0,999.0,0.068,1,2,2,1,5,At Risk
14902,0,68,1,346.7,11.142857142857142,21,346.7,21.0,0.0,68.0,1,2,2,2,6,Potential
18206,1,68,1,314.65999999999997,12.947368421052632,19,314.65999999999997,19.0,0.0,68.0,1,2,2,2,6,Potential
17235,0,7,4,555.3199999999999,10.0,25,138.82999999999998,6.25,1.5789473684210527,2.7142857142857144,0,4,4,3,11,Champions
14687,0,66,1,290.86,11.777777777777779,9,290.86,9.0,0.0,66.0,1,2,2,2,6,Potential
14766,0,26,2,1684.74,11.15,93,842.37,46.5,0.40404040404040403,18.51798561151079,0,4,3,4,11,Champions
18234,1,66,1,137.1,2.6785714285714284,28,137.1,28.0,0.0,66.0,1,2,2,1,5,At Risk
16356,0,66,2,98.3,3.125,16,49.15,8.0,0.0,66.0,0,2,3,1,6,Potential
12911,1,66,1,1131.69,3.1728971962616823,198,1131.69,198.0,0.0,66.0,1,2,2,4,8,Loyal
18112,0,66,1,106.60000000000001,2.8,9,106.60000000000001,9.0,0.0,66.0,1,2,2,1,5,At Risk
13109,1,66,1,311.91,8.904761904761905,21,311.91,21.0,0.0,66.0,1,2,2,2,6,Potential
15956,1,66,1,291.2,8.823529411764707,17,291.2,17.0,0.0,66.0,1,2,2,2,6,Potential
14208,1,66,1,315.9,11.578947368421053,19,315.9,19.0,0.0,66.0,1,2,2,2,6,Potential
17915,1,66,1,163.85,4.041666666666667,23,163.85,23.0,0.0,66.0,1,2,2,1,5,At Risk
16340,0,66,1,326.24,4.108695652173913,80,326.24,80.0,0.0,66.0,1,2,2,2,6,Potential
13614,0,66,1,158.8,2.1470588235294117,34,158.8,34.0,0.0,66.0,1,2,2,1,5,At Risk
18137,1,66,2,104.84,2.1153846153846154,23,52.42,11.5,0.0,66.0,0,2,3,1,6,Potential
15976,0,38,2,425.25,2.043956043956044,79,212.625,39.5,0.3,29.23076923076923,0,3,3,3,9,Loyal
14128,1,66,1,286.71,13.157894736842104,19,286.71,19.0,0.0,66.0,1,2,2,2,6,Potential
13056,1,66,1,148.82999999999998,7.0,14,148.82999999999998,14.0,0.0,66.0,1,2,2,1,5,At Risk
14247,0,38,2,254.48000000000002,3.372093023255814,36,127.24000000000001,18.0,0.6428571428571429,23.130434782608695,0,3,3,2,8,Loyal
14734,0,8,2,332.13,4.238095238095238,16,166.065,8.0,2.85,2.0779220779220777,0,4,3,2,9,Loyal
17009,1,66,1,39.53999999999999,12.5,3,39.53999999999999,3.0,0.0,66.0,1,2,2,1,5,At Risk
14309,0,65,1,532.08,13.416666666666666,36,532.08,36.0,0.0,65.0,1,3,2,3,8,Loyal
15958,0,65,1,53.3,1.5714285714285714,11,53.3,11.0,0.0,65.0,1,3,2,1,6,Potential
17987,0,65,1,160.12,3.843137254901961,44,160.12,44.0,0.0,65.0,1,3,2,1,6,Potential
15471,0,65,1,106.05,2.789473684210526,17,106.05,17.0,0.0,65.0,1,3,2,1,6,Potential
14515,0,65,1,196.1,6.0,20,196.1,20.0,0.0,65.0,1,3,2,2,7,Potential
16382,0,65,1,90.07000000000001,3.090909090909091,11,90.07000000000001,11.0,0.0,65.0,1,3,2,1,6,Potential
13699,1,65,1,312.52000000000004,8.235294117647058,17,312.52000000000004,17.0,0.0,65.0,1,3,2,2,7,Potential
17515,0,23,2,206.26,3.8620689655172415,28,103.13,14.0,1.5,9.2,0,4,3,2,9,Loyal
14786,1,65,1,90.96,16.0,7,90.96,7.0,0.0,65.0,1,3,2,1,6,Potential
16232,0,65,1,232.95,11.363636363636363,11,232.95,11.0,0.0,65.0,1,3,2,2,7,Potential
18100,1,65,1,372.49,12.458333333333334,24,372.49,24.0,0.0,65.0,1,3,2,2,7,Potential
15872,0,65,1,119.04,6.0,12,119.04,12.0,0.0,65.0,1,3,2,1,6,Potential
12829,1,65,1,19.020000000000003,8.666666666666666,3,19.020000000000003,3.0,0.0,65.0,1,3,2,1,6,Potential
15551,0,65,1,214.22,6.153846153846154,26,214.22,26.0,0.0,65.0,1,3,2,2,7,Potential
17040,1,65,1,13.52,8.0,1,13.52,1.0,999.0,0.065,1,3,2,1,6,Potential
17101,0,65,1,148.5,9.555555555555555,9,148.5,9.0,0.0,65.0,1,3,2,1,6,Potential
15720,1,65,1,91.39,2.05,20,91.39,20.0,0.0,65.0,1,3,2,1,6,Potential
14498,0,2,3,540.4,3.5316455696202533,67,180.13333333333333,22.333333333333332,0.782051282051282,1.1223021582733814,0,4,3,3,10,Champions
17784,1,65,1,84.99,1.6666666666666667,17,84.99,17.0,0.0,65.0,1,3,2,1,6,Potential
13997,1,34,2,221.66,3.6857142857142855,28,110.83,14.0,0.9117647058823529,17.784615384615385,0,3,3,2,8,Loyal
12928,0,12,3,967.01,12.543478260869565,34,322.33666666666664,11.333333333333334,1.1333333333333333,5.625,0,4,3,4,11,Champions
17190,0,64,2,368.13,3.0843373493975905,71,184.065,35.5,0.0,64.0,0,3,3,2,8,Loyal
16048,0,64,1,201.0,12.0,11,201.0,11.0,0.0,64.0,1,3,2,2,7,Potential
17543,1,64,1,111.55,5.083333333333333,12,111.55,12.0,0.0,64.0,1,3,2,1,6,Potential
18103,1,64,1,27.75,2.2857142857142856,7,27.75,7.0,0.0,64.0,1,3,2,1,6,Potential
15532,0,15,3,893.38,1.8341708542713568,170,297.79333333333335,56.666666666666664,0.2474747474747475,12.024291497975709,0,4,3,3,10,Champions
16072,0,64,1,1075.49,2.50990099009901,182,1075.49,182.0,0.0,64.0,1,3,2,4,9,Loyal
17713,0,63,1,262.13,14.238095238095237,21,262.13,21.0,0.0,63.0,1,3,2,2,7,Potential
17417,1,63,1,156.23000000000002,5.0,15,156.23000000000002,15.0,0.0,63.0,1,3,2,1,6,Potential
13502,0,63,1,208.4,13.2,10,208.4,10.0,0.0,63.0,1,3,2,2,7,Potential
14260,0,63,1,465.25,12.033333333333333,30,465.25,30.0,0.0,63.0,1,3,2,3,8,Loyal
15352,1,63,1,75.7,1.1935483870967742,31,75.7,31.0,0.0,63.0,1,3,2,1,6,Potential
17282,0,63,1,204.41,3.290909090909091,52,204.41,52.0,0.0,63.0,1,3,2,2,7,Potential
16453,1,45,2,219.06,10.461538461538462,13,109.53,6.5,1.4166666666666667,18.620689655172413,0,3,3,2,8,Loyal
14230,0,63,1,294.1,7.5,12,294.1,12.0,0.0,63.0,1,3,2,2,7,Potential
14615,0,19,3,467.54999999999995,10.307692307692308,23,155.85,7.666666666666667,1.72,6.98529411764706,0,4,3,3,10,Champions
17971,1,63,1,146.04000000000002,3.1578947368421053,19,146.04000000000002,19.0,0.0,63.0,1,3,2,1,6,Potential
14180,0,27,3,83.4,3.2,4,27.8,1.3333333333333333,8.75,2.769230769230769,0,3,3,1,7,Potential
12424,0,63,1,259.7,17.636363636363637,11,259.7,11.0,0.0,63.0,1,3,2,2,7,Potential
12634,1,63,1,360.0,17.68421052631579,19,360.0,19.0,0.0,63.0,1,3,2,2,7,Potential
17204,0,62,1,239.63,14.733333333333333,15,239.63,15.0,0.0,62.0,1,3,2,2,7,Potential
13065,0,62,1,187.57,7.363636363636363,11,187.57,11.0,0.0,62.0,1,3,2,1,6,Potential
17869,0,62,1,57.74,3.9,9,57.74,9.0,0.0,62.0,1,3,2,1,6,Potential
15757,0,7,2,992.4200000000001,8.75,56,496.21000000000004,28.0,0.9152542372881356,3.6548672566371683,0,4,3,4,11,Champions
15734,0,62,1,225.65,9.857142857142858,7,225.65,7.0,0.0,62.0,1,3,2,2,7,Potential
15207,0,62,1,206.4,15.11111111111111,9,206.4,9.0,0.0,62.0,1,3,2,2,7,Potential
16679,0,62,1,78.0,5.5,4,78.0,4.0,0.0,62.0,1,3,2,1,6,Potential
13438,1,62,1,46.5,10.0,1,46.5,1.0,999.0,0.062,1,3,2,1,6,Potential
14618,0,61,1,108.28,8.666666666666666,6,108.28,6.0,0.0,61.0,1,3,2,1,6,Potential
15102,1,45,2,460.40999999999997,11.5,21,230.20499999999998,10.5,0.7619047619047619,25.54054054054054,0,3,3,3,9,Loyal
17996,0,61,2,177.9,4.32258064516129,30,88.95,15.0,0.0,61.0,0,3,3,1,7,Potential
17691,0,61,1,172.65,9.615384615384615,13,172.65,13.0,0.0,61.0,1,3,2,1,6,Potential
16499,0,28,3,570.75,9.916666666666666,33,190.25,11.0,0.9142857142857143,14.626865671641792,0,3,3,3,9,Loyal
17902,1,61,1,108.03999999999999,7.7,20,108.03999999999999,20.0,0.0,61.0,1,3,2,1,6,Potential
14228,0,36,2,367.64,7.478260869565218,23,183.82,11.5,1.0909090909090908,17.217391304347828,0,3,3,2,8,Loyal
13794,1,61,1,108.13000000000001,7.625,8,108.13000000000001,8.0,0.0,61.0,1,3,2,1,6,Potential
16547,1,61,1,73.39999999999999,1.8181818181818181,22,73.39999999999999,22.0,0.0,61.0,1,3,2,1,6,Potential
14727,1,61,2,168.15,6.352941176470588,31,84.075,15.5,0.0,61.0,0,3,3,1,7,Potential
13337,1,61,1,1164.79,10.304347826086957,69,1164.79,69.0,0.0,61.0,1,3,2,4,9,Loyal
12429,0,61,2,440.15999999999997,18.90909090909091,11,220.07999999999998,5.5,0.0,61.0,0,3,3,3,9,Loyal
18022,0,61,1,133.36,1.3859649122807018,47,133.36,47.0,0.0,61.0,1,3,2,1,6,Potential
17749,1,61,1,263.76,7.375,16,263.76,16.0,0.0,61.0,1,3,2,2,7,Potential
13601,0,61,1,163.38,1.52,50,163.38,50.0,0.0,61.0,1,3,2,1,6,Potential
13745,1,61,1,350.52,14.88,25,350.52,25.0,0.0,61.0,1,3,2,2,7,Potential
16021,0,59,1,114.53999999999999,1.6,30,114.53999999999999,30.0,0.0,59.0,1,3,2,1,6,Potential
13545,0,59,1,66.48,3.3846153846153846,13,66.48,13.0,0.0,59.0,1,3,2,1,6,Potential
17790,0,2,4,430.49,3.9876543209876543,67,107.6225,16.75,0.7,1.1764705882352942,0,4,4,3,11,Champions
14224,0,43,2,243.09,3.0,48,121.545,24.0,0.30612244897959184,32.921875,0,3,3,2,8,Loyal
14581,1,59,1,175.9,2.0526315789473686,38,175.9,38.0,0.0,59.0,1,3,2,1,6,Potential
16647,0,59,1,114.23,9.0,7,114.23,7.0,0.0,59.0,1,3,2,1,6,Potential
16622,1,58,1,147.35,4.111111111111111,9,147.35,9.0,0.0,58.0,1,3,2,1,6,Potential
16625,0,58,1,270.0,14.923076923076923,13,270.0,13.0,0.0,58.0,1,3,2,2,7,Potential
12897,0,58,1,55.35,7.0,3,55.35,3.0,0.0,58.0,1,3,2,1,6,Potential
15150,0,58,1,1723.17,10.964601769911505,113,1723.17,113.0,0.0,58.0,1,3,2,4,9,Loyal
18020,1,58,1,166.03,6.5,10,166.03,10.0,0.0,58.0,1,3,2,1,6,Potential
15901,0,58,1,200.34,6.764705882352941,32,200.34,32.0,0.0,58.0,1,3,2,2,7,Potential
15016,0,58,1,130.36,2.2666666666666666,29,130.36,29.0,0.0,58.0,1,3,2,1,6,Potential
16007,0,58,1,314.47,4.626865671641791,67,314.47,67.0,0.0,58.0,1,3,2,2,7,Potential
15361,1,50,2,190.2,18.0,2,95.1,1.0,7.0,6.25,0,3,3,1,7,Potential
15817,0,7,2,1777.21,10.295238095238096,99,888.605,49.5,0.4807692307692308,4.727272727272727,0,4,3,4,11,Champions
12637,0,15,2,754.48,5.068965517241379,78,377.24,39.0,0.5,10.0,0,4,3,3,10,Champions
13069,0,16,4,1337.27,4.471074380165289,186,334.3175,46.5,0.16597510373443983,13.722419928825621,0,4,4,4,12,Champions
16500,0,58,1,111.75,8.11111111111111,9,111.75,9.0,0.0,58.0,1,3,2,1,6,Potential
15905,1,58,1,98.78999999999999,4.0,20,98.78999999999999,20.0,0.0,58.0,1,3,2,1,6,Potential
17922,1,58,1,146.0,7.666666666666667,6,146.0,6.0,0.0,58.0,1,3,2,1,6,Potential
14139,1,5,3,556.78,12.973684210526315,25,185.59333333333333,8.333333333333334,1.4054054054054055,2.0786516853932584,0,4,3,3,10,Champions
16205,0,57,1,182.16,3.9565217391304346,23,182.16,23.0,0.0,57.0,1,3,2,1,6,Potential
13297,0,57,1,547.23,10.310344827586206,29,547.23,29.0,0.0,57.0,1,3,2,3,8,Loyal
17571,1,57,1,155.59,2.156862745098039,50,155.59,50.0,0.0,57.0,1,3,2,1,6,Potential
15816,1,57,2,93.3,5.1,10,46.65,5.0,0.0,57.0,0,3,3,1,7,Potential
13168,1,57,1,399.84000000000003,4.4186046511627906,41,399.84000000000003,41.0,0.0,57.0,1,3,2,3,8,Loyal
15625,0,41,3,705.43,15.72340425531915,40,235.14333333333332,13.333333333333334,0.34782608695652173,30.419354838709676,0,3,3,3,9,Loyal
15926,1,57,1,82.53999999999999,15.4,5,82.53999999999999,5.0,0.0,57.0,1,3,2,1,6,Potential
14634,0,49,2,1179.54,13.028571428571428,70,589.77,35.0,0.10144927536231885,44.48684210526316,0,3,3,4,10,Champions
18042,1,56,1,86.25,4.125,8,86.25,8.0,0.0,56.0,1,3,2,1,6,Potential
15040,1,56,1,7.49,1.0,1,7.49,1.0,999.0,0.056,1,3,2,1,6,Potential
17952,0,56,2,322.46,2.870967741935484,52,161.23,26.0,0.0,56.0,0,3,3,2,8,Loyal
13567,0,56,1,351.24,2.4941176470588236,82,351.24,82.0,0.0,56.0,1,3,2,2,7,Potential
13586,1,56,1,93.28,2.0,17,93.28,17.0,0.0,56.0,1,3,2,1,6,Potential
14374,1,56,1,29.400000000000002,6.0,2,29.400000000000002,2.0,0.0,56.0,1,3,2,1,6,Potential
15432,1,56,1,73.07000000000001,5.25,4,73.07000000000001,4.0,0.0,56.0,1,3,2,1,6,Potential
14375,0,56,1,189.4,2.388888888888889,51,189.4,51.0,0.0,56.0,1,3,2,1,6,Potential
14619,1,56,1,716.35,11.457142857142857,35,716.35,35.0,0.0,56.0,1,3,2,3,8,Loyal
15381,0,56,1,429.23999999999995,20.5,8,429.23999999999995,8.0,0.0,56.0,1,3,2,3,8,Loyal
17401,1,56,1,90.45,3.1,9,90.45,9.0,0.0,56.0,1,3,2,1,6,Potential
13112,1,56,1,20.599999999999998,5.5,2,20.599999999999998,2.0,0.0,56.0,1,3,2,1,6,Potential
16492,1,55,1,321.96,10.80952380952381,21,321.96,21.0,0.0,55.0,1,3,2,2,7,Potential
13919,0,55,1,500.95,13.035714285714286,28,500.95,28.0,0.0,55.0,1,3,2,3,8,Loyal
16134,0,55,1,746.86,11.75,40,746.86,40.0,0.0,55.0,1,3,2,3,8,Loyal
17098,0,55,1,168.82000000000002,7.142857142857143,7,168.82000000000002,7.0,0.0,55.0,1,3,2,1,6,Potential
12746,1,55,1,238.65,5.9375,16,238.65,16.0,0.0,55.0,1,3,2,2,7,Potential
17692,0,16,2,569.05,9.382352941176471,27,284.525,13.5,1.1818181818181819,7.333333333333334,0,4,3,3,10,Champions
16515,0,55,1,521.54,9.36,24,521.54,24.0,0.0,55.0,1,3,2,3,8,Loyal
13608,1,55,1,215.05,3.272727272727273,30,215.05,30.0,0.0,55.0,1,3,2,2,7,Potential
14508,0,55,2,246.86,2.090909090909091,53,123.43,26.5,0.0,55.0,0,3,3,2,8,Loyal
16925,1,55,1,108.65,7.117647058823529,17,108.65,17.0,0.0,55.0,1,3,2,1,6,Potential
17953,1,55,1,133.67000000000002,5.0,19,133.67000000000002,19.0,0.0,55.0,1,3,2,1,6,Potential
15718,1,55,1,293.79,5.277777777777778,18,293.79,18.0,0.0,55.0,1,3,2,2,7,Potential
17341,0,55,2,417.52,5.898305084745763,55,208.76,27.5,0.0,55.0,0,3,3,3,9,Loyal
13277,0,54,1,6.9,1.0,6,6.9,6.0,0.0,54.0,1,3,2,1,6,Potential
16155,0,17,2,325.25,12.478260869565217,23,162.625,11.5,1.6818181818181819,6.338983050847458,0,4,3,2,9,Loyal
14919,1,54,1,359.35,9.923076923076923,13,359.35,13.0,0.0,54.0,1,3,2,2,7,Potential
12412,0,2,2,902.03,14.51063829787234,39,451.015,19.5,1.1304347826086956,0.9387755102040818,0,4,3,3,10,Champions
14840,1,54,1,279.96,8.588235294117647,17,279.96,17.0,0.0,54.0,1,3,2,2,7,Potential
16486,1,52,1,134.36,3.4285714285714284,7,134.36,7.0,0.0,52.0,1,3,2,1,6,Potential
18128,1,52,1,367.88,4.425,40,367.88,40.0,0.0,52.0,1,3,2,2,7,Potential
15247,0,52,1,131.36,13.0,4,131.36,4.0,0.0,52.0,1,3,2,1,6,Potential
16739,1,51,1,421.63,9.347826086956522,23,421.63,23.0,0.0,51.0,1,3,2,3,8,Loyal
15786,0,51,1,1455.49,11.802197802197803,91,1455.49,91.0,0.0,51.0,1,3,2,4,9,Loyal
14338,1,51,1,269.8,11.235294117647058,17,269.8,17.0,0.0,51.0,1,3,2,2,7,Potential
13707,0,51,1,476.5,11.217391304347826,23,476.5,23.0,0.0,51.0,1,3,2,3,8,Loyal
16815,0,51,1,186.47,2.4722222222222223,36,186.47,36.0,0.0,51.0,1,3,2,1,6,Potential
16062,0,51,1,421.82,9.142857142857142,35,421.82,35.0,0.0,51.0,1,3,2,3,8,Loyal
16315,1,51,1,146.49,9.285714285714286,7,146.49,7.0,0.0,51.0,1,3,2,1,6,Potential
16503,0,26,3,716.5600000000001,7.6521739130434785,43,238.85333333333335,14.333333333333334,0.5111111111111111,17.205882352941178,0,4,3,3,10,Champions
17192,1,51,1,62.53,2.3157894736842106,19,62.53,19.0,0.0,51.0,1,3,2,1,6,Potential
15081,0,8,3,639.6,9.82857142857143,29,213.20000000000002,9.666666666666666,1.2058823529411764,3.6266666666666665,0,4,3,3,10,Champions
12774,1,50,1,83.7,10.4,5,83.7,5.0,0.0,50.0,1,3,2,1,6,Potential
16227,1,9,2,652.0,12.24,22,326.0,11.0,1.7083333333333333,3.3230769230769233,0,4,3,3,10,Champions
12724,0,20,2,735.9,9.106382978723405,44,367.95,22.0,0.6304347826086957,12.266666666666666,0,4,3,3,10,Champions
16894,1,50,1,918.29,2.551282051282051,156,918.29,156.0,0.0,50.0,1,3,2,3,8,Loyal
15809,0,50,1,98.4,14.4,5,98.4,5.0,0.0,50.0,1,3,2,1,6,Potential
14874,1,50,1,68.28,13.5,4,68.28,4.0,0.0,50.0,1,3,2,1,6,Potential
14793,1,50,1,396.91,10.8,25,396.91,25.0,0.0,50.0,1,3,2,2,7,Potential
16680,1,49,1,330.35,8.733333333333333,15,330.35,15.0,0.0,49.0,1,3,2,2,7,Potential
17422,0,9,2,549.58,13.615384615384615,24,274.79,12.0,1.6,3.4615384615384612,0,4,3,3,10,Champions
12792,1,49,1,321.92,9.444444444444445,18,321.92,18.0,0.0,49.0,1,3,2,2,7,Potential
17380,0,15,2,461.4,22.285714285714285,4,230.7,2.0,5.5,2.3076923076923075,0,4,3,3,10,Champions
14725,0,49,2,244.55,5.5,19,122.275,9.5,0.0,49.0,0,3,3,2,8,Loyal
17382,0,41,2,138.60000000000002,19.2,5,69.30000000000001,2.5,1.75,14.909090909090908,0,3,3,1,7,Potential
12379,0,49,1,302.58,9.875,16,302.58,16.0,0.0,49.0,1,3,2,2,7,Potential
16825,0,49,1,190.5,10.0,3,190.5,3.0,0.0,49.0,1,3,2,1,6,Potential
16180,0,2,4,1924.03,11.943396226415095,83,481.0075,20.75,0.42857142857142855,1.4,0,4,4,4,12,Champions
14509,1,49,1,101.0,1.5416666666666667,24,101.0,24.0,0.0,49.0,1,3,2,1,6,Potential
15248,0,49,1,1146.87,9.956521739130435,69,1146.87,69.0,0.0,49.0,1,3,2,4,9,Loyal
15991,1,49,1,79.6,9.0,4,79.6,4.0,0.0,49.0,1,3,2,1,6,Potential
17304,1,49,1,50.5,10.0,3,50.5,3.0,0.0,49.0,1,3,2,1,6,Potential
15913,1,49,1,6.300000000000001,3.0,1,6.300000000000001,1.0,999.0,0.049,1,3,2,1,6,Potential
17686,0,48,1,1048.57,8.0,63,1048.57,63.0,0.0,48.0,1,3,2,4,9,Loyal
12705,0,48,1,1504.47,13.433333333333334,90,1504.47,90.0,0.0,48.0,1,3,2,4,9,Loyal
16683,1,48,1,278.85,11.625,16,278.85,16.0,0.0,48.0,1,3,2,2,7,Potential
15043,0,6,3,300.22,5.027777777777778,35,100.07333333333334,11.666666666666666,1.1714285714285715,2.7631578947368416,0,4,3,2,9,Loyal
12741,1,48,1,236.07,14.2,15,236.07,15.0,0.0,48.0,1,3,2,2,7,Potential
17099,1,48,1,528.97,8.694444444444445,36,528.97,36.0,0.0,48.0,1,3,2,3,8,Loyal
15629,0,12,2,966.6800000000001,12.761904761904763,29,483.34000000000003,14.5,0.8536585365853658,6.473684210526316,0,4,3,4,11,Champions
14326,0,47,1,252.65,7.588235294117647,17,252.65,17.0,0.0,47.0,1,3,2,2,7,Potential
16961,0,47,1,128.1,12.285714285714286,7,128.1,7.0,0.0,47.0,1,3,2,1,6,Potential
15824,0,47,1,394.8,9.6,10,394.8,10.0,0.0,47.0,1,3,2,2,7,Potential
16539,0,17,3,537.95,6.46875,25,179.3166666666667,8.333333333333334,0.9032258064516129,8.932203389830509,0,4,3,3,10,Champions
15779,0,47,1,54.63,3.0,3,54.63,3.0,0.0,47.0,1,3,2,1,6,Potential
14058,0,45,1,278.73,7.235294117647059,17,278.73,17.0,0.0,45.0,1,3,2,2,7,Potential
13861,0,45,1,91.53,15.0,8,91.53,8.0,0.0,45.0,1,3,2,1,6,Potential
14199,0,45,1,52.35,7.0,3,52.35,3.0,0.0,45.0,1,3,2,1,6,Potential
17194,1,45,1,423.99,8.192307692307692,25,423.99,25.0,0.0,45.0,1,3,2,3,8,Loyal
16529,0,21,2,724.22,6.7727272727272725,37,362.11,18.5,0.5348837209302325,13.681818181818182,0,4,3,3,10,Champions
15264,1,45,1,393.81,6.107142857142857,28,393.81,28.0,0.0,45.0,1,3,2,2,7,Potential
17812,0,45,1,70.2,2.0,23,70.2,23.0,0.0,45.0,1,3,2,1,6,Potential
16733,1,44,1,259.68,9.333333333333334,12,259.68,12.0,0.0,44.0,1,3,2,2,7,Potential
17437,1,44,1,310.44,5.25531914893617,47,310.44,47.0,0.0,44.0,1,3,2,2,7,Potential
16012,0,44,1,888.13,11.277777777777779,54,888.13,54.0,0.0,44.0,1,3,2,3,8,Loyal
13129,0,44,1,39.45,16.5,2,39.45,2.0,0.0,44.0,1,3,2,1,6,Potential
17578,0,22,5,548.01,5.871794871794871,37,109.602,7.4,0.5526315789473685,14.169491525423727,0,4,4,3,11,Champions
13123,0,44,1,305.69,5.75,32,305.69,32.0,0.0,44.0,1,3,2,2,7,Potential
12451,0,44,1,1922.03,14.0,101,1922.03,101.0,0.0,44.0,1,3,2,4,9,Loyal
12784,1,44,1,845.58,9.233333333333333,60,845.58,60.0,0.0,44.0,1,3,2,3,8,Loyal
17326,0,44,1,137.76,1.5869565217391304,45,137.76,45.0,0.0,44.0,1,3,2,1,6,Potential
12485,1,44,1,612.3,12.064516129032258,31,612.3,31.0,0.0,44.0,1,3,2,3,8,Loyal
14020,0,44,1,260.48,6.933333333333334,15,260.48,15.0,0.0,44.0,1,3,2,2,7,Potential
13859,1,44,1,81.15,5.25,4,81.15,4.0,0.0,44.0,1,3,2,1,6,Potential
12527,1,44,1,164.8,18.4,10,164.8,10.0,0.0,44.0,1,3,2,1,6,Potential
12799,1,44,1,202.39999999999998,9.714285714285714,14,202.39999999999998,14.0,0.0,44.0,1,3,2,2,7,Potential
13023,1,43,1,352.81,9.608695652173912,23,352.81,23.0,0.0,43.0,1,3,2,2,7,Potential
13299,0,43,1,260.18,6.125,16,260.18,16.0,0.0,43.0,1,3,2,2,7,Potential
14774,1,43,1,192.85,9.5,10,192.85,10.0,0.0,43.0,1,3,2,2,7,Potential
12788,0,17,3,269.7,8.625,16,89.89999999999999,5.333333333333333,1.7333333333333334,6.219512195121951,0,4,3,2,9,Loyal
12529,1,43,1,280.68,10.444444444444445,18,280.68,18.0,0.0,43.0,1,3,2,2,7,Potential
13620,1,43,1,52.34,6.5,4,52.34,4.0,0.0,43.0,1,3,2,1,6,Potential
15430,0,43,1,497.75,9.37037037037037,27,497.75,27.0,0.0,43.0,1,3,2,3,8,Loyal
12415,0,26,2,1680.97,13.0,70,840.485,35.0,0.2318840579710145,21.105882352941176,0,4,3,4,11,Champions
15842,0,42,1,139.65,9.571428571428571,7,139.65,7.0,0.0,42.0,1,3,2,1,6,Potential
13752,1,42,1,271.70000000000005,9.076923076923077,13,271.70000000000005,13.0,0.0,42.0,1,3,2,2,7,Potential
13739,1,42,1,75.3,7.333333333333333,3,75.3,3.0,0.0,42.0,1,3,2,1,6,Potential
14398,0,42,1,349.44,6.814814814814815,27,349.44,27.0,0.0,42.0,1,3,2,2,7,Potential
17666,0,9,2,162.6,21.6,5,81.3,2.5,8.25,0.972972972972973,0,4,3,1,8,Loyal
18053,1,42,1,241.2,9.454545454545455,11,241.2,11.0,0.0,42.0,1,3,2,2,7,Potential
14217,0,6,2,520.73,9.518518518518519,24,260.365,12.0,1.3846153846153846,2.5161290322580645,0,4,3,3,10,Champions
17748,1,42,1,204.65,7.3076923076923075,13,204.65,13.0,0.0,42.0,1,3,2,2,7,Potential
13814,1,42,1,551.2,15.764705882352942,17,551.2,17.0,0.0,42.0,1,3,2,3,8,Loyal
13649,0,27,2,493.16,10.46875,32,246.58,16.0,0.45161290322580644,18.599999999999998,0,3,3,3,9,Loyal
17029,0,41,1,123.15,10.222222222222221,9,123.15,9.0,0.0,41.0,1,3,2,1,6,Potential
12575,0,41,1,293.05,7.380952380952381,21,293.05,21.0,0.0,41.0,1,3,2,2,7,Potential
12653,1,41,1,1292.88,15.428571428571429,35,1292.88,35.0,0.0,41.0,1,3,2,4,9,Loyal
15852,1,41,1,9.35,1.0,5,9.35,5.0,0.0,41.0,1,3,2,1,6,Potential
17239,0,41,1,63.65,7.666666666666667,3,63.65,3.0,0.0,41.0,1,3,2,1,6,Potential
15888,0,41,1,59.85,2.375,8,59.85,8.0,0.0,41.0,1,3,2,1,6,Potential
18109,0,41,1,205.4,1.8571428571428572,49,205.4,49.0,0.0,41.0,1,3,2,2,7,Potential
17651,1,13,6,1499.22,10.295454545454545,74,249.87,12.333333333333334,0.3103448275862069,9.921052631578947,0,4,4,4,12,Champions
15851,1,41,1,109.73,8.375,8,109.73,8.0,0.0,41.0,1,3,2,1,6,Potential
16926,0,1,3,352.91,2.076923076923077,42,117.63666666666667,14.0,0.7843137254901961,0.5604395604395604,0,4,3,2,9,Loyal
12576,0,41,1,284.8,7.368421052631579,19,284.8,19.0,0.0,41.0,1,3,2,2,7,Potential
13292,0,9,2,255.05,5.388888888888889,18,127.525,9.0,1.8235294117647058,3.1875000000000004,0,4,3,2,9,Loyal
13439,0,41,1,269.33,4.38,48,269.33,48.0,0.0,41.0,1,3,2,2,7,Potential
17187,1,41,1,152.7,7.5,10,152.7,10.0,0.0,41.0,1,3,2,1,6,Potential
18217,1,28,2,170.65,15.0,6,85.325,3.0,2.0,9.333333333333334,0,3,3,1,7,Potential
17080,0,21,3,256.8,16.4,10,85.60000000000001,3.3333333333333335,2.0,7.0,0,4,3,2,9,Loyal
16907,0,41,1,49.05,1.6363636363636365,11,49.05,11.0,0.0,41.0,1,3,2,1,6,Potential
14693,0,0,2,219.04999999999998,8.052631578947368,16,109.52499999999999,8.0,2.2222222222222223,0.0,0,4,3,2,9,Loyal
18230,0,40,1,275.40000000000003,10.142857142857142,14,275.40000000000003,14.0,0.0,40.0,1,3,2,2,7,Potential
12633,0,5,2,2345.68,9.71523178807947,142,1172.84,71.0,0.22666666666666666,4.076086956521739,0,4,3,4,11,Champions
14699,0,8,2,379.74,9.615384615384615,26,189.87,13.0,1.28,3.508771929824561,0,4,3,2,9,Loyal
14963,0,40,1,151.99,2.8333333333333335,30,151.99,30.0,0.0,40.0,1,3,2,1,6,Potential
13246,0,40,1,157.17,3.962962962962963,26,157.17,26.0,0.0,40.0,1,3,2,1,6,Potential
13125,1,38,1,96.18,3.2,15,96.18,15.0,0.0,38.0,1,3,2,1,6,Potential
14647,1,38,1,170.25,4.388888888888889,16,170.25,16.0,0.0,38.0,1,3,2,1,6,Potential
16032,0,13,4,1429.76,6.633540372670807,118,357.44,29.5,0.15,11.304347826086957,0,4,4,4,12,Champions
13029,0,38,1,48.3,8.666666666666666,3,48.3,3.0,0.0,38.0,1,3,2,1,6,Potential
17376,0,37,1,101.45,4.85,20,101.45,20.0,0.0,37.0,1,3,2,1,6,Potential
15627,0,37,1,280.16,13.0,12,280.16,12.0,0.0,37.0,1,3,2,2,7,Potential
12469,1,37,1,1005.4,8.566666666666666,60,1005.4,60.0,0.0,37.0,1,3,2,4,9,Loyal
15678,0,37,1,652.63,9.617647058823529,34,652.63,34.0,0.0,37.0,1,3,2,3,8,Loyal
16110,1,37,1,302.35,1.9594594594594594,70,302.35,70.0,0.0,37.0,1,3,2,2,7,Potential
15969,0,37,1,29.96,4.0,1,29.96,1.0,999.0,0.037,1,3,2,1,6,Potential
12953,1,37,1,383.76,10.72,25,383.76,25.0,0.0,37.0,1,3,2,2,7,Potential
12693,0,37,1,397.15,7.791666666666667,24,397.15,24.0,0.0,37.0,1,3,2,2,7,Potential
15076,1,37,1,472.54,11.44,25,472.54,25.0,0.0,37.0,1,3,2,3,8,Loyal
16576,0,36,1,214.65,10.692307692307692,13,214.65,13.0,0.0,36.0,1,3,2,2,7,Potential
17901,1,36,1,30.0,8.0,1,30.0,1.0,999.0,0.036,1,3,2,1,6,Potential
12403,1,36,1,67.5,18.0,1,67.5,1.0,999.0,0.036,1,3,2,1,6,Potential
12730,1,36,1,583.4,5.487179487179487,39,583.4,39.0,0.0,36.0,1,3,2,3,8,Loyal
14452,0,36,1,126.05,2.2413793103448274,29,126.05,29.0,0.0,36.0,1,3,2,1,6,Potential
12749,0,36,1,393.2,9.48,25,393.2,25.0,0.0,36.0,1,3,2,2,7,Potential
13909,0,36,1,47.6,7.2,5,47.6,5.0,0.0,36.0,1,3,2,1,6,Potential
15133,0,35,1,518.78,10.76923076923077,13,518.78,13.0,0.0,35.0,1,3,2,3,8,Loyal
17129,1,35,1,14.85,3.0,1,14.85,1.0,999.0,0.035,1,3,2,1,6,Potential
13534,0,19,2,343.34,7.7894736842105265,17,171.67,8.5,0.8333333333333334,10.363636363636363,0,4,3,2,9,Loyal
16649,1,35,1,178.88,5.833333333333333,12,178.88,12.0,0.0,35.0,1,3,2,1,6,Potential
15056,1,35,1,103.69999999999999,13.6,5,103.69999999999999,5.0,0.0,35.0,1,3,2,1,6,Potential
13677,0,35,1,160.46,2.611111111111111,54,160.46,54.0,0.0,35.0,1,3,2,1,6,Potential
15127,1,34,1,265.02,19.272727272727273,11,265.02,11.0,0.0,34.0,1,3,2,2,7,Potential
12782,0,34,1,198.3,5.5,12,198.3,12.0,0.0,34.0,1,3,2,2,7,Potential
12592,1,34,2,510.84,15.0,19,255.42,9.5,0.0,34.0,0,3,3,3,9,Loyal
16650,0,30,3,610.64,14.117647058823529,34,203.54666666666665,11.333333333333334,0.09090909090909091,27.500000000000004,0,3,3,3,9,Loyal
12963,0,34,1,647.34,8.210526315789474,38,647.34,38.0,0.0,34.0,1,3,2,3,8,Loyal
18279,1,34,1,64.6,12.666666666666666,6,64.6,6.0,0.0,34.0,1,3,2,1,6,Potential
12841,0,17,2,500.44,8.578947368421053,35,250.22,17.5,0.43243243243243246,11.867924528301886,0,4,3,3,10,Champions
13399,0,20,2,152.4,8.5,8,76.2,4.0,1.8571428571428572,7.0,0,4,3,1,8,Loyal
17492,0,33,1,258.4,10.222222222222221,9,258.4,9.0,0.0,33.0,1,3,2,2,7,Potential
13734,1,23,2,112.34,5.136363636363637,22,56.17,11.0,0.42857142857142855,16.099999999999998,0,4,3,1,8,Loyal
14580,1,33,1,14.85,3.0,1,14.85,1.0,999.0,0.033,1,3,2,1,6,Potential
15283,1,2,2,114.43,3.125,8,57.215,4.0,4.428571428571429,0.3684210526315789,0,4,3,1,8,Loyal
16049,0,31,1,195.64000000000001,1.9344262295081966,59,195.64000000000001,59.0,0.0,31.0,1,3,2,2,7,Potential
14516,1,31,1,142.67,1.8235294117647058,34,142.67,34.0,0.0,31.0,1,3,2,1,6,Potential
13779,1,30,1,110.13,2.0,24,110.13,24.0,0.0,30.0,1,3,2,1,6,Potential
18238,1,30,1,255.02,8.615384615384615,13,255.02,13.0,0.0,30.0,1,3,2,2,7,Potential
17143,0,30,1,427.81,3.121212121212121,59,427.81,59.0,0.0,30.0,1,3,2,3,8,Loyal
14248,0,30,1,220.24,11.733333333333333,15,220.24,15.0,0.0,30.0,1,3,2,2,7,Potential
16915,0,29,1,60.900000000000006,5.5,4,60.900000000000006,4.0,0.0,29.0,1,3,2,1,6,Potential
16469,1,29,1,136.19,3.7222222222222223,18,136.19,18.0,0.0,29.0,1,3,2,1,6,Potential
13428,1,29,2,276.76,3.0597014925373136,66,138.38,33.0,0.0,29.0,0,3,3,2,8,Loyal
16435,1,27,3,580.47,2.9705882352941178,98,193.49,32.666666666666664,0.009900990099009901,26.735294117647058,0,3,3,3,9,Loyal
17408,1,29,1,101.25,13.0,3,101.25,3.0,0.0,29.0,1,3,2,1,6,Potential
14610,0,29,1,13.45,1.8333333333333333,6,13.45,6.0,0.0,29.0,1,3,2,1,6,Potential
17714,0,14,2,478.56,7.071428571428571,26,239.28,13.0,0.5185185185185185,9.21951219512195,0,4,3,3,10,Champions
18123,1,28,1,66.35,1.631578947368421,19,66.35,19.0,0.0,28.0,1,3,2,1,6,Potential
17034,0,28,1,190.45000000000002,11.3,10,190.45000000000002,10.0,0.0,28.0,1,3,2,1,6,Potential
15332,0,28,1,1556.23,11.68918918918919,74,1556.23,74.0,0.0,28.0,1,3,2,4,9,Loyal
18096,0,22,2,275.49,1.744186046511628,71,137.745,35.5,0.058823529411764705,20.77777777777778,0,4,3,2,9,Loyal
14007,1,27,1,42.58,4.0,3,42.58,3.0,0.0,27.0,1,3,2,1,6,Potential
15530,1,27,1,202.69,8.033333333333333,26,202.69,26.0,0.0,27.0,1,3,2,2,7,Potential
17559,1,27,1,117.22,14.0,9,117.22,9.0,0.0,27.0,1,3,2,1,6,Potential
17783,1,27,1,82.99,1.4782608695652173,23,82.99,23.0,0.0,27.0,1,3,2,1,6,Potential
13255,0,27,1,95.7,11.571428571428571,7,95.7,7.0,0.0,27.0,1,3,2,1,6,Potential
14084,1,27,1,56.4,13.333333333333334,3,56.4,3.0,0.0,27.0,1,3,2,1,6,Potential
16251,1,27,1,104.46000000000001,2.1578947368421053,19,104.46000000000001,19.0,0.0,27.0,1,3,2,1,6,Potential
17968,0,27,1,128.54,3.2,28,128.54,28.0,0.0,27.0,1,3,2,1,6,Potential
18021,1,24,2,175.76,5.655172413793103,29,87.88,14.5,0.07142857142857142,22.400000000000002,0,4,3,1,8,Loyal
15908,1,27,1,146.39,2.9444444444444446,33,146.39,33.0,0.0,27.0,1,3,2,1,6,Potential
17921,0,6,3,700.89,2.7169811320754715,83,233.63,27.666666666666668,0.18095238095238095,5.080645161290322,0,4,3,3,10,Champions
15452,0,26,1,799.05,4.565217391304348,113,799.05,113.0,0.0,26.0,1,4,2,3,9,Loyal
13959,0,26,1,32.5,1.3333333333333333,9,32.5,9.0,0.0,26.0,1,4,2,1,7,Potential
17680,0,26,1,66.30000000000001,6.0,3,66.30000000000001,3.0,0.0,26.0,1,4,2,1,7,Potential
12977,1,16,3,294.54,2.558139534883721,39,98.18,13.0,0.21428571428571427,13.176470588235295,0,4,3,2,9,Loyal
17541,1,24,1,80.06,1.4285714285714286,28,80.06,28.0,0.0,24.0,1,4,2,1,7,Potential
17261,1,24,1,201.69,2.268292682926829,41,201.69,41.0,0.0,24.0,1,4,2,2,8,Loyal
14553,0,24,2,366.56,3.604651162790698,80,183.28,40.0,0.0,24.0,0,4,3,2,9,Loyal
15151,0,24,1,267.05,11.25,12,267.05,12.0,0.0,24.0,1,4,2,2,8,Loyal
17339,0,24,1,59.0,20.0,1,59.0,1.0,999.0,0.024,1,4,2,1,7,Potential
15189,0,24,1,49.8,4.0,3,49.8,3.0,0.0,24.0,1,4,2,1,7,Potential
16496,0,24,2,355.49,12.565217391304348,23,177.745,11.5,0.0,24.0,0,4,3,2,9,Loyal
14674,1,24,1,131.16,8.25,12,131.16,12.0,0.0,24.0,1,4,2,1,7,Potential
16089,0,24,1,128.75,3.12,24,128.75,24.0,0.0,24.0,1,4,2,1,7,Potential
14599,0,24,1,178.89000000000001,6.071428571428571,14,178.89000000000001,14.0,0.0,24.0,1,4,2,1,7,Potential
12696,0,23,1,277.15,10.15,20,277.15,20.0,0.0,23.0,1,4,2,2,8,Loyal
16861,0,23,1,35.400000000000006,6.0,2,35.400000000000006,2.0,0.0,23.0,1,4,2,1,7,Potential
15788,1,23,1,157.33,10.9,10,157.33,10.0,0.0,23.0,1,4,2,1,7,Potential
16172,0,23,1,257.0,9.578947368421053,19,257.0,19.0,0.0,23.0,1,4,2,2,8,Loyal
17395,1,23,1,52.5,15.0,2,52.5,2.0,0.0,23.0,1,4,2,1,7,Potential
17090,0,20,3,468.96000000000004,10.588235294117647,15,156.32000000000002,5.0,0.125,17.77777777777778,0,4,3,3,10,Champions
17470,0,14,2,341.8,12.181818181818182,22,170.9,11.0,0.38095238095238093,10.137931034482758,0,4,3,2,9,Loyal
12864,1,23,1,0.95,1.0,1,0.95,1.0,999.0,0.023,1,4,2,1,7,Potential
14922,0,22,1,455.29,8.464285714285714,28,455.29,28.0,0.0,22.0,1,4,2,3,9,Loyal
13509,1,22,1,60.0,12.0,4,60.0,4.0,0.0,22.0,1,4,2,1,7,Potential
16129,0,22,1,429.3,10.387096774193548,31,429.3,31.0,0.0,22.0,1,4,2,3,9,Loyal
15617,0,22,1,187.25,9.3,10,187.25,10.0,0.0,22.0,1,4,2,1,7,Potential
12480,0,22,1,338.2,10.916666666666666,24,338.2,24.0,0.0,22.0,1,4,2,2,8,Loyal
14797,1,22,1,274.81,6.466666666666667,15,274.81,15.0,0.0,22.0,1,4,2,2,8,Loyal
12720,0,21,1,754.85,10.735849056603774,53,754.85,53.0,0.0,21.0,1,4,2,3,9,Loyal
13913,1,21,1,13.52,8.0,1,13.52,1.0,999.0,0.021,1,4,2,1,7,Potential
13444,0,21,1,111.99,6.636363636363637,11,111.99,11.0,0.0,21.0,1,4,2,1,7,Potential
18074,0,20,1,433.19,6.1923076923076925,26,433.19,26.0,0.0,20.0,1,4,2,3,9,Loyal
14858,1,20,1,180.75,9.545454545454545,11,180.75,11.0,0.0,20.0,1,4,2,1,7,Potential
16975,0,20,1,213.0,10.666666666666666,12,213.0,12.0,0.0,20.0,1,4,2,2,8,Loyal
17643,0,20,1,289.35,7.45,20,289.35,20.0,0.0,20.0,1,4,2,2,8,Loyal
16555,1,20,3,744.49,18.48148148148148,27,248.16333333333333,9.0,0.0,20.0,0,4,3,3,10,Champions
12421,0,20,1,49.8,9.333333333333334,3,49.8,3.0,0.0,20.0,1,4,2,1,7,Potential
17918,1,15,3,266.28,4.945945945945946,33,88.75999999999999,11.0,0.1111111111111111,13.5,0,4,3,2,9,Loyal
14236,0,20,1,281.83,15.5625,16,281.83,16.0,0.0,20.0,1,4,2,2,8,Loyal
17177,1,20,1,86.65,1.4230769230769231,26,86.65,26.0,0.0,20.0,1,4,2,1,7,Potential
13788,1,20,1,3.75,1.0,1,3.75,1.0,999.0,0.02,1,4,2,1,7,Potential
18026,1,15,2,85.35,3.8333333333333335,6,42.675,3.0,0.8,8.333333333333334,0,4,3,1,8,Loyal
12595,1,19,1,197.4,9.714285714285714,14,197.4,14.0,0.0,19.0,1,4,2,2,8,Loyal
16203,0,19,1,225.67,11.5,14,225.67,14.0,0.0,19.0,1,4,2,2,8,Loyal
13665,0,19,1,519.47,9.25,36,519.47,36.0,0.0,19.0,1,4,2,3,9,Loyal
14312,0,19,1,629.47,10.48936170212766,47,629.47,47.0,0.0,19.0,1,4,2,3,9,Loyal
18132,1,19,1,211.63,3.459016393442623,59,211.63,59.0,0.0,19.0,1,4,2,2,8,Loyal
17112,1,17,1,197.57,2.765957446808511,44,197.57,44.0,0.0,17.0,1,4,2,2,8,Loyal
12866,0,17,1,295.83,8.722222222222221,18,295.83,18.0,0.0,17.0,1,4,2,2,8,Loyal
12410,1,17,1,223.38,10.5,12,223.38,12.0,0.0,17.0,1,4,2,2,8,Loyal
13239,0,6,3,817.6,12.39622641509434,52,272.53333333333336,17.333333333333332,0.19230769230769232,5.032258064516129,0,4,3,3,10,Champions
13250,0,17,1,133.09,4.411764705882353,17,133.09,17.0,0.0,17.0,1,4,2,1,7,Potential
12889,0,17,1,41.010000000000005,10.2,5,41.010000000000005,5.0,0.0,17.0,1,4,2,1,7,Potential
13137,0,17,1,728.6,2.9870967741935486,150,728.6,150.0,0.0,17.0,1,4,2,3,9,Loyal
15378,0,16,1,110.0,10.0,6,110.0,6.0,0.0,16.0,1,4,2,1,7,Potential
12476,0,16,1,879.5,9.351851851851851,54,879.5,54.0,0.0,16.0,1,4,2,3,9,Loyal
15080,0,16,1,361.35,8.65,20,361.35,20.0,0.0,16.0,1,4,2,2,8,Loyal
17494,1,16,1,34.8,12.0,2,34.8,2.0,0.0,16.0,1,4,2,1,7,Potential
17224,1,16,1,22.36,5.4,5,22.36,5.0,0.0,16.0,1,4,2,1,7,Potential
15142,0,15,1,374.76,12.380952380952381,21,374.76,21.0,0.0,15.0,1,4,2,2,8,Loyal
12801,1,15,1,699.35,9.511627906976743,43,699.35,43.0,0.0,15.0,1,4,2,3,9,Loyal
14384,1,15,1,58.5,10.0,3,58.5,3.0,0.0,15.0,1,4,2,1,7,Potential
16128,0,15,1,433.37,10.851851851851851,27,433.37,27.0,0.0,15.0,1,4,2,3,9,Loyal
13384,0,15,1,835.84,13.043478260869565,46,835.84,46.0,0.0,15.0,1,4,2,3,9,Loyal
13161,1,15,1,231.18,3.6470588235294117,17,231.18,17.0,0.0,15.0,1,4,2,2,8,Loyal
15284,1,15,1,24.75,5.0,1,24.75,1.0,999.0,0.015,1,4,2,1,7,Potential
12804,0,15,1,158.38,2.3333333333333335,40,158.38,40.0,0.0,15.0,1,4,2,1,7,Potential
12547,1,15,1,147.78,14.5,12,147.78,12.0,0.0,15.0,1,4,2,1,7,Potential
13435,0,15,1,127.15,8.090909090909092,10,127.15,10.0,0.0,15.0,1,4,2,1,7,Potential
17122,0,14,1,102.02,12.285714285714286,7,102.02,7.0,0.0,14.0,1,4,2,1,7,Potential
15228,0,14,1,786.95,9.256410256410257,39,786.95,39.0,0.0,14.0,1,4,2,3,9,Loyal
14463,1,14,1,81.75,15.0,1,81.75,1.0,999.0,0.014,1,4,2,1,7,Potential
15596,0,14,1,483.5,8.2,30,483.5,30.0,0.0,14.0,1,4,2,3,9,Loyal
18207,1,14,1,509.62,11.10344827586207,29,509.62,29.0,0.0,14.0,1,4,2,3,9,Loyal
13796,1,14,1,278.75,10.333333333333334,21,278.75,21.0,0.0,14.0,1,4,2,2,8,Loyal
16278,0,14,1,175.5,14.6,10,175.5,10.0,0.0,14.0,1,4,2,1,7,Potential
16937,1,14,1,196.25,2.510204081632653,49,196.25,49.0,0.0,14.0,1,4,2,2,8,Loyal
18264,1,13,1,457.20000000000005,7.862068965517241,29,457.20000000000005,29.0,0.0,13.0,1,4,2,3,9,Loyal
14833,1,13,1,94.8,8.285714285714286,7,94.8,7.0,0.0,13.0,1,4,2,1,7,Potential
14901,0,13,1,173.36,6.222222222222222,9,173.36,9.0,0.0,13.0,1,4,2,1,7,Potential
18075,0,13,1,444.17,7.645161290322581,31,444.17,31.0,0.0,13.0,1,4,2,3,9,Loyal
17168,1,13,1,361.25,10.38888888888889,18,361.25,18.0,0.0,13.0,1,4,2,2,8,Loyal
16045,0,13,2,479.1,12.91304347826087,23,239.55,11.5,0.0,13.0,0,4,3,3,10,Champions
12408,0,13,1,179.1,11.0,9,179.1,9.0,0.0,13.0,1,4,2,1,7,Potential
15021,0,13,1,203.87,1.2933333333333332,74,203.87,74.0,0.0,13.0,1,4,2,2,8,Loyal
17929,1,12,1,109.0,20.0,1,109.0,1.0,999.0,0.012,1,4,2,1,7,Potential
14346,0,12,1,494.84999999999997,10.25,36,494.84999999999997,36.0,0.0,12.0,1,4,2,3,9,Loyal
16428,0,12,2,399.56,4.454545454545454,73,199.78,36.5,0.0,12.0,0,4,3,2,9,Loyal
17109,0,12,1,184.69,8.416666666666666,12,184.69,12.0,0.0,12.0,1,4,2,1,7,Potential
17735,0,12,1,255.12,13.25,16,255.12,16.0,0.0,12.0,1,4,2,2,8,Loyal
15459,0,12,1,85.08,15.0,4,85.08,4.0,0.0,12.0,1,4,2,1,7,Potential
14455,0,3,2,209.2,9.631578947368421,19,104.6,9.5,0.3888888888888889,2.16,0,4,3,2,9,Loyal
13766,1,10,1,190.35,8.058823529411764,16,190.35,16.0,0.0,10.0,1,4,2,1,7,Potential
13474,0,10,1,278.1,2.8,55,278.1,55.0,0.0,10.0,1,4,2,2,8,Loyal
12862,0,10,1,438.98,4.605633802816901,70,438.98,70.0,0.0,10.0,1,4,2,3,9,Loyal
13617,0,10,1,48.45,6.6,4,48.45,4.0,0.0,10.0,1,4,2,1,7,Potential
15666,0,10,1,386.1,7.444444444444445,34,386.1,34.0,0.0,10.0,1,4,2,2,8,Loyal
15200,1,9,1,491.35,7.0,27,491.35,27.0,0.0,9.0,1,4,2,3,9,Loyal
18277,0,9,2,233.49,7.133333333333334,15,116.745,7.5,0.0,9.0,0,4,3,2,9,Loyal
13090,0,9,2,205.32,2.74,48,102.66,24.0,0.0,9.0,0,4,3,2,9,Loyal
12907,0,9,1,263.13,6.6,15,263.13,15.0,0.0,9.0,1,4,2,2,8,Loyal
16060,0,9,1,287.45,13.4375,16,287.45,16.0,0.0,9.0,1,4,2,2,8,Loyal
16256,1,8,1,205.1,12.0,5,205.1,5.0,0.0,8.0,1,4,2,2,8,Loyal
16440,1,8,1,216.3,3.6,25,216.3,25.0,0.0,8.0,1,4,2,2,8,Loyal
14001,0,8,1,500.57000000000005,9.590909090909092,22,500.57000000000005,22.0,0.0,8.0,1,4,2,3,9,Loyal
18048,1,8,1,199.94,2.54,49,199.94,49.0,0.0,8.0,1,4,2,2,8,Loyal
17665,1,8,1,260.7,12.461538461538462,13,260.7,13.0,0.0,8.0,1,4,2,2,8,Loyal
16880,1,8,1,116.85000000000001,7.833333333333333,6,116.85000000000001,6.0,0.0,8.0,1,4,2,1,7,Potential
16316,0,8,1,788.65,10.26984126984127,63,788.65,63.0,0.0,8.0,1,4,2,3,9,Loyal
14219,0,8,1,341.09000000000003,10.590909090909092,22,341.09000000000003,22.0,0.0,8.0,1,4,2,2,8,Loyal
15363,0,7,1,332.21,13.166666666666666,18,332.21,18.0,0.0,7.0,1,4,2,2,8,Loyal
16417,1,7,1,35.7,6.0,1,35.7,1.0,999.0,0.007,1,4,2,1,7,Potential
15387,1,7,1,450.75,17.526315789473685,19,450.75,19.0,0.0,7.0,1,4,2,3,9,Loyal
16334,1,7,1,234.36,2.019607843137255,51,234.36,51.0,0.0,7.0,1,4,2,2,8,Loyal
15587,0,6,1,81.36,24.0,1,81.36,1.0,999.0,0.006,1,4,2,1,7,Potential
13155,0,6,1,235.70000000000002,8.8,15,235.70000000000002,15.0,0.0,6.0,1,4,2,2,8,Loyal
17156,1,6,1,584.31,9.342105263157896,38,584.31,38.0,0.0,6.0,1,4,2,3,9,Loyal
18079,1,6,1,137.17999999999998,16.5,6,137.17999999999998,6.0,0.0,6.0,1,4,2,1,7,Potential
15403,1,6,1,20.4,24.0,1,20.4,1.0,999.0,0.006,1,4,2,1,7,Potential
15271,0,6,1,530.77,2.1132075471698113,148,530.77,148.0,0.0,6.0,1,4,2,3,9,Loyal
14521,1,6,1,172.84,10.285714285714286,14,172.84,14.0,0.0,6.0,1,4,2,1,7,Potential
13135,1,6,1,231.0,8.0,15,231.0,15.0,0.0,6.0,1,4,2,2,8,Loyal
13140,0,6,1,243.8,3.911764705882353,33,243.8,33.0,0.0,6.0,1,4,2,2,8,Loyal
18154,0,5,1,189.29999999999998,11.375,16,189.29999999999998,16.0,0.0,5.0,1,4,2,1,7,Potential
17975,0,5,1,83.10000000000001,1.588235294117647,17,83.10000000000001,17.0,0.0,5.0,1,4,2,1,7,Potential
16196,1,3,1,93.3,6.5,4,93.3,4.0,0.0,3.0,1,4,2,1,7,Potential
17132,0,3,1,461.33,9.114285714285714,32,461.33,32.0,0.0,3.0,1,4,2,3,9,Loyal
14575,1,3,1,380.52,2.338235294117647,67,380.52,67.0,0.0,3.0,1,4,2,2,8,Loyal
17393,0,3,1,104.98,4.16,24,104.98,24.0,0.0,3.0,1,4,2,1,7,Potential
15262,0,3,1,114.32,10.0,8,114.32,8.0,0.0,3.0,1,4,2,1,7,Potential
13653,1,2,1,136.3,8.75,8,136.3,8.0,0.0,2.0,1,4,2,1,7,Potential
17732,0,2,1,278.22,9.764705882352942,17,278.22,17.0,0.0,2.0,1,4,2,2,8,Loyal
12458,0,2,1,329.71,15.61111111111111,18,329.71,18.0,0.0,2.0,1,4,2,2,8,Loyal
15595,1,2,1,64.8,24.0,2,64.8,2.0,0.0,2.0,1,4,2,1,7,Potential
14631,0,2,1,215.09,12.5,14,215.09,14.0,0.0,2.0,1,4,2,2,8,Loyal
14794,0,2,1,121.59,6.666666666666667,9,121.59,9.0,0.0,2.0,1,4,2,1,7,Potential
17212,0,1,1,342.86,16.625,16,342.86,16.0,0.0,1.0,1,4,2,2,8,Loyal
14022,1,1,1,335.15000000000003,10.666666666666666,18,335.15000000000003,18.0,0.0,1.0,1,4,2,2,8,Loyal
14053,0,1,1,33.0,20.0,1,33.0,1.0,999.0,0.001,1,4,2,1,7,Potential
13045,0,1,1,298.49,7.357142857142857,14,298.49,14.0,0.0,1.0,1,4,2,2,8,Loyal
14722,0,1,1,163.2,1.542857142857143,35,163.2,35.0,0.0,1.0,1,4,2,1,7,Potential
16221,0,1,1,206.89,2.59375,31,206.89,31.0,0.0,1.0,1,4,2,2,8,Loyal
13839,1,1,1,139.95000000000002,3.5714285714285716,7,139.95000000000002,7.0,0.0,1.0,1,4,2,1,7,Potential
14144,1,1,1,30.6,12.0,1,30.6,1.0,999.0,0.001,1,4,2,1,7,Potential
14913,0,0,1,589.64,14.533333333333333,45,589.64,45.0,0.0,0.0,1,4,2,3,9,Loyal
13717,0,0,1,179.97,6.916666666666667,12,179.97,12.0,0.0,0.0,1,4,2,1,7,Potential
15837,1,0,1,322.38,8.708333333333334,24,322.38,24.0,0.0,0.0,1,4,2,2,8,Loyal
13594,1,0,1,85.35000000000001,6.6,5,85.35000000000001,5.0,0.0,0.0,1,4,2,1,7,Potential
12771,1,0,1,169.5,8.727272727272727,11,169.5,11.0,0.0,0.0,1,4,2,1,7,Potential
14700,0,0,1,293.67,4.178571428571429,27,293.67,27.0,0.0,0.0,1,4,2,2,8,Loyal
14822,1,0,1,140.7,11.5,8,140.7,8.0,0.0,0.0,1,4,2,1,7,Potential
17615,0,0,1,63.0,9.6,5,63.0,5.0,0.0,0.0,1,4,2,1,7,Potential
14736,1,0,2,249.2,1.725,63,124.6,31.5,0.0,0.0,0,4,3,2,9,Loyal
15110,0,0,1,103.15,6.166666666666667,6,103.15,6.0,0.0,0.0,1,4,2,1,7,Potential
16033,0,0,1,200.74,2.4193548387096775,30,200.74,30.0,0.0,0.0,1,4,2,2,8,Loyal
15652,0,0,1,63.44,1.75,16,63.44,16.0,0.0,0.0,1,4,2,1,7,Potential
