Recency,Frequency,TotalSpent,AvgBasketSize,DistinctProducts,AvgTransactionValue,ProductDiversity,AvgDaysBetweenPurchases,LatenessScore,IsSoloShopper,R_Score,F_Score,M_Score,RFM_Score,CustomerSegment_Champions,CustomerSegment_Lost,CustomerSegment_Loyal,CustomerSegment_Potential
0.38547829910719655,-0.2816035990969911,-0.19565375908282542,0.9010117240663101,-0.3445431714176661,0.13438579410387103,-0.27714915211311275,-0.1512259823132236,-0.26306035144580925,-0.8371787100618959,-0.4446695170338368,0.4629942581898511,0.44051102323259766,0.1762819380997534,-0.6456245288212396,-0.3303174598660074,1.9827632522357468,-0.5043466479784757
0.3998307539626019,-0.0399246839022417,0.2298021198942108,1.7719097969102604,-0.18905862561177392,0.6348071328497586,-0.3609706520067289,-0.1374383779848814,-0.5180619094470191,-0.8371787100618959,-0.4446695170338368,0.4629942581898511,1.3285383899924177,0.5216342804679068,-0.6456245288212396,-0.3303174598660074,1.9827632522357468,-0.5043466479784757
-0.20297234996442434,-0.2816035990969911,-0.32215444634936885,-0.04066639491477362,-0.39637135335296353,-0.293443357212987,-0.37144833949343087,-0.12145904173435988,-0.7160380458553633,-0.8371787100618959,-0.4446695170338368,-0.43104931385237927,-0.44751634352722236,-0.5144227466365535,-0.6456245288212396,-0.3303174598660074,-0.5043466479784757,1.9827632522357468
1.0887485870220606,-0.5232825142917406,-0.35703936218378907,0.22694696129933153,-0.6727883236745497,0.4193091015448607,-0.6543459016343852,-0.16224066063139642,1.3421341738019401,1.1944880919464211,-1.3278610462577245,-1.3250928858946096,-0.44751634352722236,-1.2051274313728604,-0.6456245288212396,-0.3303174598660074,-0.5043466479784757,-0.5043466479784757
0.11278165685449419,-0.2816035990969911,-0.4595124343399484,1.0620620075755092,-0.6900643843196488,-0.7579922280406878,-0.9058104013152335,-0.09097902969412686,-0.7445348442417071,-0.8371787100618959,-0.4446695170338368,0.4629942581898511,-0.44751634352722236,-0.16907040426840003,-0.6456245288212396,-0.3303174598660074,-0.5043466479784757,1.9827632522357468
-1.0497671864333422,0.9267909768767559,2.112055294608786,0.9155984754943932,1.3139586505118508,1.3810653955762655,0.0012579725335406325,-0.15529047043830313,-0.7760106440295491,-0.8371787100618959,1.3217135414139385,1.3570378302320816,1.3285383899924177,1.557691307572367,1.5488878680395983,-0.3303174598660074,-0.5043466479784757,-0.5043466479784757
-0.28908707909685666,-0.0399246839022417,-0.08103189276973041,1.1925067088457013,-0.15450650432157564,-0.06602622340557766,-0.3190599020599208,-0.14666434785822274,-0.5826539373130004,-0.8371787100618959,0.43852201219005094,0.4629942581898511,0.44051102323259766,0.5216342804679068,-0.6456245288212396,-0.3303174598660074,1.9827632522357468,-0.5043466479784757
1.289682954997736,-0.5232825142917406,-0.5346671369324036,-0.14421528149008053,-0.6727883236745497,-0.7821759142776677,-0.6543459016343852,-0.16224066063139642,1.5334818655533273,1.1944880919464211,-1.3278610462577245,-1.3250928858946096,-1.3355437102870424,-1.5504797737410139,-0.6456245288212396,3.027390681696474,-0.5043466479784757,-0.5043466479784757
-0.9923573670117206,1.410148807266255,3.419812788875112,0.7894897355270346,1.72858410599423,1.7809877324137968,-0.07458052737020722,-0.15583604732054443,-0.7440934115577408,-0.8371787100618959,1.3217135414139385,1.3570378302320816,1.3285383899924177,1.557691307572367,1.5488878680395983,-0.3303174598660074,-0.5043466479784757,-0.5043466479784757
-0.5187263567833429,-0.0399246839022417,-0.23350108358254057,0.0443590837980886,-0.30999105012746786,-0.40979650068988516,-0.507658276820557,-0.1332687188732934,-0.7278999460539776,-0.8371787100618959,0.43852201219005094,0.4629942581898511,0.44051102323259766,0.5216342804679068,-0.6456245288212396,-0.3303174598660074,1.9827632522357468,-0.5043466479784757
0.17019147627611575,-0.2816035990969911,-0.15163353376823496,0.38318405922564414,-0.20633468625687304,0.28326352784642167,-0.02568465243226445,-0.13401884130421202,-0.5945992881469373,-0.8371787100618959,-0.4446695170338368,-0.43104931385237927,0.44051102323259766,-0.16907040426840003,-0.6456245288212396,-0.3303174598660074,-0.5043466479784757,1.9827632522357468
2.2082400657436807,-0.5232825142917406,-0.388407329799805,-0.0872386214127584,-0.46547559593336,0.20713427066164328,0.1000475974081597,-0.16224066063139642,2.4082141707025264,1.1944880919464211,-1.3278610462577245,-1.3250928858946096,-0.44751634352722236,-1.2051274313728604,-0.6456245288212396,-0.3303174598660074,-0.5043466479784757,-0.5043466479784757
1.5623795972504384,-0.2816035990969911,-0.1775655544491656,-0.368896827832728,0.03553016277451482,0.19556064939108847,0.4143782220092201,-0.15536611489785151,0.480273384672078,-0.8371787100618959,-1.3278610462577245,-0.43104931385237927,0.44051102323259766,-0.5144227466365535,-0.6456245288212396,-0.3303174598660074,-0.5043466479784757,1.9827632522357468
-1.2076441898428014,0.4434331464872571,0.2874961231367878,0.5188506001597548,-0.3445431714176661,-0.037930373503867125,-0.7675049264907671,-0.12696784912569345,-0.8560985141715991,-0.8371787100618959,1.3217135414139385,1.3570378302320816,1.3285383899924177,1.557691307572367,1.5488878680395983,-0.3303174598660074,-0.5043466479784757,-0.5043466479784757
2.323059704586924,-0.5232825142917406,-0.41814086504876186,1.2029661923381558,-0.6382362023843514,0.00601483920104506,-0.528613651793961,-0.16224066063139642,2.5175557088461766,1.1944880919464211,-1.3278610462577245,-1.3250928858946096,-0.44751634352722236,-1.2051274313728604,-0.6456245288212396,-0.3303174598660074,-0.5043466479784757,-0.5043466479784757
-1.0497671864333422,-0.5232825142917406,-0.24160027968716435,0.342935162171023,-0.17178256496667477,1.2001460402290631,1.168771721051765,-0.16224066063139642,-0.6943519741235394,1.1944880919464211,1.3217135414139385,-0.43104931385237927,0.44051102323259766,0.5216342804679068,-0.6456245288212396,-0.3303174598660074,1.9827632522357468,-0.5043466479784757
0.012314472866656477,-0.0399246839022417,-0.37716331070320575,0.0073426343155959676,-0.27543892883726956,-0.7337098328802917,-0.465747526873749,-0.1252603456509479,-0.6710718389418556,-0.8371787100618959,-0.4446695170338368,0.4629942581898511,-0.44751634352722236,-0.16907040426840003,-0.6456245288212396,-0.3303174598660074,-0.5043466479784757,1.9827632522357468
-0.4756689922171267,-0.5232825142917406,-0.3342448679217667,-0.9182432086405007,-0.10267832238627825,0.5734924399210346,1.4202362207326134,-0.16224066063139642,-0.1476442834052899,1.1944880919464211,0.43852201219005094,-0.43104931385237927,-0.44751634352722236,-0.16907040426840003,-0.6456245288212396,-0.3303174598660074,-0.5043466479784757,1.9827632522357468
-0.8057754538914507,-0.5232825142917406,-0.5032991693163876,-1.0704025447469934,-0.4827516565784592,-0.5700010833944501,0.03718147248794763,-0.16224066063139642,-0.4620012055682834,1.1944880919464211,0.43852201219005094,-0.43104931385237927,-1.3355437102870424,-0.5144227466365535,-0.6456245288212396,-0.3303174598660074,-0.5043466479784757,1.9827632522357468
0.514650392805845,-0.0399246839022417,-0.22853941389682506,-1.409775428778979,0.45015561825689404,-0.3986094893693775,0.4143782220092201,-0.15126217512259327,-0.21392938252641097,-0.8371787100618959,-0.4446695170338368,0.4629942581898511,0.44051102323259766,0.1762819380997534,-0.6456245288212396,-0.3303174598660074,1.9827632522357468,-0.5043466479784757
0.28501111511935884,-0.5232825142917406,-0.4387172010983467,-1.3094397770350232,0.10463440535491135,-0.13316474281585994,2.1746297197751585,-0.16224066063139642,0.5767434067963907,1.1944880919464211,-0.4446695170338368,-1.3250928858946096,-0.44751634352722236,-0.8597750890047069,-0.6456245288212396,-0.3303174598660074,-0.5043466479784757,-0.5043466479784757
-0.4469640825063159,0.20175423129250772,0.06430124958333018,-0.10433161943595512,-0.30999105012746786,-0.11429899982793011,-0.6543459016343852,-0.13230888122132484,-0.7183230036396472,-0.8371787100618959,0.43852201219005094,1.3570378302320816,0.44051102323259766,0.8669866228360602,1.5488878680395983,-0.3303174598660074,-0.5043466479784757,-0.5043466479784757
-0.9062426378792884,3.826937959213749,5.080994392798793,1.1700668764232391,1.106645922770661,0.7812435524732557,-0.7304470002220103,-0.15798566787384655,-0.6712574924161328,-0.8371787100618959,1.3217135414139385,1.3570378302320816,1.3285383899924177,1.557691307572367,1.5488878680395983,-0.3303174598660074,-0.5043466479784757,-0.5043466479784757
-1.0354147315779367,1.1684698920715055,1.6879565782222545,1.5545657528153067,0.3464992543862992,0.6945836117219127,-0.5757632454841202,-0.14828240448681534,-0.79896693280853,-0.8371787100618959,1.3217135414139385,1.3570378302320816,1.3285383899924177,1.557691307572367,1.5488878680395983,-0.3303174598660074,-0.5043466479784757,-0.5043466479784757
-0.20297234996442434,-0.5232825142917406,-0.5229561371595016,-0.6133231161266989,-0.6900643843196488,-0.7029620032361314,-0.7172120265545973,-0.16224066063139642,0.1120418696858786,1.1944880919464211,-0.4446695170338368,-0.43104931385237927,-1.3355437102870424,-0.8597750890047069,-0.6456245288212396,-0.3303174598660074,-0.5043466479784757,-0.5043466479784757
-0.6478984504819914,-0.2816035990969911,1.821542237937077,-0.12001695879841796,1.8840686518001222,6.956603681555904,3.777715905240566,-0.1582175478944199,-0.5110199214465926,-0.8371787100618959,0.43852201219005094,0.4629942581898511,1.3285383899924177,0.8669866228360602,1.5488878680395983,-0.3303174598660074,-0.5043466479784757,-0.5043466479784757
0.6868798510707097,-0.5232825142917406,-0.41507630436052584,0.28880733509756706,-0.5173037778686574,0.026743713118456355,-0.08855077735247653,-0.16224066063139642,0.9594387902991655,1.1944880919464211,-1.3278610462577245,-1.3250928858946096,-0.44751634352722236,-1.2051274313728604,-0.6456245288212396,-0.3303174598660074,-0.5043466479784757,-0.5043466479784757
0.5720602122274666,-0.5232825142917406,-0.4659699015044458,-0.2032638201156686,-0.6036840810941531,-0.3175036572956966,-0.40288140195353694,-0.16224066063139642,0.8500972521555155,1.1944880919464211,-0.4446695170338368,-1.3250928858946096,-1.3355437102870424,-1.2051274313728604,-0.6456245288212396,-0.3303174598660074,-0.5043466479784757,-0.5043466479784757
-0.7196607247590183,0.4434331464872571,-0.026147070158036374,-1.110919280801978,0.5019838001921915,-0.4622306808085942,-0.1514169022726886,-0.14890430434109064,-0.693560248047042,-0.8371787100618959,0.43852201219005094,1.3570378302320816,0.44051102323259766,0.8669866228360602,1.5488878680395983,-0.3303174598660074,-0.5043466479784757,-0.5043466479784757
-0.9205950927346938,7.693800602329739,2.856947845896026,-1.0854927268401993,1.4003389537373463,-0.5735574248923896,-0.8662945513653859,-0.15920422557055305,-0.6580978412432826,-0.8371787100618959,1.3217135414139385,1.3570378302320816,1.3285383899924177,1.557691307572367,1.5488878680395983,-0.3303174598660074,-0.5043466479784757,-0.5043466479784757
-0.6191935407711806,0.4434331464872571,0.8163371459033869,0.3140669877318466,1.0548177408353636,0.6774921616323899,0.2509262972166686,-0.15028354994375429,-0.646217927440737,-0.8371787100618959,0.43852201219005094,1.3570378302320816,1.3285383899924177,1.2123389652042138,1.5488878680395983,-0.3303174598660074,-0.5043466479784757,-0.5043466479784757
-0.8775377281684775,-0.2816035990969911,0.83104703720692,1.7177819698368044,0.4847077395470923,3.606718947578813,1.2316378459719772,-0.154980986285328,-0.6972293830220565,-0.8371787100618959,1.3217135414139385,0.4629942581898511,1.3285383899924177,1.2123389652042138,1.5488878680395983,-0.3303174598660074,-0.5043466479784757,-0.5043466479784757
-1.15023437042118,0.4434331464872571,0.3131070946027603,0.9027128168420803,0.12191046600001049,-0.0032835413847653863,-0.4280278519216218,-0.14965979262229462,-0.8339129052633127,-0.8371787100618959,1.3217135414139385,1.3570378302320816,1.3285383899924177,1.557691307572367,1.5488878680395983,-0.3303174598660074,-0.5043466479784757,-0.5043466479784757
-0.17426744025361357,-0.0399246839022417,0.19281579101642865,-1.1687036559838446,3.024288654376665,0.5514145440502681,3.53672909304642,-0.15981435037249822,-0.11718485492241602,-0.8371787100618959,-0.4446695170338368,0.4629942581898511,1.3285383899924177,0.5216342804679068,-0.6456245288212396,-0.3303174598660074,1.9827632522357468,-0.5043466479784757
-1.006709821867126,-0.2816035990969911,0.03372131185857487,1.313627527688333,-0.27543892883726956,0.9101392232321365,-0.1514169022726886,-0.13178628358867409,-0.8200065643289436,-0.8371787100618959,1.3217135414139385,0.4629942581898511,0.44051102323259766,0.8669866228360602,1.5488878680395983,-0.3303174598660074,-0.5043466479784757,-0.5043466479784757
-0.9205950927346938,0.9267909768767559,1.0352927105047847,0.7162305212983053,0.5538119821274888,0.3405957857577928,-0.3939005269649352,-0.14870958544843946,-0.7604192462437196,-0.8371787100618959,1.3217135414139385,1.3570378302320816,1.3285383899924177,1.557691307572367,1.5488878680395983,-0.3303174598660074,-0.5043466479784757,-0.5043466479784757
-1.1215294607103692,3.5852590440189998,3.6668528632122728,0.8889126333267505,1.7631362272844282,0.3622471180666533,-0.5775095267319038,-0.15688190657572232,-0.8041432717933743,-0.8371787100618959,1.3217135414139385,1.3570378302320816,1.3285383899924177,1.557691307572367,1.5488878680395983,-0.3303174598660074,-0.5043466479784757,-0.5043466479784757
-1.1071770058549637,-0.0399246839022417,-0.13598238453902944,0.251691110818626,-0.29271498948236874,-0.18992237378020055,-0.48670290184715304,-0.15378822031771835,-0.8087961173805597,-0.8371787100618959,1.3217135414139385,0.4629942581898511,0.44051102323259766,0.8669866228360602,1.5488878680395983,-0.3303174598660074,-0.5043466479784757,-0.5043466479784757
1.1318059515882768,-0.5232825142917406,-0.5264366025125697,-1.4742133181521409,-0.4309234746431618,-0.7265040814709056,0.22577984724858385,-0.16224066063139642,1.3831372506058088,1.1944880919464211,-1.3278610462577245,-1.3250928858946096,-1.3355437102870424,-1.5504797737410139,-0.6456245288212396,3.027390681696474,-0.5043466479784757,-0.5043466479784757
-0.7914229990360452,1.410148807266255,3.5148506530757655,0.6485693277308089,2.8169759266354757,1.8524146061636069,0.3654823470712773,-0.15792885405009519,-0.604499077862904,-0.8371787100618959,0.43852201219005094,1.3570378302320816,1.3285383899924177,1.2123389652042138,1.5488878680395983,-0.3303174598660074,-0.5043466479784757,-0.5043466479784757
0.328068479685575,-0.2816035990969911,-0.45475506870011534,0.20220281178003746,-0.6382362023843514,-0.7419026735238398,-0.8115112139349154,-0.08358028112686938,-0.7375915823894373,-0.8371787100618959,-0.4446695170338368,-0.43104931385237927,-0.44751634352722236,-0.5144227466365535,-0.6456245288212396,-0.3303174598660074,-0.5043466479784757,1.9827632522357468
-1.0928245509995584,-0.2816035990969911,-0.41657210183930776,-0.709550364257287,-0.4827516565784592,-0.612766724464538,-0.528613651793961,-0.14945892162046862,-0.8147985122349037,-0.8371787100618959,1.3217135414139385,0.4629942581898511,-0.44751634352722236,0.5216342804679068,-0.6456245288212396,-0.3303174598660074,1.9827632522357468,-0.5043466479784757
-0.4756689922171267,0.6851120616820066,0.6795264008928494,-0.7127521701753012,0.6401922853529844,0.20331752562288166,-0.22476071467960265,-0.15426626572252164,-0.52589187552595,-0.8371787100618959,0.43852201219005094,1.3570378302320816,1.3285383899924177,1.2123389652042138,1.5488878680395983,-0.3303174598660074,-0.5043466479784757,-0.5043466479784757
-0.4182591727955052,-0.2816035990969911,-0.21180837185366969,2.0208978014481573,-0.6036840810941531,0.07975040499297971,-0.7486450890147034,-0.04117022953081921,-0.8164772244382131,-0.8371787100618959,0.43852201219005094,-0.43104931385237927,0.44051102323259766,0.1762819380997534,-0.6456245288212396,-0.3303174598660074,1.9827632522357468,-0.5043466479784757
-0.7340131796144237,0.4434331464872571,0.18627076497512451,-0.9679731497642383,0.847505013094174,-0.1748692629592232,0.1000475974081597,-0.1555624698400633,-0.6203921232219375,-0.8371787100618959,0.43852201219005094,1.3570378302320816,1.3285383899924177,1.2123389652042138,1.5488878680395983,-0.3303174598660074,-0.5043466479784757,-0.5043466479784757
0.7012323059261151,-0.5232825142917406,-0.5807085129866165,-1.4432831312530234,-0.7418925662549462,-1.0936025676559191,-0.9058104013152335,-0.16224066063139642,0.9731064825671216,1.1944880919464211,-1.3278610462577245,-1.3250928858946096,-1.3355437102870424,-1.5504797737410139,-0.6456245288212396,3.027390681696474,-0.5043466479784757,-0.5043466479784757
-0.820127908746856,-0.5232825142917406,-0.46370796385360485,0.5702720358795381,-0.6209601417392523,-0.3022037741661787,-0.465747526873749,-0.16224066063139642,-0.4756688978362396,1.1944880919464211,0.43852201219005094,-0.43104931385237927,-1.3355437102870424,-0.5144227466365535,-0.6456245288212396,-0.3303174598660074,-0.5043466479784757,1.9827632522357468
-0.5761361762049644,1.410148807266255,1.8824029538908311,-1.1551799073911013,5.598421690496436,0.6255284940486316,1.4900874706439604,-0.15945381430993102,-0.41828815529749236,-0.8371787100618959,0.43852201219005094,1.3570378302320816,1.3285383899924177,1.2123389652042138,1.5488878680395983,-0.3303174598660074,-0.5043466479784757,-0.5043466479784757
-0.375201808229289,-0.2816035990969911,-0.2708084616752807,0.49088455617180266,-0.27543892883726956,-0.11978968369295877,-0.1514169022726886,-0.13734541590599642,-0.6812019974717937,-0.8371787100618959,0.43852201219005094,0.4629942581898511,0.44051102323259766,0.5216342804679068,-0.6456245288212396,-0.3303174598660074,1.9827632522357468,-0.5043466479784757
0.6868798510707097,-0.5232825142917406,-0.46334313520024345,0.5446843358084497,-0.6036840810941531,-0.29973605108077256,-0.40288140195353694,-0.16224066063139642,0.9594387902991655,1.1944880919464211,-1.3278610462577245,-1.3250928858946096,-0.44751634352722236,-1.2051274313728604,-0.6456245288212396,-0.3303174598660074,-0.5043466479784757,-0.5043466479784757
1.1892157710098983,-0.5232825142917406,-0.46194219317133556,-1.131252128123689,-0.20633468625687304,-0.29025999443281303,1.0430394712113409,-0.16224066063139642,1.4378080196776337,1.1944880919464211,-1.3278610462577245,-1.3250928858946096,-0.44751634352722236,-1.2051274313728604,-0.6456245288212396,-0.3303174598660074,-0.5043466479784757,-0.5043466479784757
-1.1358819155657744,-0.5232825142917406,-0.42478074653994,-1.0293644536324777,-0.2236107469019722,-0.03889772095334631,0.9801733462911288,-0.16224066063139642,-0.7763581277312769,1.1944880919464211,1.3217135414139385,-0.43104931385237927,-0.44751634352722236,0.1762819380997534,-0.6456245288212396,-0.3303174598660074,1.9827632522357468,-0.5043466479784757
0.772994580203142,-0.2816035990969911,-0.5251815919450064,-0.6494083341756693,-0.6900643843196488,-0.9800873057272379,-0.9058104013152335,-0.1019603301992143,-0.6604674870425646,-0.8371787100618959,-1.3278610462577245,0.4629942581898511,-1.3355437102870424,-0.8597750890047069,-0.6456245288212396,-0.3303174598660074,-0.5043466479784757,-0.5043466479784757
0.2993635699747642,-0.5232825142917406,-0.38888160704917496,-0.7150178215374342,-0.4309234746431618,0.20392623065061516,0.22577984724858385,-0.16224066063139642,0.590411099064347,1.1944880919464211,-0.4446695170338368,-1.3250928858946096,-0.44751634352722236,-0.8597750890047069,-0.6456245288212396,-0.3303174598660074,-0.5043466479784757,-0.5043466479784757
0.19889638598692652,0.20175423129250772,-0.14004657573747584,-0.4133915026121317,-0.327267110772567,-0.4598542634773482,-0.6700624328644382,-0.13576092891700117,-0.5751569834146187,-0.8371787100618959,-0.4446695170338368,1.3570378302320816,0.44051102323259766,0.5216342804679068,-0.6456245288212396,-0.3303174598660074,1.9827632522357468,-0.5043466479784757
-0.24602971453064051,-0.5232825142917406,-0.34969900967815704,0.5362488302905084,-0.4309234746431618,0.4689596900232317,0.22577984724858385,-0.16224066063139642,0.07103879288200989,1.1944880919464211,-0.4446695170338368,-0.43104931385237927,-0.44751634352722236,-0.5144227466365535,-0.6456245288212396,-0.3303174598660074,-0.5043466479784757,1.9827632522357468
-0.633545995626586,-0.5232825142917406,-0.4527995871180981,-1.4742133181521409,0.052806223419613954,-0.22841885391253583,1.9860313450145222,-0.16224066063139642,-0.2979888983528085,1.1944880919464211,0.43852201219005094,-0.43104931385237927,-0.44751634352722236,-0.16907040426840003,-0.6456245288212396,-0.3303174598660074,-0.5043466479784757,1.9827632522357468
-0.633545995626586,0.9267909768767559,0.5938427433643831,0.7738759392558456,0.6920204672882819,-0.08597482678550822,-0.32205352705612134,-0.1485622383951483,-0.6685002535509249,-0.8371787100618959,0.43852201219005094,1.3570378302320816,1.3285383899924177,1.2123389652042138,1.5488878680395983,-0.3303174598660074,-0.5043466479784757,-0.5043466479784757
0.8878142190463851,-0.5232825142917406,-0.4085969474768268,-0.6768330998928871,0.07008228406471309,0.0705704751152689,2.048897469934734,-0.16224066063139642,1.1507864820505527,1.1944880919464211,-1.3278610462577245,-1.3250928858946096,-0.44751634352722236,-1.2051274313728604,-0.6456245288212396,-0.3303174598660074,-0.5043466479784757,-0.5043466479784757
0.15583902142071035,-0.2816035990969911,-0.5007088858775215,-0.3065987627104484,-0.6555122630294505,-0.8973198734427169,-0.8429442763950215,-0.12318861932151101,-0.658697124728871,-0.8371787100618959,-0.4446695170338368,0.4629942581898511,-1.3355437102870424,-0.5144227466365535,-0.6456245288212396,-0.3303174598660074,-0.5043466479784757,1.9827632522357468
-0.9923573670117206,4.068616874408498,1.36288695150415,-0.6595573017519424,1.3312347111569498,-0.5774017849275831,-0.7077821078165655,-0.15541481047896377,-0.7475725901695864,-0.8371787100618959,1.3217135414139385,1.3570378302320816,1.3285383899924177,1.557691307572367,1.5488878680395983,-0.3303174598660074,-0.5043466479784757,-0.5043466479784757
-1.0928245509995584,-0.2816035990969911,0.2293716220832442,0.7497668946908693,0.2773950118059027,1.5718344913529316,0.8544410964507047,-0.14983068029080232,-0.8139644999478428,-0.8371787100618959,1.3217135414139385,0.4629942581898511,1.3285383899924177,1.2123389652042138,1.5488878680395983,-0.3303174598660074,-0.5043466479784757,-0.5043466479784757
-1.15023437042118,2.618543383240002,3.5301953462361473,1.425491703640142,0.20829076922550616,0.7546233143898433,-0.8339634014064198,-0.1528426618632246,-0.8291695687380098,-0.8371787100618959,1.3217135414139385,1.3570378302320816,1.3285383899924177,1.557691307572367,1.5488878680395983,-0.3303174598660074,-0.5043466479784757,-0.5043466479784757
-0.11685762083199201,-0.2816035990969911,-0.35783468864811696,0.8202441827278624,-0.6382362023843514,-0.41411501608934587,-0.8115112139349154,-0.15873599025743235,-0.15675607825059404,-0.8371787100618959,-0.4446695170338368,0.4629942581898511,-0.44751634352722236,-0.16907040426840003,-0.6456245288212396,-0.3303174598660074,-0.5043466479784757,1.9827632522357468
1.1174534967328713,-0.5232825142917406,-0.3836645573061065,-1.281883792343082,0.10463440535491135,0.23921467077192246,2.1746297197751585,-0.16224066063139642,1.3694695583378524,1.1944880919464211,-1.3278610462577245,-1.3250928858946096,-0.44751634352722236,-1.2051274313728604,-0.6456245288212396,-0.3303174598660074,-0.5043466479784757,-0.5043466479784757
-0.6909558150482076,2.3768644680452526,4.007165760725125,1.2425891768625168,1.2621304685765533,1.1563955878230456,-0.5189419402677747,-0.15287950160620292,-0.6418372353813075,-0.8371787100618959,0.43852201219005094,1.3570378302320816,1.3285383899924177,1.2123389652042138,1.5488878680395983,-0.3303174598660074,-0.5043466479784757,-0.5043466479784757
-1.0497671864333422,-0.0399246839022417,0.1475405551342748,0.41806781766104395,0.36377531503139837,0.4493330657506352,0.3096013471421999,-0.1511956388467824,-0.7946889150083005,-0.8371787100618959,1.3217135414139385,0.4629942581898511,1.3285383899924177,1.2123389652042138,1.5488878680395983,-0.3303174598660074,-0.5043466479784757,-0.5043466479784757
-0.8488328184576668,0.4434331464872571,-0.11212988718225898,-0.8810521532642228,0.45015561825689404,-0.5785492761622968,-0.18913657722481583,-0.1497036283993298,-0.730931978502501,-0.8371787100618959,1.3217135414139385,1.3570378302320816,0.44051102323259766,1.2123389652042138,1.5488878680395983,-0.3303174598660074,-0.5043466479784757,-0.5043466479784757
1.289682954997736,-0.5232825142917406,-0.42356951541078003,1.8043864931543336,-0.5518558991588557,-0.03070488030979803,-0.21428302719290068,-0.16224066063139642,1.5334818655533273,1.1944880919464211,-1.3278610462577245,-1.3250928858946096,-0.44751634352722236,-1.2051274313728604,-0.6456245288212396,-0.3303174598660074,-0.5043466479784757,-0.5043466479784757
2.3948219788639507,-0.5232825142917406,-0.5116245591860956,-1.4329730689533176,-0.06812620109607997,-0.6263145242034175,1.5459684705730374,-0.16224066063139642,2.585894170185958,1.1944880919464211,-1.3278610462577245,-1.3250928858946096,-1.3355437102870424,-1.5504797737410139,-0.6456245288212396,3.027390681696474,-0.5043466479784757,-0.5043466479784757
2.36611706915314,-0.5232825142917406,-0.44321189010775963,-1.1848664084507174,0.2773950118059027,-0.16356709122806323,2.803290968977279,-0.16224066063139642,2.558558785650045,1.1944880919464211,-1.3278610462577245,-1.3250928858946096,-0.44751634352722236,-1.2051274313728604,-0.6456245288212396,-0.3303174598660074,-0.5043466479784757,-0.5043466479784757
-1.006709821867126,-0.0399246839022417,0.04919004676109959,-1.479187016547979,2.143209561476609,0.22758346929604187,2.4680049694028146,-0.16050602579983844,-0.6940199654044797,-0.8371787100618959,1.3217135414139385,0.4629942581898511,0.44051102323259766,0.8669866228360602,1.5488878680395983,-0.3303174598660074,-0.5043466479784757,-0.5043466479784757
1.2753305001423305,-0.2816035990969911,-0.38164340656648404,-1.387409245241714,0.709296527933381,-0.4946368203661473,1.6402676579533557,-0.16224066063139642,1.5198141732853712,-0.8371787100618959,-1.3278610462577245,0.4629942581898511,-0.44751634352722236,-0.5144227466365535,-0.6456245288212396,-0.3303174598660074,-0.5043466479784757,1.9827632522357468
-1.0210622767225315,0.4434331464872571,1.7111304942837722,-1.1750180233889653,5.080139871143462,1.8879794312704798,3.1804877184985516,-0.1600531301122628,-0.7125297759003523,-0.8371787100618959,1.3217135414139385,1.3570378302320816,1.3285383899924177,1.557691307572367,1.5488878680395983,-0.3303174598660074,-0.5043466479784757,-0.5043466479784757
-0.3464968985184782,-0.2816035990969911,-0.4728651630529769,-0.9404181571512391,-0.27543892883726956,-0.8031515605036197,-0.1514169022726886,-0.16224066063139642,-0.02463505299368377,-0.8371787100618959,0.43852201219005094,0.4629942581898511,-1.3355437102870424,-0.16907040426840003,-0.6456245288212396,-0.3303174598660074,-0.5043466479784757,1.9827632522357468
0.28501111511935884,-0.2816035990969911,-0.2798051362671736,-1.2538357364959276,-0.36181923206276523,-0.1502167093360161,-0.3085822145732188,-0.14663922477310473,-0.4134808980170387,-0.8371787100618959,-0.4446695170338368,0.4629942581898511,0.44051102323259766,0.1762819380997534,-0.6456245288212396,-0.3303174598660074,1.9827632522357468,-0.5043466479784757
0.11278165685449419,-0.2816035990969911,-0.3868896426018215,-0.3213608973668455,-0.46547559593336,-0.5123797493502172,-0.49718058933385506,-0.12385617558321844,-0.6620922004616722,-0.8371787100618959,-0.4446695170338368,-0.43104931385237927,-0.44751634352722236,-0.5144227466365535,-0.6456245288212396,-0.3303174598660074,-0.5043466479784757,1.9827632522357468
-1.006709821867126,-0.5232825142917406,0.007205565332265879,0.947754795122248,0.0009780414843165532,2.883083830014324,1.7974329702538858,-0.16224066063139642,-0.6533488973196707,1.1944880919464211,1.3217135414139385,-0.43104931385237927,0.44051102323259766,0.5216342804679068,-0.6456245288212396,-0.3303174598660074,1.9827632522357468,-0.5043466479784757
0.2993635699747642,0.4434331464872571,0.7164105777476903,0.06616834826712543,0.9166092556745706,0.5423102910138431,0.15034049734432942,-0.1531618954721752,-0.22715509070684436,-0.8371787100618959,-0.4446695170338368,1.3570378302320816,1.3285383899924177,0.8669866228360602,1.5488878680395983,-0.3303174598660074,-0.5043466479784757,-0.5043466479784757
-0.375201808229289,0.20175423129250772,-0.2733549656757435,-1.026662886505817,0.018254102129415688,-0.6852807673291967,-0.35573180826337786,-0.14218316249117124,-0.6495371903126709,-0.8371787100618959,0.43852201219005094,1.3570378302320816,0.44051102323259766,0.8669866228360602,1.5488878680395983,-0.3303174598660074,-0.5043466479784757,-0.5043466479784757
-1.0354147315779367,-0.5232825142917406,-0.5334996852416471,-0.082354907691845,-0.6727883236745497,-0.774279200404368,-0.6543459016343852,-0.16224066063139642,-0.6806842818555832,1.1944880919464211,1.3217135414139385,-0.43104931385237927,-1.3355437102870424,-0.16907040426840003,-0.6456245288212396,-0.3303174598660074,-0.5043466479784757,1.9827632522357468
-0.6909558150482076,-0.5232825142917406,-0.52864746415194,-0.8262259026156256,-0.4481995352882609,-0.7414584833684669,0.16291372232837179,-0.16224066063139642,-0.35265966742463345,1.1944880919464211,0.43852201219005094,-0.43104931385237927,-1.3355437102870424,-0.5144227466365535,-0.6456245288212396,-0.3303174598660074,-0.5043466479784757,1.9827632522357468
0.5720602122274666,0.6851120616820066,0.9454208200357292,1.3288348695803993,-0.01629801916078258,0.5030718488071623,-0.6229128391742792,-0.1511531579937646,-0.19663622259113311,-0.8371787100618959,-0.4446695170338368,1.3570378302320816,1.3285383899924177,0.8669866228360602,1.5488878680395983,-0.3303174598660074,-0.5043466479784757,-0.5043466479784757
1.4188550486963845,-0.5232825142917406,-0.5335361681069832,-1.6176950184897148,-0.17178256496667477,-0.7745259727129087,1.168771721051765,-0.16224066063139642,1.6564910959649335,1.1944880919464211,-1.3278610462577245,-1.3250928858946096,-1.3355437102870424,-1.5504797737410139,-0.6456245288212396,3.027390681696474,-0.5043466479784757,-0.5043466479784757
0.5577077573720612,0.20175423129250772,0.32286990936671234,0.2143088204158213,0.45015561825689404,0.322944515059752,0.03718147248794763,-0.15248853437340942,-0.14963231137153812,-0.8371787100618959,-0.4446695170338368,0.4629942581898511,1.3285383899924177,0.5216342804679068,-0.6456245288212396,-0.3303174598660074,1.9827632522357468,-0.5043466479784757
0.7012323059261151,-0.5232825142917406,-0.5291436311205115,-1.5996524094652294,-0.17178256496667477,-0.7448145867646192,1.168771721051765,-0.16224066063139642,0.9731064825671216,1.1944880919464211,-1.3278610462577245,-1.3250928858946096,-1.3355437102870424,-1.5504797737410139,-0.6456245288212396,3.027390681696474,-0.5043466479784757,-0.5043466479784757
-0.5761361762049644,0.20175423129250772,0.00450583329739124,-0.6880111255768938,-0.25816286819217044,-0.21541395325244567,-0.6071963079442262,-0.14755442287383266,-0.6596570629818044,-0.8371787100618959,0.43852201219005094,1.3570378302320816,0.44051102323259766,0.8669866228360602,1.5488878680395983,-0.3303174598660074,-0.5043466479784757,-0.5043466479784757
-0.6909558150482076,1.410148807266255,-0.24610226526964446,-0.8716932773573286,-0.5173037778686574,-0.9741757379804206,-0.9826467762177149,-0.11667994576986343,-0.7909369994837635,-0.8371787100618959,0.43852201219005094,1.3570378302320816,0.44051102323259766,0.8669866228360602,1.5488878680395983,-0.3303174598660074,-0.5043466479784757,-0.5043466479784757
-0.9062426378792884,0.4434331464872571,0.09599756298737146,-0.8953522784200502,1.745860166639329,-0.2969919430098009,0.7538552965783653,-0.15786966724364349,-0.6731646864555657,-0.8371787100618959,1.3217135414139385,1.3570378302320816,1.3285383899924177,1.557691307572367,1.5488878680395983,-0.3303174598660074,-0.5043466479784757,-0.5043466479784757
-0.6191935407711806,0.4434331464872571,-0.11199125229398159,0.2482114647924751,-0.08540226174117911,-0.5783617292078059,-0.5789065517301308,-0.13286108345391032,-0.7477904102859585,-0.8371787100618959,0.43852201219005094,1.3570378302320816,0.44051102323259766,0.8669866228360602,1.5488878680395983,-0.3303174598660074,-0.5043466479784757,-0.5043466479784757
2.409174433719356,-0.5232825142917406,-0.45533879454549364,-0.6922595306088221,-0.2408868075470713,-0.24559420658696246,0.9173072213709167,-0.16224066063139642,2.599561862453914,1.1944880919464211,-1.3278610462577245,-1.3250928858946096,-0.44751634352722236,-1.2051274313728604,-0.6456245288212396,-0.3303174598660074,-0.5043466479784757,-0.5043466479784757
-0.6478984504819914,0.6851120616820066,1.047237200615838,-0.14589366372491638,0.6229162247078853,0.6178538752530186,-0.23523840216630476,-0.1526575775775884,-0.6274118575372455,-0.8371787100618959,0.43852201219005094,1.3570378302320816,1.3285383899924177,1.2123389652042138,1.5488878680395983,-0.3303174598660074,-0.5043466479784757,-0.5043466479784757
-1.15023437042118,2.618543383240002,5.268742514391654,-0.06905848251912097,3.0761168363119626,1.5945974741564564,-0.08855077735247653,-0.1583645274989016,-0.8143599902092442,-0.8371787100618959,1.3217135414139385,1.3570378302320816,1.3285383899924177,1.557691307572367,1.5488878680395983,-0.3303174598660074,-0.5043466479784757,-0.5043466479784757
0.11278165685449419,-0.5232825142917406,-0.4556598437604517,-1.27548686732531,-0.11995438303137738,-0.24776580290211983,1.3573700958124013,-0.16224066063139642,0.4127310995809158,1.1944880919464211,-0.4446695170338368,-1.3250928858946096,-0.44751634352722236,-0.8597750890047069,-0.6456245288212396,-0.3303174598660074,-0.5043466479784757,-0.5043466479784757
-0.6048410859157752,-0.5232825142917406,-0.3452408035340803,0.2040855188086793,-0.39637135335296353,0.49911526612689444,0.35151209708900805,-0.16224066063139642,-0.27065351381689606,1.1944880919464211,0.43852201219005094,-0.43104931385237927,-0.44751634352722236,-0.16907040426840003,-0.6456245288212396,-0.3303174598660074,-0.5043466479784757,1.9827632522357468
-0.28908707909685666,-0.0399246839022417,0.3633804830359659,-0.9093771093671782,2.7133195627648807,0.9359845096799566,3.159532343525148,-0.15911419209634933,-0.24399811397093155,-0.8371787100618959,0.43852201219005094,0.4629942581898511,1.3285383899924177,0.8669866228360602,1.5488878680395983,-0.3303174598660074,-0.5043466479784757,-0.5043466479784757
0.6868798510707097,-0.5232825142917406,-0.5906756317964509,-1.6597944395468471,-0.7073404449647479,-1.1610207623492141,-0.7800781514748094,-0.16224066063139642,0.9594387902991655,1.1944880919464211,-1.3278610462577245,-1.3250928858946096,-1.3355437102870424,-1.5504797737410139,-0.6456245288212396,3.027390681696474,-0.5043466479784757,-0.5043466479784757
0.4285356636734127,-0.5232825142917406,-0.5604167432866537,-1.2113067295096407,-0.6036840810941531,-0.9563478096456312,-0.40288140195353694,-0.16224066063139642,0.713420329475953,1.1944880919464211,-0.4446695170338368,-1.3250928858946096,-1.3355437102870424,-1.2051274313728604,-0.6456245288212396,-0.3303174598660074,-0.5043466479784757,-0.5043466479784757
1.4188550486963845,-0.5232825142917406,-0.3734858378773225,0.19258008696697868,-0.6382362023843514,0.30806414485475325,-0.528613651793961,-0.16224066063139642,1.6564910959649335,1.1944880919464211,-1.3278610462577245,-1.3250928858946096,-0.44751634352722236,-1.2051274313728604,-0.6456245288212396,-0.3303174598660074,-0.5043466479784757,-0.5043466479784757
-0.9349475475900991,-0.5232825142917406,-0.39703187916526944,1.493151487481962,-0.5173037778686574,0.1487972969226425,-0.08855077735247653,-0.16224066063139642,-0.5850104359798896,1.1944880919464211,1.3217135414139385,-0.43104931385237927,-0.44751634352722236,0.1762819380997534,-0.6456245288212396,-0.3303174598660074,1.9827632522357468,-0.5043466479784757
-0.11685762083199201,-0.5232825142917406,-0.594061241699645,-1.0102605146653758,-0.7764446875451444,-1.1839212325817827,-1.0315426511556578,6.84009074654883,-0.8573118690343816,1.1944880919464211,-0.4446695170338368,-0.43104931385237927,-1.3355437102870424,-0.8597750890047069,-0.6456245288212396,-0.3303174598660074,-0.5043466479784757,-0.5043466479784757
0.17019147627611575,-0.5232825142917406,-0.379023936835349,0.21007595026344938,-0.41364741399806265,0.2706041084182883,0.28864597216879595,-0.16224066063139642,0.4674018686527408,1.1944880919464211,-0.4446695170338368,-1.3250928858946096,-0.44751634352722236,-0.8597750890047069,-0.6456245288212396,-0.3303174598660074,-0.5043466479784757,-0.5043466479784757
-1.2076441898428014,-0.2816035990969911,-0.5138354208254658,-0.2741220664663747,-0.7073404449647479,-0.9417142117491729,-0.9372434637753396,-0.043081867916617805,-0.8576049651019055,-0.8371787100618959,1.3217135414139385,0.4629942581898511,-1.3355437102870424,0.1762819380997534,-0.6456245288212396,-0.3303174598660074,1.9827632522357468,-0.5043466479784757
0.2276012956977373,-0.2816035990969911,-0.4240948686716205,1.711595932456981,-0.5518558991588557,-0.638208949475075,-0.6543459016343852,-0.08837299274938434,-0.7387264150201706,-0.8371787100618959,-0.4446695170338368,-0.43104931385237927,-0.44751634352722236,-0.5144227466365535,-0.6456245288212396,-0.3303174598660074,-0.5043466479784757,1.9827632522357468
-1.15023437042118,-0.5232825142917406,-0.5420366757303046,-1.5324348464328332,-0.5000277172235583,-0.832023920602871,-0.02568465243226445,-0.16224066063139642,-0.790025819999233,1.1944880919464211,1.3217135414139385,-0.43104931385237927,-1.3355437102870424,-0.16907040426840003,-0.6456245288212396,-0.3303174598660074,-0.5043466479784757,1.9827632522357468
2.323059704586924,-0.5232825142917406,-0.34814483961483733,-0.7985605687780813,-0.033574079805881715,0.4794721903670617,1.6717007204134617,-0.16224066063139642,2.5175557088461766,1.1944880919464211,-1.3278610462577245,-1.3250928858946096,-0.44751634352722236,-1.2051274313728604,-0.6456245288212396,-0.3303174598660074,-0.5043466479784757,-0.5043466479784757
-0.6478984504819914,-0.0399246839022417,-0.4704208110754553,-0.4974705739694773,-0.4827516565784592,-0.9439762912441285,-0.7172120265545973,-0.1509478338708455,-0.6489868678724506,-0.8371787100618959,0.43852201219005094,0.4629942581898511,-1.3355437102870424,-0.16907040426840003,-0.6456245288212396,-0.3303174598660074,-0.5043466479784757,1.9827632522357468
-1.0497671864333422,-0.2816035990969911,0.2165661363502579,-0.6146596056840681,0.36377531503139837,1.5285259512040545,1.0116064087512349,-0.14541824283636887,-0.8101253674521098,-0.8371787100618959,1.3217135414139385,-0.43104931385237927,1.3285383899924177,0.8669866228360602,1.5488878680395983,-0.3303174598660074,-0.5043466479784757,-0.5043466479784757
-0.045095346554965075,-0.0399246839022417,-0.255405395930361,-0.15254263950138142,-0.36181923206276523,-0.4591838653724793,-0.5705244017407691,-0.11878274799424188,-0.7027044527317349,-0.8371787100618959,-0.4446695170338368,0.4629942581898511,0.44051102323259766,0.1762819380997534,-0.6456245288212396,-0.3303174598660074,1.9827632522357468,-0.5043466479784757
0.0984292019990888,-0.5232825142917406,-0.12659899157457336,-0.15897741614647765,-0.033574079805881715,1.9780217112107783,1.6717007204134617,-0.16224066063139642,0.3990634073129596,1.1944880919464211,-0.4446695170338368,-1.3250928858946096,0.44051102323259766,-0.5144227466365535,-0.6456245288212396,-0.3303174598660074,-0.5043466479784757,1.9827632522357468
-0.07380025626577585,-0.2816035990969911,-0.25994386437817724,0.04909838662940489,-0.3445431714176661,-0.08304528695126179,-0.27714915211311275,-0.13160724551082154,-0.6547627965198042,-0.8371787100618959,-0.4446695170338368,-0.43104931385237927,0.44051102323259766,-0.16907040426840003,-0.6456245288212396,-0.3303174598660074,-0.5043466479784757,1.9827632522357468
0.328068479685575,-0.2816035990969911,-0.47986987319751645,0.5053186433913909,-0.7418925662549462,-0.8268417021235183,-1.0001095886955516,0.031217144011420637,-0.8067520168306481,-0.8371787100618959,-0.4446695170338368,-0.43104931385237927,-1.3355437102870424,-0.8597750890047069,-0.6456245288212396,-0.3303174598660074,-0.5043466479784757,-0.5043466479784757
-0.4182591727955052,0.4434331464872571,2.3597009845105266,-0.013324354203359605,2.5060068350236913,2.7653734388404527,1.3070771958762317,-0.15631952803611465,-0.4434618606107586,-0.8371787100618959,0.43852201219005094,1.3570378302320816,1.3285383899924177,1.2123389652042138,1.5488878680395983,-0.3303174598660074,-0.5043466479784757,-0.5043466479784757
-0.9493000024455045,0.6851120616820066,0.3743983083674811,0.5309581404261862,-0.01629801916078258,-0.14066662099549443,-0.6229128391742792,-0.15280141509085318,-0.7477025683740277,-0.8371787100618959,1.3217135414139385,1.3570378302320816,1.3285383899924177,1.557691307572367,1.5488878680395983,-0.3303174598660074,-0.5043466479784757,-0.5043466479784757
-0.9780049121563152,0.6851120616820066,0.06940885073039024,2.0411957366007036,-0.30999105012746786,-0.4844944784851283,-0.8010335264482134,-0.13035946561662645,-0.8164871079366135,-0.8371787100618959,1.3217135414139385,1.3570378302320816,0.44051102323259766,1.2123389652042138,1.5488878680395983,-0.3303174598660074,-0.5043466479784757,-0.5043466479784757
-0.07380025626577585,-0.5232825142917406,-0.18833529629639512,0.34894936517918534,-0.17178256496667477,1.5604336106983556,1.168771721051765,-0.16224066063139642,0.23505110009748473,1.1944880919464211,-0.4446695170338368,-0.43104931385237927,0.44051102323259766,-0.16907040426840003,-0.6456245288212396,-0.3303174598660074,-0.5043466479784757,1.9827632522357468
-0.4756689922171267,-0.0399246839022417,-0.20772958750908893,0.4805744938720968,-0.29271498948236874,-0.3516898477721893,-0.48670290184715304,-0.14121263838761197,-0.6806842818555832,-0.8371787100618959,0.43852201219005094,0.4629942581898511,0.44051102323259766,0.5216342804679068,-0.6456245288212396,-0.3303174598660074,1.9827632522357468,-0.5043466479784757
0.9165191287571959,0.9267909768767559,0.27840459309502086,1.3491575885365503,-0.25816286819217044,-0.3907809316574843,-0.8160016514292163,-0.14508622143251965,-0.26762784148276825,-0.8371787100618959,-1.3278610462577245,1.3570378302320816,1.3285383899924177,0.5216342804679068,-0.6456245288212396,-0.3303174598660074,1.9827632522357468,-0.5043466479784757
2.222592520599086,-0.5232825142917406,-0.3448978645999206,0.3142792537203694,-0.5000277172235583,0.5014349258271761,-0.02568465243226445,-0.16224066063139642,2.421881862970483,1.1944880919464211,-1.3278610462577245,-1.3250928858946096,-0.44751634352722236,-1.2051274313728604,-0.6456245288212396,-0.3303174598660074,-0.5043466479784757,-0.5043466479784757
-0.820127908746856,-0.2816035990969911,-0.33605441804243946,1.6744797081780392,-0.6209601417392523,-0.34045348198997344,-0.7800781514748094,-0.09759896262272569,-0.8209266894746123,-0.8371787100618959,0.43852201219005094,0.4629942581898511,-0.44751634352722236,0.1762819380997534,-0.6456245288212396,-0.3303174598660074,1.9827632522357468,-0.5043466479784757
-0.633545995626586,0.20175423129250772,0.11767568157010784,-0.026118204238904024,0.07008228406471309,-0.024042027979201554,-0.3085822145732188,-0.13666954716210297,-0.7378054340033365,-0.8371787100618959,0.43852201219005094,1.3570378302320816,1.3285383899924177,1.2123389652042138,1.5488878680395983,-0.3303174598660074,-0.5043466479784757,-0.5043466479784757
-0.7196607247590183,-0.0399246839022417,-0.26661293216162424,0.6517821754725064,-0.20633468625687304,-0.4844533497670381,-0.38192602698013284,-0.13590253176039366,-0.7578153350365336,-0.8371787100618959,0.43852201219005094,0.4629942581898511,0.44051102323259766,0.5216342804679068,-0.6456245288212396,-0.3303174598660074,1.9827632522357468,-0.5043466479784757
1.2753305001423305,-0.5232825142917406,-0.4055615730808597,0.49088455617180266,-0.5345798385137566,0.09110193118584761,-0.1514169022726886,-0.16224066063139642,1.5198141732853712,1.1944880919464211,-1.3278610462577245,-1.3250928858946096,-0.44751634352722236,-1.2051274313728604,-0.6456245288212396,-0.3303174598660074,-0.5043466479784757,-0.5043466479784757
-0.9205950927346938,-0.5232825142917406,-0.051889379939219084,0.4481269770496262,0.12191046600001049,2.483362044640242,2.2374958446953706,-0.16224066063139642,-0.5713427437119333,1.1944880919464211,1.3217135414139385,-0.43104931385237927,0.44051102323259766,0.5216342804679068,-0.6456245288212396,-0.3303174598660074,1.9827632522357468,-0.5043466479784757
2.409174433719356,-0.5232825142917406,-0.44461283213666747,-0.34340568512039843,-0.36181923206276523,-0.17304314787602265,0.4772443469294322,-0.16224066063139642,2.599561862453914,1.1944880919464211,-1.3278610462577245,-1.3250928858946096,-0.44751634352722236,-1.2051274313728604,-0.6456245288212396,-0.3303174598660074,-0.5043466479784757,-0.5043466479784757
0.2563062054085481,-0.5232825142917406,-0.5742145629567831,0.28880733509756706,-0.7591686269000453,-1.0496770967356903,-0.9686765262354456,-0.16224066063139642,0.5494080222604782,1.1944880919464211,-0.4446695170338368,-1.3250928858946096,-1.3355437102870424,-1.2051274313728604,-0.6456245288212396,-0.3303174598660074,-0.5043466479784757,-0.5043466479784757
0.5002979379504396,-0.5232825142917406,-0.4500560756448201,0.3369209591628607,-0.6382362023843514,-0.2098615763102819,-0.528613651793961,-0.16224066063139642,0.7817587908157343,1.1944880919464211,-0.4446695170338368,-1.3250928858946096,-0.44751634352722236,-0.8597750890047069,-0.6456245288212396,-0.3303174598660074,-0.5043466479784757,-0.5043466479784757
0.7155847607815204,-0.5232825142917406,-0.38661966939833403,0.4078885546591703,-0.4481995352882609,0.21922611378013318,0.16291372232837179,-0.16224066063139642,0.9867741748350779,1.1944880919464211,-1.3278610462577245,-1.3250928858946096,-0.44751634352722236,-1.2051274313728604,-0.6456245288212396,-0.3303174598660074,-0.5043466479784757,-0.5043466479784757
0.3711258442517912,-0.2816035990969911,-0.21552962411795631,0.554806942429979,-0.20633468625687304,0.06716501725740848,-0.02568465243226445,-0.14471730876157604,-0.4249031836981164,-0.8371787100618959,-0.4446695170338368,-0.43104931385237927,0.44051102323259766,-0.16907040426840003,-0.6456245288212396,-0.3303174598660074,-0.5043466479784757,1.9827632522357468
-0.8918901830238829,0.20175423129250772,-0.1395358156227698,-1.2460172725853171,-0.18905862561177392,-0.458990560397456,-0.5443301830240141,-0.14933710152725596,-0.7477106447376406,-0.8371787100618959,1.3217135414139385,1.3570378302320816,0.44051102323259766,1.2123389652042138,1.5488878680395983,-0.3303174598660074,-0.5043466479784757,-0.5043466479784757
1.7202566006598976,-0.5232825142917406,-0.5683481182107312,-0.31742432812513954,-0.7073404449647479,-1.00999610952236,-0.7800781514748094,-0.16224066063139642,1.9435126335920145,1.1944880919464211,-1.3278610462577245,-1.3250928858946096,-1.3355437102870424,-1.5504797737410139,-0.6456245288212396,3.027390681696474,-0.5043466479784757,-0.5043466479784757
1.734609055515303,-0.5232825142917406,-0.5506831148149706,-1.5380068286315713,-0.5173037778686574,-0.890508957726996,-0.08855077735247653,-0.16224066063139642,1.9571803258599707,1.1944880919464211,-1.3278610462577245,-1.3250928858946096,-1.3355437102870424,-1.5504797737410139,-0.6456245288212396,3.027390681696474,-0.5043466479784757,-0.5043466479784757
-0.633545995626586,-0.5232825142917406,0.3406881407968848,1.4641544372640392,-0.18905862561177392,5.138780147922345,1.105905596131553,-0.16224066063139642,-0.2979888983528085,1.1944880919464211,0.43852201219005094,-0.43104931385237927,1.3285383899924177,0.5216342804679068,-0.6456245288212396,-0.3303174598660074,1.9827632522357468,-0.5043466479784757
0.11278165685449419,0.6851120616820066,0.24961961234480373,-0.20293021255281246,0.1391865266451096,-0.28133506260726104,-0.528613651793961,-0.144959010166677,-0.49158053958102454,-0.8371787100618959,-0.4446695170338368,1.3570378302320816,1.3285383899924177,0.8669866228360602,1.5488878680395983,-0.3303174598660074,-0.5043466479784757,-0.5043466479784757
1.0026338578896283,-0.5232825142917406,-0.3962949252854793,1.8476887548130982,-0.4481995352882609,0.1537820975551628,0.16291372232837179,-0.16224066063139642,1.2601280201942027,1.1944880919464211,-1.3278610462577245,-1.3250928858946096,-0.44751634352722236,-1.2051274313728604,-0.6456245288212396,-0.3303174598660074,-0.5043466479784757,-0.5043466479784757
2.2369449754544917,-0.5232825142917406,-0.45999400816238556,-0.2741220664663747,-0.6209601417392523,-0.27708235315674445,-0.465747526873749,-0.16224066063139642,2.435549555238439,1.1944880919464211,-1.3278610462577245,-1.3250928858946096,-0.44751634352722236,-1.2051274313728604,-0.6456245288212396,-0.3303174598660074,-0.5043466479784757,-0.5043466479784757
-0.31779198880766746,0.6851120616820066,0.08559264979350338,-0.7960772849553565,0.6401922853529844,-0.466249779140359,-0.22476071467960265,-0.1530980422645336,-0.4846947323528146,-0.8371787100618959,0.43852201219005094,1.3570378302320816,1.3285383899924177,1.2123389652042138,1.5488878680395983,-0.3303174598660074,-0.5043466479784757,-0.5043466479784757
2.193887610888275,-0.5232825142917406,-0.3668094735208082,-0.21187506533190048,-0.5173037778686574,0.353223477317685,-0.08855077735247653,-0.16224066063139642,2.3945464784345702,1.1944880919464211,-1.3278610462577245,-1.3250928858946096,-0.44751634352722236,-1.2051274313728604,-0.6456245288212396,-0.3303174598660074,-0.5043466479784757,-0.5043466479784757
-0.40390671794009975,-0.0399246839022417,0.14875178626343466,1.4571513760793333,0.0009780414843165532,0.4520640126318177,-0.13046152729928454,-0.1445825137471928,-0.6369924787039198,-0.8371787100618959,0.43852201219005094,0.4629942581898511,1.3285383899924177,0.8669866228360602,1.5488878680395983,-0.3303174598660074,-0.5043466479784757,-0.5043466479784757
0.9595764933234121,-0.5232825142917406,-0.5491508344708526,-0.6081680849768459,-0.6727883236745497,-0.8801445207682904,-0.6543459016343852,-0.16224066063139642,1.219124943390334,1.1944880919464211,-1.3278610462577245,-1.3250928858946096,-1.3355437102870424,-1.5504797737410139,-0.6456245288212396,3.027390681696474,-0.5043466479784757,-0.5043466479784757
2.222592520599086,-0.5232825142917406,-0.5345139088979919,-1.1591120391173797,-0.5173037778686574,-0.7811394705817971,-0.08855077735247653,-0.16224066063139642,2.421881862970483,1.1944880919464211,-1.3278610462577245,-1.3250928858946096,-1.3355437102870424,-1.5504797737410139,-0.6456245288212396,3.027390681696474,-0.5043466479784757,-0.5043466479784757
-1.221996644698207,-0.2816035990969911,-0.42084059708363647,-1.502823741033825,0.2946710724510018,-0.6272029045141637,0.8858741589108107,-0.16224066063139642,-0.8583642813390142,-0.8371787100618959,1.3217135414139385,0.4629942581898511,-0.44751634352722236,0.5216342804679068,-0.6456245288212396,-0.3303174598660074,1.9827632522357468,-0.5043466479784757
-0.633545995626586,2.3768644680452526,2.067050031930119,1.000530678318754,0.709296527933381,0.1469294203718429,-0.6736893246867581,-0.1467145940284588,-0.6840669214135389,-0.8371787100618959,0.43852201219005094,1.3570378302320816,1.3285383899924177,1.2123389652042138,1.5488878680395983,-0.3303174598660074,-0.5043466479784757,-0.5043466479784757
1.1174534967328713,-0.0399246839022417,-0.39296768796682296,0.3465436839759202,-0.6209601417392523,-0.7693437542335558,-0.8848550263418294,-0.12669328969547508,-0.49142694303929496,-0.8371787100618959,-1.3278610462577245,0.4629942581898511,-0.44751634352722236,-0.5144227466365535,-0.6456245288212396,-0.3303174598660074,-0.5043466479784757,1.9827632522357468
-0.8488328184576668,1.6518277224610043,0.3527128932116775,-1.2968919625770856,3.438914109859044,-0.5959319175758976,0.44581128446932616,-0.15994415297894132,-0.590700419456249,-0.8371787100618959,1.3217135414139385,1.3570378302320816,1.3285383899924177,1.557691307572367,1.5488878680395983,-0.3303174598660074,-0.5043466479784757,-0.5043466479784757
0.8734617641909798,-0.2816035990969911,-0.3103339979804584,0.27978603058532453,-0.41364741399806265,-0.253466243229408,-0.40288140195353694,-0.1537075501556578,0.04155945661779056,-0.8371787100618959,-1.3278610462577245,0.4629942581898511,0.44051102323259766,-0.16907040426840003,-0.6456245288212396,-0.3303174598660074,-0.5043466479784757,1.9827632522357468
0.514650392805845,0.20175423129250772,-0.3485534477066021,-1.5319334307119117,1.1411980440608593,-0.8124425379201736,0.6658427216900684,-0.1550088011295658,-0.04438913947471427,-0.8371787100618959,-0.4446695170338368,0.4629942581898511,-0.44751634352722236,-0.16907040426840003,-0.6456245288212396,-0.3303174598660074,-0.5043466479784757,1.9827632522357468
-1.1215294607103692,-0.0399246839022417,1.0588679380850006,-0.18751754314884533,0.5538119821274888,2.5040909185576536,0.5401104718496442,-0.14956720614776875,-0.8242933793904759,-0.8371787100618959,1.3217135414139385,0.4629942581898511,1.3285383899924177,1.2123389652042138,1.5488878680395983,-0.3303174598660074,-0.5043466479784757,-0.5043466479784757
-1.0210622767225315,-0.0399246839022417,0.11730355634367919,-1.035948297005321,1.9358968337354194,0.38115810264448236,2.2165404697219664,-0.15276212030181177,-0.7770184027200671,-0.8371787100618959,1.3217135414139385,0.4629942581898511,1.3285383899924177,1.2123389652042138,1.5488878680395983,-0.3303174598660074,-0.5043466479784757,-0.5043466479784757
-0.9349475475900991,-0.2816035990969911,-0.19585076655564068,1.1876573119537448,-0.2236107469019722,0.13371950887081113,-0.05711771489237049,-0.14712676964367635,-0.771757122413351,-0.8371787100618959,1.3217135414139385,0.4629942581898511,0.44051102323259766,0.8669866228360602,1.5488878680395983,-0.3303174598660074,-0.5043466479784757,-0.5043466479784757
0.6007651219382774,-0.5232825142917406,-0.5455974033871122,-1.3133763462767292,-0.6209601417392523,-0.8561088979164349,-0.465747526873749,-0.16224066063139642,0.877432636691428,1.1944880919464211,-0.4446695170338368,-1.3250928858946096,-1.3355437102870424,-1.2051274313728604,-0.6456245288212396,-0.3303174598660074,-0.5043466479784757,-0.5043466479784757
1.43320750355179,-0.5232825142917406,-0.5538936069645511,-1.2933906870496068,-0.5691319598039548,-0.9122249208785699,-0.27714915211311275,-0.16224066063139642,1.6701587882328899,1.1944880919464211,-1.3278610462577245,-1.3250928858946096,-1.3355437102870424,-1.5504797737410139,-0.6456245288212396,3.027390681696474,-0.5043466479784757,-0.5043466479784757
-0.8057754538914507,-0.2816035990969911,-0.4721646920385229,-1.568631783423132,-0.20633468625687304,-0.8007825463416297,-0.02568465243226445,-0.1535263451069452,-0.6816723078026643,-0.8371787100618959,0.43852201219005094,0.4629942581898511,-1.3355437102870424,-0.16907040426840003,-0.6456245288212396,-0.3303174598660074,-0.5043466479784757,1.9827632522357468
0.3711258442517912,-0.2816035990969911,-0.3368789307990363,-0.739621379298096,-0.29271498948236874,-0.34324200907648234,-0.18284996473279463,-0.14521797595785663,-0.41587274416393105,-0.8371787100618959,-0.4446695170338368,-0.43104931385237927,-0.44751634352722236,-0.5144227466365535,-0.6456245288212396,-0.3303174598660074,-0.5043466479784757,1.9827632522357468
-1.0354147315779367,0.20175423129250772,0.07210128619219758,0.37541185841509667,0.1391865266451096,-0.10110901993643451,-0.24571608965300673,-0.13954940498979848,-0.8164318014609245,-0.8371787100618959,1.3217135414139385,1.3570378302320816,0.44051102323259766,1.2123389652042138,1.5488878680395983,-0.3303174598660074,-0.5043466479784757,-0.5043466479784757
0.328068479685575,-0.0399246839022417,-0.042878112201191663,-0.29144297112988066,0.0009780414843165532,0.01999860335167961,-0.13046152729928454,-0.14278616386163664,-0.4673944030578012,-0.8371787100618959,-0.4446695170338368,0.4629942581898511,0.44051102323259766,0.1762819380997534,-0.6456245288212396,-0.3303174598660074,1.9827632522357468,-0.5043466479784757
0.31371602483016964,-0.5232825142917406,-0.5842838337895585,1.371363876566686,-0.724616505609847,-1.117786253892899,-0.8429442763950215,-0.16224066063139642,0.6040787913323031,1.1944880919464211,-0.4446695170338368,-1.3250928858946096,-1.3355437102870424,-1.2051274313728604,-0.6456245288212396,-0.3303174598660074,-0.5043466479784757,-0.5043466479784757
-0.07380025626577585,-0.5232825142917406,-0.42853848166956277,-1.1185161688122875,-0.41364741399806265,-0.0643152687330293,0.28864597216879595,-0.16224066063139642,0.23505110009748473,1.1944880919464211,-0.4446695170338368,-0.43104931385237927,-0.44751634352722236,-0.5144227466365535,-0.6456245288212396,-0.3303174598660074,-0.5043466479784757,1.9827632522357468
-1.0928245509995584,0.9267909768767559,0.9499519919104783,0.30314583233556863,1.348510771802049,0.2581315308809072,0.019219722510744244,-0.151352818002948,-0.8101883425355132,-0.8371787100618959,1.3217135414139385,1.3570378302320816,1.3285383899924177,1.557691307572367,1.5488878680395983,-0.3303174598660074,-0.5043466479784757,-0.5043466479784757
2.2082400657436807,-0.5232825142917406,-0.38029354054904685,0.369999075707751,-0.3790952927078644,0.262016432081075,0.4143782220092201,-0.16224066063139642,2.4082141707025264,1.1944880919464211,-1.3278610462577245,-1.3250928858946096,-0.44751634352722236,-1.2051274313728604,-0.6456245288212396,-0.3303174598660074,-0.5043466479784757,-0.5043466479784757
-0.9923573670117206,2.135185552850503,2.026758355452883,0.2597732516098894,2.1604856221217084,0.23997555205658952,-0.19856649596284767,-0.15636359800428745,-0.739415327709939,-0.8371787100618959,1.3217135414139385,1.3570378302320816,1.3285383899924177,1.557691307572367,1.5488878680395983,-0.3303174598660074,-0.5043466479784757,-0.5043466479784757
-0.7914229990360452,-0.5232825142917406,-0.4419714726863307,0.6640936028068615,-0.5345798385137566,-0.15517683273768237,-0.1514169022726886,-0.16224066063139642,-0.4483335133003271,1.1944880919464211,0.43852201219005094,-0.43104931385237927,-0.44751634352722236,-0.16907040426840003,-0.6456245288212396,-0.3303174598660074,-0.5043466479784757,1.9827632522357468
-1.1215294607103692,-0.0399246839022417,-0.11828819485099992,0.34785587372315513,-0.06812620109607997,-0.15002751723280167,-0.21428302719290068,-0.12572688557242184,-0.8429561338758875,-0.8371787100618959,1.3217135414139385,0.4629942581898511,0.44051102323259766,0.8669866228360602,1.5488878680395983,-0.3303174598660074,-0.5043466479784757,-0.5043466479784757
-0.8918901830238829,-0.0399246839022417,-0.12675951618205242,0.4743884564922733,-0.25816286819217044,-0.16912769391384502,-0.44479215190034493,-0.13873875341775496,-0.7861471505718401,-0.8371787100618959,1.3217135414139385,0.4629942581898511,0.44051102323259766,0.8669866228360602,1.5488878680395983,-0.3303174598660074,-0.5043466479784757,-0.5043466479784757
0.5720602122274666,-0.5232825142917406,-0.495396980684579,1.1007247411994063,-0.6555122630294505,-0.5165502013645535,-0.5914797767141732,-0.16224066063139642,0.8500972521555155,1.1944880919464211,-0.4446695170338368,-1.3250928858946096,-1.3355437102870424,-1.2051274313728604,-0.6456245288212396,-0.3303174598660074,-0.5043466479784757,-0.5043466479784757
-0.5761361762049644,-0.5232825142917406,-0.5358856646346308,1.371363876566686,-0.6555122630294505,-0.790418109382924,-0.5914797767141732,-0.16224066063139642,-0.24331812928098356,1.1944880919464211,0.43852201219005094,-0.43104931385237927,-1.3355437102870424,-0.5144227466365535,-0.6456245288212396,-0.3303174598660074,-0.5043466479784757,1.9827632522357468
-0.7196607247590183,0.20175423129250772,0.055370244149042284,0.17858339632980208,0.018254102129415688,-0.12940146511061554,-0.35573180826337786,-0.15341408339326468,-0.6466270814501841,-0.8371787100618959,0.43852201219005094,1.3570378302320816,0.44051102323259766,0.8669866228360602,1.5488878680395983,-0.3303174598660074,-0.5043466479784757,-0.5043466479784757
-1.1789392801319907,0.6851120616820066,0.078113662399594,-0.7341589380338023,0.7956768311588767,-0.4746811663488299,-0.13046152729928454,-0.15354388599970778,-0.8400653875587754,-0.8371787100618959,1.3217135414139385,1.3570378302320816,0.44051102323259766,1.2123389652042138,1.5488878680395983,-0.3303174598660074,-0.5043466479784757,-0.5043466479784757
-0.9205950927346938,0.20175423129250772,0.6631820772222572,0.3038130693357527,0.43287955761179486,0.8984175385764575,0.02146494125789461,-0.15004440773000144,-0.7536118953437292,-0.8371787100618959,1.3217135414139385,1.3570378302320816,1.3285383899924177,1.557691307572367,1.5488878680395983,-0.3303174598660074,-0.5043466479784757,-0.5043466479784757
1.5767320521058437,-0.5232825142917406,-0.48249663950171867,1.5397615607952162,-0.6382362023843514,-0.4292915130645935,-0.528613651793961,-0.16224066063139642,1.8068357109124522,1.1944880919464211,-1.3278610462577245,-1.3250928858946096,-1.3355437102870424,-1.5504797737410139,-0.6456245288212396,3.027390681696474,-0.5043466479784757,-0.5043466479784757
-0.2747346242414513,-0.5232825142917406,-0.48311684821243317,-1.001239210153133,-0.39637135335296353,-0.4334866423097839,0.35151209708900805,-0.16224066063139642,0.043703408346097414,1.1944880919464211,-0.4446695170338368,-0.43104931385237927,-1.3355437102870424,-0.8597750890047069,-0.6456245288212396,-0.3303174598660074,-0.5043466479784757,-0.5043466479784757
0.15583902142071035,-0.0399246839022417,1.8510860622862855,0.9284247115075656,0.8993331950294715,4.290294693723543,0.9592179713177247,-0.1539912057511425,-0.255633541041863,-0.8371787100618959,-0.4446695170338368,0.4629942581898511,1.3285383899924177,0.5216342804679068,-0.6456245288212396,-0.3303174598660074,1.9827632522357468,-0.5043466479784757
1.5623795972504384,0.6851120616820066,0.7956440646847265,0.5372629347790038,-0.2236107469019722,0.3342220095600581,-0.7486450890147034,-0.15546496457506587,0.4898724813644653,-0.8371787100618959,-1.3278610462577245,1.3570378302320816,1.3285383899924177,0.5216342804679068,-0.6456245288212396,-0.3303174598660074,1.9827632522357468,-0.5043466479784757
-0.5761361762049644,1.6518277224610043,0.031678271399750796,0.17824836916029538,-0.20633468625687304,-0.8130816781992939,-0.8806639513471487,-0.131612889102406,-0.7438212732634296,-0.8371787100618959,0.43852201219005094,1.3570378302320816,0.44051102323259766,0.8669866228360602,1.5488878680395983,-0.3303174598660074,-0.5043466479784757,-0.5043466479784757
0.026666927722061865,-0.2816035990969911,-0.21099845224320737,0.0024536692896066138,-0.29271498948236874,0.08248957761778025,-0.18284996473279463,-0.15312851765908983,-0.34136896511632175,-0.8371787100618959,-0.4446695170338368,0.4629942581898511,0.44051102323259766,0.1762819380997534,-0.6456245288212396,-0.3303174598660074,1.9827632522357468,-0.5043466479784757
-0.5187263567833429,-0.2816035990969911,-0.42423350355989786,-0.68549355222464,-0.46547559593336,-0.6386778168613021,-0.49718058933385506,-0.16224066063139642,-0.18864736020915862,-0.8371787100618959,0.43852201219005094,0.4629942581898511,-0.44751634352722236,0.1762819380997534,-0.6456245288212396,-0.3303174598660074,1.9827632522357468,-0.5043466479784757
1.361445229274763,-0.5232825142917406,-0.4510265198627615,-1.0550559577606495,-0.30999105012746786,-0.21642571971746208,0.6658427216900684,-0.16224066063139642,1.6018203268931086,1.1944880919464211,-1.3278610462577245,-1.3250928858946096,-0.44751634352722236,-1.2051274313728604,-0.6456245288212396,-0.3303174598660074,-0.5043466479784757,-0.5043466479784757
-0.7340131796144237,-0.0399246839022417,-0.4849774743445765,-0.40402885144266915,-0.6209601417392523,-0.9767970082800297,-0.8848550263418294,-0.06488870579906095,-0.8271529840703977,-0.8371787100618959,0.43852201219005094,0.4629942581898511,-1.3355437102870424,-0.16907040426840003,-0.6456245288212396,-0.3303174598660074,-0.5043466479784757,1.9827632522357468
-1.0354147315779367,1.410148807266255,2.091208985355714,0.8179643163716613,1.7113080453491307,0.7824592307932244,-0.08156565236134188,-0.15599202353053024,-0.7644269045629379,-0.8371787100618959,1.3217135414139385,1.3570378302320816,1.3285383899924177,1.557691307572367,1.5488878680395983,-0.3303174598660074,-0.5043466479784757,-0.5043466479784757
1.3183878647085467,-0.5232825142917406,-0.5651449226342179,-1.4560190905644246,-0.5000277172235583,-0.9883295008324943,-0.02568465243226445,-0.16224066063139642,1.5608172500892399,1.1944880919464211,-1.3278610462577245,-1.3250928858946096,-1.3355437102870424,-1.5504797737410139,-0.6456245288212396,3.027390681696474,-0.5043466479784757,-0.5043466479784757
-0.5761361762049644,1.1684698920715055,-0.26886027666633067,-1.1311694270891994,0.3983274363215966,-0.9599198388117565,-0.5521884486390406,-0.14877534814195548,-0.6478079409948236,-0.8371787100618959,0.43852201219005094,1.3570378302320816,0.44051102323259766,0.8669866228360602,1.5488878680395983,-0.3303174598660074,-0.5043466479784757,-0.5043466479784757
-0.10250516597658663,0.20175423129250772,-0.05162670330879884,0.5971719256978615,-0.30999105012746786,-0.31033492173259175,-0.6543459016343852,-0.1493171886274039,-0.48347900770364327,-0.8371787100618959,-0.4446695170338368,1.3570378302320816,0.44051102323259766,0.5216342804679068,-0.6456245288212396,-0.3303174598660074,1.9827632522357468,-0.5043466479784757
-0.2747346242414513,-0.5232825142917406,-0.3750837873790455,0.05167590220433155,-0.4309234746431618,0.2972555177406745,0.22577984724858385,-0.16224066063139642,0.043703408346097414,1.1944880919464211,-0.4446695170338368,-0.43104931385237927,-0.44751634352722236,-0.5144227466365535,-0.6456245288212396,-0.3303174598660074,-0.5043466479784757,1.9827632522357468
-0.5474312664941536,-0.0399246839022417,0.3501299063458786,0.15556960691675212,0.2773950118059027,0.9061086088593066,0.20482447227517991,-0.14403458076664796,-0.6797961285674127,-0.8371787100618959,0.43852201219005094,0.4629942581898511,1.3285383899924177,0.8669866228360602,1.5488878680395983,-0.3303174598660074,-0.5043466479784757,-0.5043466479784757
-0.6048410859157752,0.20175423129250772,-0.24411759739535827,0.866170823881097,-0.27543892883726956,-0.6358399353130851,-0.6229128391742792,-0.13760783457439177,-0.728175187267659,-0.8371787100618959,0.43852201219005094,1.3570378302320816,0.44051102323259766,0.8669866228360602,1.5488878680395983,-0.3303174598660074,-0.5043466479784757,-0.5043466479784757
-0.9923573670117206,-0.5232825142917406,-0.5863560605406515,-0.7071446830540223,-0.7073404449647479,-1.1318029210180056,-0.7800781514748094,-0.16224066063139642,-0.6396812050517144,1.1944880919464211,1.3217135414139385,-0.43104931385237927,-1.3355437102870424,-0.16907040426840003,-0.6456245288212396,-0.3303174598660074,-0.5043466479784757,1.9827632522357468
-0.8488328184576668,0.20175423129250772,0.05332720369021821,1.1504339701444164,-0.13723044367647652,-0.1328562774301842,-0.49718058933385506,-0.14661567188080657,-0.7483173139170182,-0.8371787100618959,1.3217135414139385,1.3570378302320816,0.44051102323259766,1.2123389652042138,1.5488878680395983,-0.3303174598660074,-0.5043466479784757,-0.5043466479784757
0.9595764933234121,-0.0399246839022417,-0.2549457118271256,0.2617434215608391,-0.25816286819217044,-0.458147421676609,-0.44479215190034493,-0.14234317721792294,-0.31716960935069666,-0.8371787100618959,-1.3278610462577245,0.4629942581898511,0.44051102323259766,-0.16907040426840003,-0.6456245288212396,-0.3303174598660074,-0.5043466479784757,1.9827632522357468
-1.1789392801319907,-0.0399246839022417,-0.14216258192697215,-1.1769550617588507,0.6574683459980836,-0.2038567834691269,0.6658427216900684,-0.15685848827138016,-0.8351706217327856,-0.8371787100618959,1.3217135414139385,0.4629942581898511,0.44051102323259766,0.8669866228360602,1.5488878680395983,-0.3303174598660074,-0.5043466479784757,-0.5043466479784757
2.36611706915314,-0.5232825142917406,-0.43346366848994206,0.39706298924447897,-0.724616505609847,-0.09762953038601169,-0.8429442763950215,-0.16224066063139642,2.558558785650045,1.1944880919464211,-1.3278610462577245,-1.3250928858946096,-0.44751634352722236,-1.2051274313728604,-0.6456245288212396,-0.3303174598660074,-0.5043466479784757,-0.5043466479784757
-0.7914229990360452,-0.0399246839022417,-0.38783090052749397,-1.2302639408349063,0.191014708580407,-0.7577619072193833,0.1000475974081597,-0.1406381022607326,-0.7579149767190949,-0.8371787100618959,0.43852201219005094,0.4629942581898511,-0.44751634352722236,0.1762819380997534,-0.6456245288212396,-0.3303174598660074,1.9827632522357468,-0.5043466479784757
-1.0210622767225315,-0.0399246839022417,0.32184109256423304,0.5400673718829921,0.3810513756764975,0.8423261928451767,0.33055672211560405,-0.14874767969163472,-0.7929462670650357,-0.8371787100618959,1.3217135414139385,0.4629942581898511,1.3285383899924177,1.2123389652042138,1.5488878680395983,-0.3303174598660074,-0.5043466479784757,-0.5043466479784757
-0.5761361762049644,-0.2816035990969911,-0.4428324683082637,0.38873563123317806,-0.5691319598039548,-0.7015800783083039,-0.6857789640944912,-0.1523107612384982,-0.6038624253150016,-0.8371787100618959,0.43852201219005094,0.4629942581898511,-0.44751634352722236,0.1762819380997534,-0.6456245288212396,-0.3303174598660074,1.9827632522357468,-0.5043466479784757
1.0600436773112498,-0.5232825142917406,-0.5223359284487872,-1.0566557950140523,-0.5691319598039548,-0.6987668739909411,-0.27714915211311275,-0.16224066063139642,1.3147987892660276,1.1944880919464211,-1.3278610462577245,-1.3250928858946096,-1.3355437102870424,-1.5504797737410139,-0.6456245288212396,3.027390681696474,-0.5043466479784757,-0.5043466479784757
-0.28908707909685666,-0.2816035990969911,-0.32384725130096587,-0.3410437435753749,-0.4309234746431618,-0.2991684747711291,-0.43431446441364296,-0.10182681894687282,-0.7660058657659436,-0.8371787100618959,0.43852201219005094,-0.43104931385237927,-0.44751634352722236,-0.16907040426840003,-0.6456245288212396,-0.3303174598660074,-0.5043466479784757,1.9827632522357468
-0.4900214470725321,-0.5232825142917406,0.45933771544309004,0.6790035390556677,0.7784007705137775,5.9413330497581205,4.626408591663429,-0.16224066063139642,-0.16131197567324615,1.1944880919464211,0.43852201219005094,-0.43104931385237927,1.3285383899924177,0.5216342804679068,-0.6456245288212396,-0.3303174598660074,1.9827632522357468,-0.5043466479784757
-0.633545995626586,0.6851120616820066,0.7969501512637603,0.503435936362749,0.5538119821274888,0.33569441766768354,-0.27714915211311275,-0.15000505704510078,-0.654265899037329,-0.8371787100618959,0.43852201219005094,1.3570378302320816,1.3285383899924177,1.2123389652042138,1.5488878680395983,-0.3303174598660074,-0.5043466479784757,-0.5043466479784757
1.8350762395031408,-0.5232825142917406,-0.5877861888618283,3.3199656512111004,-0.7764446875451444,-1.1414763955127978,-1.0315426511556578,6.84009074654883,-0.8554530628859396,1.1944880919464211,-1.3278610462577245,-1.3250928858946096,-1.3355437102870424,-1.5504797737410139,-0.6456245288212396,3.027390681696474,-0.5043466479784757,-0.5043466479784757
-1.1071770058549637,2.3768644680452526,0.15821544153163025,-1.2944316068010195,1.3312347111569498,-0.8462607845571372,-0.49959851721540166,-0.15501113116887366,-0.8045389365311866,-0.8371787100618959,1.3217135414139385,1.3570378302320816,1.3285383899924177,1.557691307572367,1.5488878680395983,-0.3303174598660074,-0.5043466479784757,-0.5043466479784757
0.9882814030342228,-0.0399246839022417,0.8505142941502859,1.71401655577952,0.7438486492235793,2.0343187005325096,0.7706195965570887,-0.15633805789629904,0.2842547922621273,-0.8371787100618959,-1.3278610462577245,0.4629942581898511,1.3285383899924177,0.1762819380997534,-0.6456245288212396,-0.3303174598660074,1.9827632522357468,-0.5043466479784757
-0.6191935407711806,0.20175423129250772,-0.12506671123045532,3.0312839068193353,-0.6900643843196488,-0.4345230860056545,-1.0001095886955516,0.011590989917221801,-0.8361145497400158,-0.8371787100618959,0.43852201219005094,1.3570378302320816,0.44051102323259766,0.8669866228360602,1.5488878680395983,-0.3303174598660074,-0.5043466479784757,-0.5043466479784757
-0.2747346242414513,-0.5232825142917406,-0.39044307368556186,0.6737163276199211,-0.6382362023843514,0.19336437584507707,-0.528613651793961,-0.16224066063139642,0.043703408346097414,1.1944880919464211,-0.4446695170338368,-0.43104931385237927,-0.44751634352722236,-0.5144227466365535,-0.6456245288212396,-0.3303174598660074,-0.5043466479784757,1.9827632522357468
0.3998307539626019,-0.5232825142917406,-0.5768413292609854,0.7218299516852147,-0.7764446875451444,-1.0674447029506142,-1.0315426511556578,6.84009074654883,-0.8568198321127352,1.1944880919464211,-0.4446695170338368,-1.3250928858946096,-1.3355437102870424,-1.2051274313728604,-0.6456245288212396,-0.3303174598660074,-0.5043466479784757,-0.5043466479784757
-1.0210622767225315,-0.2816035990969911,-0.3532743304810991,0.7611956441022735,-0.41364741399806265,-0.39869174680555763,-0.40288140195353694,-0.15957043558456666,-0.7198021597259407,-0.8371787100618959,1.3217135414139385,0.4629942581898511,-0.44751634352722236,0.5216342804679068,-0.6456245288212396,-0.3303174598660074,1.9827632522357468,-0.5043466479784757
1.0026338578896283,-0.5232825142917406,-0.42507260946262915,0.04136583990462569,-0.5518558991588557,-0.04087189942167123,-0.21428302719290068,-0.16224066063139642,1.2601280201942027,1.1944880919464211,-1.3278610462577245,-1.3250928858946096,-0.44751634352722236,-1.2051274313728604,-0.6456245288212396,-0.3303174598660074,-0.5043466479784757,-0.5043466479784757
-0.8918901830238829,-0.2816035990969911,-0.2982946524195311,-0.1159746760604514,-0.4309234746431618,-0.2127488123202071,-0.43431446441364296,-0.13993821279707958,-0.783191973865255,-0.8371787100618959,1.3217135414139385,0.4629942581898511,0.44051102323259766,0.8669866228360602,1.5488878680395983,-0.3303174598660074,-0.5043466479784757,-0.5043466479784757
-1.0928245509995584,0.4434331464872571,0.14631473085898034,-0.8031627415147617,0.5365359214823897,-0.2289222694219587,-0.12627045230460376,-0.15283338752233497,-0.8058434863318116,-0.8371787100618959,1.3217135414139385,1.3570378302320816,1.3285383899924177,1.557691307572367,1.5488878680395983,-0.3303174598660074,-0.5043466479784757,-0.5043466479784757
-0.5043739019279375,0.20175423129250772,0.0246151886706734,-0.5390300201435239,-0.050850140450980845,-0.18140872913554934,-0.41859793318358995,-0.1353247921593523,-0.717169113281615,-0.8371787100618959,0.43852201219005094,1.3570378302320816,0.44051102323259766,0.8669866228360602,1.5488878680395983,-0.3303174598660074,-0.5043466479784757,-0.5043466479784757
1.9068385137801676,-0.5232825142917406,-0.5131933223955497,-1.542761299928564,-0.15450650432157564,-0.6369257334706638,1.2316378459719772,-0.16224066063139642,2.1211926330754456,1.1944880919464211,-1.3278610462577245,-1.3250928858946096,-1.3355437102870424,-1.5504797737410139,-0.6456245288212396,3.027390681696474,-0.5043466479784757,-0.5043466479784757
1.476264868118006,-0.5232825142917406,-0.4649191949827649,0.36097777119550845,-0.6382362023843514,-0.31039661480972697,-0.528613651793961,-0.16224066063139642,1.7111618650367586,1.1944880919464211,-1.3278610462577245,-1.3250928858946096,-1.3355437102870424,-1.5504797737410139,-0.6456245288212396,3.027390681696474,-0.5043466479784757,-0.5043466479784757
-0.7340131796144237,0.4434331464872571,0.11712843859006569,-0.1655614668148238,-0.15450650432157564,-0.26840583878845653,-0.6291994516663004,-0.15132611575247973,-0.6766374232511045,-0.8371787100618959,0.43852201219005094,1.3570378302320816,1.3285383899924177,1.2123389652042138,1.5488878680395983,-0.3303174598660074,-0.5043466479784757,-0.5043466479784757
0.06972429228827803,0.4434331464872571,0.08665065288825158,1.4904450961282893,-0.2236107469019722,-0.3096365560994219,-0.6794923516024701,-0.14067345833007902,-0.5566435274992255,-0.8371787100618959,-0.4446695170338368,1.3570378302320816,1.3285383899924177,0.8669866228360602,1.5488878680395983,-0.3303174598660074,-0.5043466479784757,-0.5043466479784757
0.5720602122274666,-0.5232825142917406,-0.5203658537206355,1.58787518486051,-0.7591686269000453,-0.685441169329748,-0.9686765262354456,-0.16224066063139642,0.8500972521555155,1.1944880919464211,-0.4446695170338368,-1.3250928858946096,-1.3355437102870424,-1.2051274313728604,-0.6456245288212396,-0.3303174598660074,-0.5043466479784757,-0.5043466479784757
0.6868798510707097,-0.5232825142917406,-0.5658964696601424,-0.14421528149008053,-0.7591686269000453,-0.9934130103884309,-0.9686765262354456,-0.16224066063139642,0.9594387902991655,1.1944880919464211,-1.3278610462577245,-1.3250928858946096,-1.3355437102870424,-1.5504797737410139,-0.6456245288212396,3.027390681696474,-0.5043466479784757,-0.5043466479784757
-0.9493000024455045,-0.2816035990969911,-0.35215065822874586,-0.18979660955193814,-0.5000277172235583,-0.3948914532540323,-0.5600467142540672,-0.1563995433414563,-0.7167172887438313,-0.8371787100618959,1.3217135414139385,0.4629942581898511,-0.44751634352722236,0.5216342804679068,-0.6456245288212396,-0.3303174598660074,1.9827632522357468,-0.5043466479784757
-1.0354147315779367,-0.0399246839022417,-0.3399216017680706,0.24069371103227344,-0.5173037778686574,-0.6497414420275395,-0.7591227765014055,-0.06946997426175909,-0.8458826284827402,-0.8371787100618959,1.3217135414139385,0.4629942581898511,-0.44751634352722236,0.5216342804679068,-0.6456245288212396,-0.3303174598660074,1.9827632522357468,-0.5043466479784757
0.8304043996247635,-0.5232825142917406,-0.49797996755037793,0.34785587372315513,-0.6036840810941531,-0.5340216808092288,-0.40288140195353694,-0.16224066063139642,1.0961157129787278,1.1944880919464211,-1.3278610462577245,-1.3250928858946096,-1.3355437102870424,-1.5504797737410139,-0.6456245288212396,3.027390681696474,-0.5043466479784757,-0.5043466479784757
-1.006709821867126,-0.0399246839022417,0.15699691382940317,0.30154329440896843,0.15646258729020876,0.470654193208544,0.05813684746135158,-0.1509420218138406,-0.7798726771716085,-0.8371787100618959,1.3217135414139385,0.4629942581898511,1.3285383899924177,1.2123389652042138,1.5488878680395983,-0.3303174598660074,-0.5043466479784757,-0.5043466479784757
-0.23167725967523511,-0.0399246839022417,-0.2608997154499842,0.15556960691675212,-0.39637135335296353,-0.47157183526121826,-0.6124351516875771,-0.15186683632446277,-0.4780938109805545,-0.8371787100618959,-0.4446695170338368,0.4629942581898511,0.44051102323259766,0.1762819380997534,-0.6456245288212396,-0.3303174598660074,1.9827632522357468,-0.5043466479784757
-0.5904886310603699,-0.5232825142917406,-0.5738862171687578,1.6961308390074217,-0.7591686269000453,-1.047456145958825,-0.9686765262354456,-0.16224066063139642,-0.2569858215489398,1.1944880919464211,0.43852201219005094,-0.43104931385237927,-1.3355437102870424,-0.5144227466365535,-0.6456245288212396,-0.3303174598660074,-0.5043466479784757,1.9827632522357468
-0.9923573670117206,-0.2816035990969911,-0.3681885258305145,-0.9308730349576404,-0.30999105012746786,-0.4491320066712586,-0.21428302719290068,-0.13081947796827023,-0.8184786888086262,-0.8371787100618959,1.3217135414139385,0.4629942581898511,-0.44751634352722236,0.5216342804679068,-0.6456245288212396,-0.3303174598660074,1.9827632522357468,-0.5043466479784757
-1.1932917349873962,0.9267909768767559,-0.4261889851419151,-1.502823741033825,0.5192598608372906,-1.071625730921031,-0.4118622769421386,-0.1407690092263507,-0.8516368814065001,-0.8371787100618959,1.3217135414139385,1.3570378302320816,-0.44751634352722236,0.8669866228360602,1.5488878680395983,-0.3303174598660074,-0.5043466479784757,-0.5043466479784757
-0.8918901830238829,-0.2816035990969911,0.3963245104345034,0.6664433379356317,0.5538119821274888,2.136474210524705,1.3573700958124013,-0.15646826236839675,-0.6859750014431791,-0.8371787100618959,1.3217135414139385,0.4629942581898511,1.3285383899924177,1.2123389652042138,1.5488878680395983,-0.3303174598660074,-0.5043466479784757,-0.5043466479784757
-1.1215294607103692,0.20175423129250772,-0.20706559935997104,0.5277163649390278,-0.327267110772567,-0.5731844461746238,-0.6700624328644382,-0.10115926268516537,-0.8485155030871047,-0.8371787100618959,1.3217135414139385,0.4629942581898511,0.44051102323259766,0.8669866228360602,1.5488878680395983,-0.3303174598660074,-0.5043466479784757,-0.5043466479784757
1.6341418715274654,-0.5232825142917406,-0.4664441787538156,-1.3973564900997881,-0.2408868075470713,-0.32071169730672455,0.9173072213709167,-0.16224066063139642,1.861506479984277,1.1944880919464211,-1.3278610462577245,-1.3250928858946096,-1.3355437102870424,-1.5504797737410139,-0.6456245288212396,3.027390681696474,-0.5043466479784757,-0.5043466479784757
-0.4182591727955052,-0.5232825142917406,-0.5397382552141275,-0.9831966011286477,-0.6555122630294505,-0.8164772651648127,-0.5914797767141732,-0.16224066063139642,-0.09297351433346496,1.1944880919464211,0.43852201219005094,-0.43104931385237927,-1.3355437102870424,-0.5144227466365535,-0.6456245288212396,-0.3303174598660074,-0.5043466479784757,1.9827632522357468
0.8734617641909798,-0.5232825142917406,-0.4212419086023341,-0.979330327766258,-0.4309234746431618,-0.014960807024907041,0.22577984724858385,-0.16224066063139642,1.1371187897825965,1.1944880919464211,-1.3278610462577245,-1.3250928858946096,-0.44751634352722236,-1.2051274313728604,-0.6456245288212396,-0.3303174598660074,-0.5043466479784757,-0.5043466479784757
0.5720602122274666,-0.2816035990969911,-0.3712020105072799,0.6496595155872733,-0.4827516565784592,-0.45932370301398584,-0.528613651793961,-0.1300801560232555,-0.552639585871572,-0.8371787100618959,-0.4446695170338368,-0.43104931385237927,-0.44751634352722236,-0.5144227466365535,-0.6456245288212396,-0.3303174598660074,-0.5043466479784757,1.9827632522357468
-0.4756689922171267,-0.5232825142917406,-0.5046344421876905,-1.1339812622618464,-0.6727883236745497,-0.5790329498870364,-0.6543459016343852,-0.16224066063139642,-0.1476442834052899,1.1944880919464211,0.43852201219005094,-0.43104931385237927,-1.3355437102870424,-0.5144227466365535,-0.6456245288212396,-0.3303174598660074,-0.5043466479784757,1.9827632522357468
-0.7196607247590183,-0.0399246839022417,-0.3880279080003092,-1.4162192177162953,-0.27543892883726956,-0.7582060973747562,-0.465747526873749,-0.1407652336590208,-0.7406503871987629,-0.8371787100618959,0.43852201219005094,0.4629942581898511,-0.44751634352722236,0.1762819380997534,-0.6456245288212396,-0.3303174598660074,1.9827632522357468,-0.5043466479784757
-0.4182591727955052,-0.5232825142917406,-0.5366736945258915,-1.2051206921298172,-0.6382362023843514,-0.7957483912474014,-0.528613651793961,-0.16224066063139642,-0.09297351433346496,1.1944880919464211,0.43852201219005094,-0.43104931385237927,-1.3355437102870424,-0.5144227466365535,-0.6456245288212396,-0.3303174598660074,-0.5043466479784757,1.9827632522357468
-0.4900214470725321,-0.0399246839022417,-0.23787173084981053,-0.570020854467934,-0.27543892883726956,-0.41965094154427357,-0.465747526873749,-0.12719395689175567,-0.7421888970613862,-0.8371787100618959,0.43852201219005094,0.4629942581898511,0.44051102323259766,0.5216342804679068,-0.6456245288212396,-0.3303174598660074,1.9827632522357468,-0.5043466479784757
-0.6048410859157752,0.20175423129250772,0.8234804909362037,-0.19695521556165302,0.08735834470981221,1.169484580892892,-0.29286568334316576,-0.14731167514230267,-0.6705894717987525,-0.8371787100618959,0.43852201219005094,1.3570378302320816,1.3285383899924177,1.2123389652042138,1.5488878680395983,-0.3303174598660074,-0.5043466479784757,-0.5043466479784757
-0.7914229990360452,-0.0399246839022417,-0.3429861624563067,0.28880733509756706,-0.7073404449647479,-0.6566510666666767,-0.9896319012088497,0.09126382975200513,-0.8473320633648791,-0.8371787100618959,0.43852201219005094,0.4629942581898511,-0.44751634352722236,0.1762819380997534,-0.6456245288212396,-0.3303174598660074,1.9827632522357468,-0.5043466479784757
-0.8918901830238829,0.9267909768767559,3.6403517098320983,0.6135742975383027,1.745860166639329,2.8578495988066996,0.22577984724858385,-0.15752326304866382,-0.67046593127954,-0.8371787100618959,1.3217135414139385,1.3570378302320816,1.3285383899924177,1.557691307572367,1.5488878680395983,-0.3303174598660074,-0.5043466479784757,-0.5043466479784757
-0.7914229990360452,-0.0399246839022417,-0.15711326014172367,1.1803244868956646,-0.20633468625687304,-0.2375658808157746,-0.38192602698013284,-0.16160344783613023,-0.48250274397021764,-0.8371787100618959,0.43852201219005094,0.4629942581898511,0.44051102323259766,0.5216342804679068,-0.6456245288212396,-0.3303174598660074,1.9827632522357468,-0.5043466479784757
0.3567733893963858,-0.5232825142917406,-0.4777538670080201,-0.6421912905658752,-0.6209601417392523,-0.39721111295431394,-0.465747526873749,-0.16224066063139642,0.6450818681361719,1.1944880919464211,-0.4446695170338368,-1.3250928858946096,-1.3355437102870424,-1.2051274313728604,-0.6456245288212396,-0.3303174598660074,-0.5043466479784757,-0.5043466479784757
0.19889638598692652,-0.5232825142917406,-0.33189537139411907,0.032930334386684426,-0.41364741399806265,0.5893845765910501,0.28864597216879595,-0.16224066063139642,0.49473725318865325,1.1944880919464211,-0.4446695170338368,-1.3250928858946096,-0.44751634352722236,-0.8597750890047069,-0.6456245288212396,-0.3303174598660074,-0.5043466479784757,-0.5043466479784757
1.217920680720709,-0.5232825142917406,-0.355186032624713,0.7218299516852147,-0.5691319598039548,0.43184513481872383,-0.27714915211311275,-0.16224066063139642,1.4651434042135463,1.1944880919464211,-1.3278610462577245,-1.3250928858946096,-0.44751634352722236,-1.2051274313728604,-0.6456245288212396,-0.3303174598660074,-0.5043466479784757,-0.5043466479784757
0.41418320881800735,-0.5232825142917406,-0.4885819814397874,0.28880733509756706,-0.6900643843196488,-0.4704531341291674,-0.7172120265545973,-0.16224066063139642,0.6997526372079969,1.1944880919464211,-0.4446695170338368,-1.3250928858946096,-1.3355437102870424,-1.2051274313728604,-0.6456245288212396,-0.3303174598660074,-0.5043466479784757,-0.5043466479784757
-1.1358819155657744,-0.2816035990969911,-0.13795245926718122,0.28880733509756706,-0.46547559593336,0.32953333569778626,-0.49718058933385506,-0.14121263838761197,-0.8378627429370799,-0.8371787100618959,1.3217135414139385,0.4629942581898511,0.44051102323259766,0.8669866228360602,1.5488878680395983,-0.3303174598660074,-0.5043466479784757,-0.5043466479784757
-0.9923573670117206,-0.5232825142917406,-0.339009530134667,-0.0034829310990949916,-0.4481995352882609,0.541263976425631,0.16291372232837179,-0.16224066063139642,-0.6396812050517144,1.1944880919464211,1.3217135414139385,-0.43104931385237927,-0.44751634352722236,0.1762819380997534,-0.6456245288212396,-0.3303174598660074,1.9827632522357468,-0.5043466479784757
0.5720602122274666,-0.0399246839022417,0.020536404326092637,0.18285499274101497,-0.01629801916078258,0.16297847892010967,-0.1514169022726886,-0.15477418896512513,-0.031109223015347146,-0.8371787100618959,-0.4446695170338368,0.4629942581898511,0.44051102323259766,0.1762819380997534,-0.6456245288212396,-0.3303174598660074,1.9827632522357468,-0.5043466479784757
0.19889638598692652,-0.2816035990969911,-0.2988273022534388,-0.23835063292217787,-0.39637135335296353,-0.21455025017255347,-0.37144833949343087,-0.15331968149766967,-0.26299960614684054,-0.8371787100618959,-0.4446695170338368,0.4629942581898511,0.44051102323259766,0.1762819380997534,-0.6456245288212396,-0.3303174598660074,1.9827632522357468,-0.5043466479784757
0.4715930282396289,-0.0399246839022417,-0.12599337600999344,-0.052799395766021544,-0.10267832238627825,-0.16740028775406077,-0.2561937771397087,-0.14615103755092498,-0.3689666381995054,-0.8371787100618959,-0.4446695170338368,0.4629942581898511,0.44051102323259766,0.1762819380997534,-0.6456245288212396,-0.3303174598660074,1.9827632522357468,-0.5043466479784757
-0.11685762083199201,-0.5232825142917406,0.18285596877966145,0.20351500152727273,0.3464992543862992,4.071193786713951,3.0547554686581275,-0.16224066063139642,0.19404802329361603,1.1944880919464211,-0.4446695170338368,-0.43104931385237927,1.3285383899924177,0.1762819380997534,-0.6456245288212396,-0.3303174598660074,1.9827632522357468,-0.5043466479784757
0.772994580203142,-0.5232825142917406,-0.5917263383181318,0.7218299516852147,-0.7764446875451444,-1.1681278048351837,-1.0315426511556578,6.84009074654883,-0.8564644721137683,1.1944880919464211,-1.3278610462577245,-1.3250928858946096,-1.3355437102870424,-1.5504797737410139,-0.6456245288212396,3.027390681696474,-0.5043466479784757,-0.5043466479784757
-0.4900214470725321,-0.2816035990969911,-0.20029437955358287,-1.4153990991242733,1.348510771802049,0.1186910752806881,2.803290968977279,-0.15148587062885016,-0.5833225583202925,-0.8371787100618959,0.43852201219005094,-0.43104931385237927,0.44051102323259766,0.1762819380997534,-0.6456245288212396,-0.3303174598660074,1.9827632522357468,-0.5043466479784757
-1.078472096144153,0.20175423129250772,-0.07040808238384542,-0.5050674619797869,0.22556682987060528,-0.3420945178417684,-0.16713343350274162,-0.14318710057012696,-0.8216064725880714,-0.8371787100618959,1.3217135414139385,1.3570378302320816,0.44051102323259766,1.2123389652042138,1.5488878680395983,-0.3303174598660074,-0.5043466479784757,-0.5043466479784757
-0.10250516597658663,-0.5232825142917406,-0.37587181727030633,0.0317001564986513,-0.5173037778686574,0.29192523587619706,-0.08855077735247653,-0.16224066063139642,0.20771571556157226,1.1944880919464211,-0.4446695170338368,-0.43104931385237927,-0.44751634352722236,-0.5144227466365535,-0.6456245288212396,-0.3303174598660074,-0.5043466479784757,1.9827632522357468
-0.31779198880766746,0.20175423129250772,-0.20717504795597955,-0.11823392449482185,-0.4481995352882609,-0.5733695254060294,-0.7800781514748094,-0.11171499607341433,-0.753463008703736,-0.8371787100618959,0.43852201219005094,1.3570378302320816,0.44051102323259766,0.8669866228360602,1.5488878680395983,-0.3303174598660074,-0.5043466479784757,-0.5043466479784757
-0.5904886310603699,-0.2816035990969911,0.18154988220062754,0.31200497527190546,0.07008228406471309,1.410099920335415,0.4772443469294322,-0.1511531579937646,-0.6254360046597601,-0.8371787100618959,0.43852201219005094,0.4629942581898511,1.3285383899924177,0.8669866228360602,1.5488878680395983,-0.3303174598660074,-0.5043466479784757,-0.5043466479784757
-1.0354147315779367,6.727084941550742,5.346939887953143,-0.5467123211816513,4.682790476306182,0.05601886930842258,-0.45155195027886236,-0.15995522784022337,-0.7243728876561195,-0.8371787100618959,1.3217135414139385,1.3570378302320816,1.3285383899924177,1.557691307572367,1.5488878680395983,-0.3303174598660074,-0.5043466479784757,-0.5043466479784757
0.6868798510707097,-0.5232825142917406,-0.40286184104598505,0.5719375074817983,-0.5691319598039548,0.10936308201785307,-0.27714915211311275,-0.16224066063139642,0.9594387902991655,1.1944880919464211,-1.3278610462577245,-1.3250928858946096,-0.44751634352722236,-1.2051274313728604,-0.6456245288212396,-0.3303174598660074,-0.5043466479784757,-0.5043466479784757
-0.9349475475900991,0.4434331464872571,0.6040214627931673,-0.6975219582409635,0.8647810737392733,0.39026893627580145,0.11262082239220209,-0.15253207065134686,-0.743754986800423,-0.8371787100618959,1.3217135414139385,1.3570378302320816,1.3285383899924177,1.557691307572367,1.5488878680395983,-0.3303174598660074,-0.5043466479784757,-0.5043466479784757
0.3711258442517912,-0.2816035990969911,1.2497900689621058,1.4117793207815332,0.3810513756764975,5.022920549062527,1.0430394712113409,-0.1489797457028837,-0.3337548220446566,-0.8371787100618959,-0.4446695170338368,-0.43104931385237927,1.3285383899924177,0.1762819380997534,-0.6456245288212396,-0.3303174598660074,1.9827632522357468,-0.5043466479784757
-0.6909558150482076,0.4434331464872571,-0.2664232212618763,-0.44242897027213973,-0.10267832238627825,-0.7872791656182875,-0.5914797767141732,-0.14026907328692934,-0.7360543282062338,-0.8371787100618959,0.43852201219005094,1.3570378302320816,0.44051102323259766,0.8669866228360602,1.5488878680395983,-0.3303174598660074,-0.5043466479784757,-0.5043466479784757
0.9595764933234121,-0.2816035990969911,-0.2285175241776234,0.6677021246117587,-0.39637135335296353,0.023239546337179492,-0.37144833949343087,-0.13664132920418057,-0.4118011769579395,-0.8371787100618959,-1.3278610462577245,-0.43104931385237927,0.44051102323259766,-0.5144227466365535,-0.6456245288212396,-0.3303174598660074,-0.5043466479784757,1.9827632522357468
0.05537183743287264,0.4434331464872571,0.06810276415135626,0.6799245371767326,-0.27543892883726956,-0.3347283644318311,-0.7172120265545973,-0.1278948909665485,-0.6521906183139118,-0.8371787100618959,-0.4446695170338368,1.3570378302320816,0.44051102323259766,0.5216342804679068,-0.6456245288212396,-0.3303174598660074,1.9827632522357468,-0.5043466479784757
-0.8918901830238829,-0.2816035990969911,-0.08709534498859739,-0.13218687547375704,-0.30999105012746786,0.5015336347505924,-0.21428302719290068,-0.14181343902314866,-0.778054118742629,-0.8371787100618959,1.3217135414139385,0.4629942581898511,0.44051102323259766,0.8669866228360602,1.5488878680395983,-0.3303174598660074,-0.5043466479784757,-0.5043466479784757
1.4906173229734114,-0.5232825142917406,-0.5791397497771624,-1.1185161688122875,-0.7591686269000453,-1.0829913583886728,-0.9686765262354456,-0.16224066063139642,1.7248295573047148,1.1944880919464211,-1.3278610462577245,-1.3250928858946096,-1.3355437102870424,-1.5504797737410139,-0.6456245288212396,3.027390681696474,-0.5043466479784757,-0.5043466479784757
1.0169863127450336,-0.2816035990969911,-0.47855649004541523,-0.8270586384167556,-0.20633468625687304,-0.8223998005697872,-0.02568465243226445,-0.16224066063139642,1.2737957124621588,-0.8371787100618959,-1.3278610462577245,0.4629942581898511,-1.3355437102870424,-0.8597750890047069,-0.6456245288212396,-0.3303174598660074,-0.5043466479784757,-0.5043466479784757
0.8734617641909798,-0.0399246839022417,-0.4814386364069706,1.2089803953463183,-0.724616505609847,-0.96881803697055,-1.0105872761822539,-0.05943699632845017,-0.730993021480188,-0.8371787100618959,-1.3278610462577245,0.4629942581898511,-1.3355437102870424,-0.8597750890047069,-0.6456245288212396,-0.3303174598660074,-0.5043466479784757,-0.5043466479784757
-1.221996644698207,4.068616874408498,2.6346577474029043,-1.1687457698509374,4.803722900821876,-0.14728505431055366,-0.07597755236843416,-0.16022733935273623,-0.8583642813390142,-0.8371787100618959,1.3217135414139385,1.3570378302320816,1.3285383899924177,1.557691307572367,1.5488878680395983,-0.3303174598660074,-0.5043466479784757,-0.5043466479784757
1.1605108612990875,-0.5232825142917406,-0.5837074045172476,-1.3999808695942586,-0.7073404449647479,-1.1138872514179574,-0.7800781514748094,-0.16224066063139642,1.4104726351417212,1.1944880919464211,-1.3278610462577245,-1.3250928858946096,-1.3355437102870424,-1.5504797737410139,-0.6456245288212396,3.027390681696474,-0.5043466479784757,-0.5043466479784757
-0.5904886310603699,-0.5232825142917406,-0.41261006266380257,-0.37516067700349254,-0.5345798385137566,0.04342552117580166,-0.1514169022726886,-0.16224066063139642,-0.2569858215489398,1.1944880919464211,0.43852201219005094,-0.43104931385237927,-0.44751634352722236,-0.16907040426840003,-0.6456245288212396,-0.3303174598660074,-0.5043466479784757,1.9827632522357468
1.8781336040693568,-0.5232825142917406,-0.36670002492479986,-0.0900874544166246,-0.3790952927078644,0.3539637942433067,0.4143782220092201,-0.16224066063139642,2.0938572485395333,1.1944880919464211,-1.3278610462577245,-1.3250928858946096,-0.44751634352722236,-1.2051274313728604,-0.6456245288212396,-0.3303174598660074,-0.5043466479784757,-0.5043466479784757
-0.9923573670117206,0.20175423129250772,0.9477995028556456,-0.5144018086044417,2.7996998659903762,1.3797099105386386,2.1746297197751585,-0.1573607398575224,-0.72943918412486,-0.8371787100618959,1.3217135414139385,1.3570378302320816,1.3285383899924177,1.557691307572367,1.5488878680395983,-0.3303174598660074,-0.5043466479784757,-0.5043466479784757
0.41418320881800735,-0.2816035990969911,0.6271953788546855,1.5845442416559894,0.32922319374120007,2.917286471978053,0.9487402838310227,-0.15545036178184102,-0.06693981477545308,-0.8371787100618959,-0.4446695170338368,0.4629942581898511,1.3285383899924177,0.5216342804679068,-0.6456245288212396,-0.3303174598660074,1.9827632522357468,-0.5043466479784757
1.476264868118006,-0.5232825142917406,-0.5810003759093056,-0.7504469447127872,-0.7073404449647479,-1.095576746124244,-0.7800781514748094,-0.16224066063139642,1.7111618650367586,1.1944880919464211,-1.3278610462577245,-1.3250928858946096,-1.3355437102870424,-1.5504797737410139,-0.6456245288212396,3.027390681696474,-0.5043466479784757,-0.5043466479784757
-0.8918901830238829,-0.2816035990969911,-0.4521720818343164,-1.0401241433955581,-0.30999105012746786,-0.7331669338015022,-0.21428302719290068,-0.15172664950950418,-0.7326215124738169,-0.8371787100618959,1.3217135414139385,0.4629942581898511,-0.44751634352722236,0.5216342804679068,-0.6456245288212396,-0.3303174598660074,1.9827632522357468,-0.5043466479784757
-0.1455625305428028,-0.0399246839022417,-0.20156398326728067,-0.6763193442460881,0.20829076922550616,-0.33778834105773475,0.12100297238156366,-0.14097093698251098,-0.6042853866141867,-0.8371787100618959,-0.4446695170338368,0.4629942581898511,0.44051102323259766,0.1762819380997534,-0.6456245288212396,-0.3303174598660074,1.9827632522357468,-0.5043466479784757
-0.633545995626586,-0.5232825142917406,-0.4912525271823931,-0.2524709356369924,-0.6209601417392523,-0.4885168671143402,-0.465747526873749,-0.16224066063139642,-0.2979888983528085,1.1944880919464211,0.43852201219005094,-0.43104931385237927,-1.3355437102870424,-0.5144227466365535,-0.6456245288212396,-0.3303174598660074,-0.5043466479784757,1.9827632522357468
-0.7196607247590183,0.4434331464872571,0.8293834185475918,0.7439731536698105,0.6920204672882819,0.6951413171392146,-0.013111427448222078,-0.14870538194574207,-0.6951559560216545,-0.8371787100618959,0.43852201219005094,1.3570378302320816,1.3285383899924177,1.2123389652042138,1.5488878680395983,-0.3303174598660074,-0.5043466479784757,-0.5043466479784757
-0.2747346242414513,-0.0399246839022417,-0.18732836921311755,0.6052469395270019,-0.6036840810941531,-0.3056914894602191,-0.8638996513684255,-0.10791826983495323,-0.7552708310892872,-0.8371787100618959,-0.4446695170338368,0.4629942581898511,0.44051102323259766,0.1762819380997534,-0.6456245288212396,-0.3303174598660074,1.9827632522357468,-0.5043466479784757
-1.0354147315779367,1.1684698920715055,0.3419504479375152,-0.913252201209052,0.8993331950294715,-0.44347475149796517,-0.32429874580327184,-0.1566057004222777,-0.7598677598862427,-0.8371787100618959,1.3217135414139385,1.3570378302320816,1.3285383899924177,1.557691307572367,1.5488878680395983,-0.3303174598660074,-0.5043466479784757,-0.5043466479784757
2.3948219788639507,-0.5232825142917406,-0.5361264515458494,3.3199656512111004,-0.7591686269000453,-0.792046806619292,-0.9686765262354456,-0.16224066063139642,2.585894170185958,1.1944880919464211,-1.3278610462577245,-1.3250928858946096,-1.3355437102870424,-1.5504797737410139,-0.6456245288212396,3.027390681696474,-0.5043466479784757,-0.5043466479784757
0.08407674714368342,-0.5232825142917406,-0.40858235433069234,0.059560067492341905,-0.5000277172235583,0.07066918403868505,-0.02568465243226445,-0.16224066063139642,0.38539571504500336,1.1944880919464211,-0.4446695170338368,-0.43104931385237927,-0.44751634352722236,-0.5144227466365535,-0.6456245288212396,-0.3303174598660074,-0.5043466479784757,1.9827632522357468
1.5336746875396277,-0.5232825142917406,-0.5567027875954342,1.1007247411994063,-0.724616505609847,-0.9312263886361969,-0.8429442763950215,-0.16224066063139642,1.7658326341085835,1.1944880919464211,-1.3278610462577245,-1.3250928858946096,-1.3355437102870424,-1.5504797737410139,-0.6456245288212396,3.027390681696474,-0.5043466479784757,-0.5043466479784757
-0.31779198880766746,-0.0399246839022417,-0.4021905563238001,2.253446984430412,-0.36181923206276523,-0.7901384340999115,-0.5705244017407691,-0.11344486542466582,-0.7502112381751866,-0.8371787100618959,0.43852201219005094,0.4629942581898511,-0.44751634352722236,0.1762819380997534,-0.6456245288212396,-0.3303174598660074,1.9827632522357468,-0.5043466479784757
1.8063713297923298,-0.5232825142917406,-0.576221120550271,-1.2267718229591995,-0.7073404449647479,-1.063249573705424,-0.7800781514748094,-0.16224066063139642,2.025518787199752,1.1944880919464211,-1.3278610462577245,-1.3250928858946096,-1.3355437102870424,-1.5504797737410139,-0.6456245288212396,3.027390681696474,-0.5043466479784757,-0.5043466479784757
-0.10250516597658663,-0.2816035990969911,-0.4632555763234368,-0.7749221360851324,-0.39637135335296353,-0.7706516474688211,-0.37144833949343087,-0.14439870236394292,-0.557675051443977,-0.8371787100618959,-0.4446695170338368,0.4629942581898511,-0.44751634352722236,-0.16907040426840003,-0.6456245288212396,-0.3303174598660074,-0.5043466479784757,1.9827632522357468
-1.2076441898428014,-0.5232825142917406,-0.5005556578431096,-1.103051075362729,-0.6727883236745497,-0.551443805792196,-0.6543459016343852,-0.16224066063139642,-0.844696589071058,1.1944880919464211,1.3217135414139385,-0.43104931385237927,-1.3355437102870424,-0.16907040426840003,-0.6456245288212396,-0.3303174598660074,-0.5043466479784757,1.9827632522357468
-0.8775377281684775,-0.2816035990969911,-0.47442662968936383,-0.6518969699031847,-0.29271498948236874,-0.8084324879063887,-0.18284996473279463,-0.16173999343511583,-0.5522079745367946,-0.8371787100618959,1.3217135414139385,0.4629942581898511,-1.3355437102870424,0.1762819380997534,-0.6456245288212396,-0.3303174598660074,1.9827632522357468,-0.5043466479784757
2.3804695240085456,-0.5232825142917406,-0.540518988532321,-1.4134195025228409,-0.29271498948236874,-0.8217581925675816,0.7287088466102805,-0.16224066063139642,2.5722264779180013,1.1944880919464211,-1.3278610462577245,-1.3250928858946096,-1.3355437102870424,-1.5504797737410139,-0.6456245288212396,3.027390681696474,-0.5043466479784757,-0.5043466479784757
-1.221996644698207,2.618543383240002,2.45473884871118,-0.7622566524379049,3.2316013821178546,0.23501954152673224,-0.0481368399037688,-0.15828094194008394,-0.8583642813390142,-0.8371787100618959,1.3217135414139385,1.3570378302320816,1.3285383899924177,1.557691307572367,1.5488878680395983,-0.3303174598660074,-0.5043466479784757,-0.5043466479784757
-1.1789392801319907,-0.2816035990969911,-0.33668921989928835,-0.7799293356293929,-0.050850140450980845,-0.3426004010742768,0.25721290970868993,-0.1497457488633506,-0.8436288006126239,-0.8371787100618959,1.3217135414139385,0.4629942581898511,-0.44751634352722236,0.5216342804679068,-0.6456245288212396,-0.3303174598660074,1.9827632522357468,-0.5043466479784757
-0.20297234996442434,-0.0399246839022417,0.7055897598889902,0.42217830100656245,1.0548177408353636,1.707559261050268,1.1478163460783608,-0.1558531162401393,-0.3506412318576357,-0.8371787100618959,-0.4446695170338368,0.4629942581898511,1.3285383899924177,0.5216342804679068,-0.6456245288212396,-0.3303174598660074,1.9827632522357468,-0.5043466479784757
1.0169863127450336,-0.5232825142917406,-0.5856336998069959,1.31723604949323,-0.7418925662549462,-1.1269168293089016,-0.9058104013152335,-0.16224066063139642,1.2737957124621588,1.1944880919464211,-1.3278610462577245,-1.3250928858946096,-1.3355437102870424,-1.5504797737410139,-0.6456245288212396,3.027390681696474,-0.5043466479784757,-0.5043466479784757
-0.7340131796144237,-0.2816035990969911,-0.22993305935266575,1.371363876566686,-0.46547559593336,0.01845216355149164,-0.49718058933385506,-0.16224066063139642,-0.39366274422850217,-0.8371787100618959,0.43852201219005094,0.4629942581898511,0.44051102323259766,0.5216342804679068,-0.6456245288212396,-0.3303174598660074,1.9827632522357468,-0.5043466479784757
-0.6909558150482076,-0.5232825142917406,-0.38205931123131615,-1.4520606167243946,0.41560349696669574,0.2500726523477096,3.3062199683389757,-0.16224066063139642,-0.35265966742463345,1.1944880919464211,0.43852201219005094,-0.43104931385237927,-0.44751634352722236,-0.16907040426840003,-0.6456245288212396,-0.3303174598660074,-0.5043466479784757,1.9827632522357468
0.31371602483016964,-0.0399246839022417,0.07808447610732512,0.45437480614578546,-0.25816286819217044,0.29273135875076317,-0.44479215190034493,-0.14291187250832182,-0.46916572167648624,-0.8371787100618959,-0.4446695170338368,0.4629942581898511,0.44051102323259766,0.1762819380997534,-0.6456245288212396,-0.3303174598660074,1.9827632522357468,-0.5043466479784757
-0.33214444366307283,-0.0399246839022417,-0.05772663839300201,-0.5178034212911883,-0.033574079805881715,-0.013480173173663458,-0.17237227724609266,-0.15453038580867545,-0.45484193818983015,-0.8371787100618959,0.43852201219005094,0.4629942581898511,0.44051102323259766,0.5216342804679068,-0.6456245288212396,-0.3303174598660074,1.9827632522357468,-0.5043466479784757
2.409174433719356,-0.5232825142917406,-0.47636751812524664,0.9074110730799209,-0.6727883236745497,-0.3878337652297708,-0.6543459016343852,-0.16224066063139642,2.599561862453914,1.1944880919464211,-1.3278610462577245,-1.3250928858946096,-1.3355437102870424,-1.5504797737410139,-0.6456245288212396,3.027390681696474,-0.5043466479784757,-0.5043466479784757
-1.1071770058549637,2.8602222984347514,4.383361745267994,1.8811724803980736,0.7265725885784802,1.0062290698804037,-0.7255941765439589,-0.15256695059332015,-0.812424716173009,-0.8371787100618959,1.3217135414139385,1.3570378302320816,1.3285383899924177,1.557691307572367,1.5488878680395983,-0.3303174598660074,-0.5043466479784757,-0.5043466479784757
0.31371602483016964,-0.2816035990969911,-0.47986987319751645,0.28880733509756706,-0.6382362023843514,-0.8268417021235183,-0.8115112139349154,-0.0886425827781508,-0.7311953184980302,-0.8371787100618959,-0.4446695170338368,-0.43104931385237927,-1.3355437102870424,-0.8597750890047069,-0.6456245288212396,-0.3303174598660074,-0.5043466479784757,-0.5043466479784757
0.17019147627611575,-0.5232825142917406,-0.26584679198956523,0.33877148316537237,-0.3445431714176661,1.0361411639729727,0.5401104718496442,-0.16224066063139642,0.4674018686527408,1.1944880919464211,-0.4446695170338368,-1.3250928858946096,0.44051102323259766,-0.5144227466365535,-0.6456245288212396,-0.3303174598660074,-0.5043466479784757,1.9827632522357468
-0.4756689922171267,0.6851120616820066,1.442747943724968,1.5430797417652353,0.24284289051570443,1.063730308067813,-0.465747526873749,-0.15123762573639293,-0.5817945083874293,-0.8371787100618959,0.43852201219005094,1.3570378302320816,1.3285383899924177,1.2123389652042138,1.5488878680395983,-0.3303174598660074,-0.5043466479784757,-0.5043466479784757
0.08407674714368342,-0.2816035990969911,-0.4724273686689432,-0.8370514680303167,-0.6382362023843514,-0.8016709266523759,-0.8115112139349154,-0.09058962187479754,-0.7475341826513295,-0.8371787100618959,-0.4446695170338368,-0.43104931385237927,-1.3355437102870424,-0.8597750890047069,-0.6456245288212396,-0.3303174598660074,-0.5043466479784757,-0.5043466479784757
1.0887485870220606,-0.2816035990969911,-0.4139234458159037,0.7218299516852147,-0.6036840810941531,-0.6038088896645137,-0.7486450890147034,-0.09845565982525023,-0.6404931471666426,-0.8371787100618959,-1.3278610462577245,-0.43104931385237927,-0.44751634352722236,-0.8597750890047069,-0.6456245288212396,-0.3303174598660074,-0.5043466479784757,-0.5043466479784757
-0.4900214470725321,-0.2816035990969911,-0.11064868284961149,-0.05600697070370807,-0.39637135335296353,0.4218755335536832,-0.37144833949343087,-0.1282723170068215,-0.7391316501067118,-0.8371787100618959,0.43852201219005094,0.4629942581898511,0.44051102323259766,0.5216342804679068,-0.6456245288212396,-0.3303174598660074,1.9827632522357468,-0.5043466479784757
0.38547829910719655,-0.2816035990969911,-0.21306338242123304,-0.028742583733374537,-0.30999105012746786,0.07550592128608112,-0.21428302719290068,-0.14217944400801585,-0.4620012055682834,-0.8371787100618959,-0.4446695170338368,-0.43104931385237927,0.44051102323259766,-0.16907040426840003,-0.6456245288212396,-0.3303174598660074,-0.5043466479784757,1.9827632522357468
-0.9349475475900991,-0.5232825142917406,-0.2865909492196963,-0.5356011080212235,-0.3445431714176661,0.8958264293367811,0.5401104718496442,-0.16224066063139642,-0.5850104359798896,1.1944880919464211,1.3217135414139385,-0.43104931385237927,0.44051102323259766,0.5216342804679068,-0.6456245288212396,-0.3303174598660074,1.9827632522357468,-0.5043466479784757
-0.08815271112118124,-0.2816035990969911,-0.24721864094893045,0.08466810156338991,-0.30999105012746786,-0.04000819634177918,-0.21428302719290068,-0.14389268043829037,-0.5598974404306366,-0.8371787100618959,-0.4446695170338368,0.4629942581898511,0.44051102323259766,0.1762819380997534,-0.6456245288212396,-0.3303174598660074,1.9827632522357468,-0.5043466479784757
-0.3895542630846944,0.20175423129250772,-0.34145388211218863,-0.7937492063715519,-0.3445431714176661,-0.8004370651096728,-0.6857789640944912,-0.12099338623012688,-0.7432197006681873,-0.8371787100618959,0.43852201219005094,1.3570378302320816,-0.44751634352722236,0.5216342804679068,-0.6456245288212396,-0.3303174598660074,1.9827632522357468,-0.5043466479784757
-0.3895542630846944,-0.5232825142917406,-0.5622846659918641,-0.3607265897839043,-0.7418925662549462,-0.9689825518429105,-0.9058104013152335,-0.16224066063139642,-0.06563812979755249,1.1944880919464211,0.43852201219005094,-0.43104931385237927,-1.3355437102870424,-0.5144227466365535,-0.6456245288212396,-0.3303174598660074,-0.5043466479784757,1.9827632522357468
0.3711258442517912,-0.5232825142917406,-0.5297054672466882,0.7218299516852147,-0.6900643843196488,-0.7486148803161445,-0.7172120265545973,-0.16224066063139642,0.6587495604041281,1.1944880919464211,-0.4446695170338368,-1.3250928858946096,-1.3355437102870424,-1.2051274313728604,-0.6456245288212396,-0.3303174598660074,-0.5043466479784757,-0.5043466479784757
-1.221996644698207,-0.2816035990969911,-0.31197572692058484,0.45437480614578546,-0.5518558991588557,-0.25901862017157173,-0.6543459016343852,-0.0566624656157286,-0.8583642813390142,-0.8371787100618959,1.3217135414139385,-0.43104931385237927,-0.44751634352722236,0.1762819380997534,-0.6456245288212396,-0.3303174598660074,1.9827632522357468,-0.5043466479784757
-0.17426744025361357,0.4434331464872571,-0.21681382097778856,-1.4099736992078198,0.6574683459980836,-0.7201669685875828,-0.03825787741630682,-0.1487671500826012,-0.5169318166984345,-0.8371787100618959,-0.4446695170338368,1.3570378302320816,0.44051102323259766,0.5216342804679068,-0.6456245288212396,-0.3303174598660074,1.9827632522357468,-0.5043466479784757
-0.30343953395226203,-0.0399246839022417,0.07999617825093903,0.10387059259659269,-0.10267832238627825,0.29704164840660585,-0.2561937771397087,-0.13703686092076114,-0.6680290112371052,-0.8371787100618959,0.43852201219005094,0.4629942581898511,0.44051102323259766,0.5216342804679068,-0.6456245288212396,-0.3303174598660074,1.9827632522357468,-0.5043466479784757
-0.633545995626586,-0.5232825142917406,-0.5128139005960538,0.3369209591628607,-0.6382362023843514,-0.6343593014618414,-0.528613651793961,-0.16224066063139642,-0.2979888983528085,1.1944880919464211,0.43852201219005094,-0.43104931385237927,-1.3355437102870424,-0.5144227466365535,-0.6456245288212396,-0.3303174598660074,-0.5043466479784757,1.9827632522357468
-0.5904886310603699,-0.2816035990969911,-0.26837140627082634,0.13134456542933132,-0.41364741399806265,-0.11154748858770228,-0.40288140195353694,-0.14455041969614918,-0.6877028265337229,-0.8371787100618959,0.43852201219005094,0.4629942581898511,0.44051102323259766,0.5216342804679068,-0.6456245288212396,-0.3303174598660074,1.9827632522357468,-0.5043466479784757
-0.8918901830238829,-0.2816035990969911,-0.09040798916111917,-0.5680246509162887,-0.10267832238627825,0.4903301719428488,0.16291372232837179,-0.13511755947637008,-0.7938088419662567,-0.8371787100618959,1.3217135414139385,-0.43104931385237927,0.44051102323259766,0.5216342804679068,-0.6456245288212396,-0.3303174598660074,1.9827632522357468,-0.5043466479784757
-0.8488328184576668,-0.0399246839022417,0.16843064382575054,0.7516935804153971,-0.36181923206276523,0.49643367370742,-0.5705244017407691,-0.13845896880806877,-0.7774693222246065,-0.8371787100618959,1.3217135414139385,0.4629942581898511,1.3285383899924177,1.2123389652042138,1.5488878680395983,-0.3303174598660074,-0.5043466479784757,-0.5043466479784757
-0.28908707909685666,-0.2816035990969911,-0.31226758984327396,-0.40009228220096316,-0.5000277172235583,-0.2600057094057341,-0.5600467142540672,-0.14855575726639383,-0.5574546047944938,-0.8371787100618959,0.43852201219005094,0.4629942581898511,-0.44751634352722236,0.1762819380997534,-0.6456245288212396,-0.3303174598660074,1.9827632522357468,-0.5043466479784757
1.0600436773112498,-0.5232825142917406,-0.5661883325828315,-0.7215787702736107,-0.7418925662549462,-0.9953871888567558,-0.9058104013152335,-0.16224066063139642,1.3147987892660276,1.1944880919464211,-1.3278610462577245,-1.3250928858946096,-1.3355437102870424,-1.5504797737410139,-0.6456245288212396,3.027390681696474,-0.5043466479784757,-0.5043466479784757
0.31371602483016964,-0.5232825142917406,-0.5177390874164332,-1.108674745708023,-0.6036840810941531,-0.667673563114824,-0.40288140195353694,-0.16224066063139642,0.6040787913323031,1.1944880919464211,-0.4446695170338368,-1.3250928858946096,-1.3355437102870424,-1.2051274313728604,-0.6456245288212396,-0.3303174598660074,-0.5043466479784757,-0.5043466479784757
-0.4900214470725321,-0.0399246839022417,-0.362686909737824,-0.4753502235865169,-0.5691319598039548,-0.7010700822039868,-0.8219889014216175,-0.10047084529027957,-0.7873271036915475,-0.8371787100618959,0.43852201219005094,0.4629942581898511,-0.44751634352722236,0.1762819380997534,-0.6456245288212396,-0.3303174598660074,1.9827632522357468,-0.5043466479784757
-1.006709821867126,-0.5232825142917406,-0.4339890217507825,-1.086676270533784,-0.5000277172235583,-0.10118305162899663,-0.02568465243226445,-0.16224066063139642,-0.6533488973196707,1.1944880919464211,1.3217135414139385,-0.43104931385237927,-0.44751634352722236,0.1762819380997534,-0.6456245288212396,-0.3303174598660074,1.9827632522357468,-0.5043466479784757
-1.1215294607103692,-0.0399246839022417,0.4355144043785884,0.6330047995646715,0.3810513756764975,1.0986239124954553,0.33055672211560405,-0.14512694555853287,-0.8305647110279637,-0.8371787100618959,1.3217135414139385,0.4629942581898511,1.3285383899924177,1.2123389652042138,1.5488878680395983,-0.3303174598660074,-0.5043466479784757,-0.5043466479784757
-0.40390671794009975,-0.2816035990969911,-0.2016734318632891,-0.15223421883429628,-0.41364741399806265,0.11402707864927059,-0.40288140195353694,-0.14849156916430659,-0.5953055808051032,-0.8371787100618959,0.43852201219005094,0.4629942581898511,0.44051102323259766,0.5216342804679068,-0.6456245288212396,-0.3303174598660074,1.9827632522357468,-0.5043466479784757
0.7873470350585474,-0.2816035990969911,0.06400938666064104,-0.5863862632169039,0.22556682987060528,1.0125744085073445,0.7601419090703865,-0.1621405271921403,1.0281622570549453,-0.8371787100618959,-1.3278610462577245,0.4629942581898511,0.44051102323259766,-0.16907040426840003,-0.6456245288212396,-0.3303174598660074,-0.5043466479784757,1.9827632522357468
0.5290028476612504,0.6851120616820066,0.575426192942698,-1.0292250088224988,1.1930262259961568,0.08596084142458478,0.1105252848948618,-0.15584979112593253,0.013844757545331586,-0.8371787100618959,-0.4446695170338368,1.3570378302320816,1.3285383899924177,0.8669866228360602,1.5488878680395983,-0.3303174598660074,-0.5043466479784757,-0.5043466479784757
-0.4182591727955052,-0.5232825142917406,-0.2894730955812517,2.562176072182717,-0.6555122630294505,0.8763314169620724,-0.5914797767141732,-0.16224066063139642,-0.09297351433346496,1.1944880919464211,0.43852201219005094,-0.43104931385237927,0.44051102323259766,0.1762819380997534,-0.6456245288212396,-0.3303174598660074,1.9827632522357468,-0.5043466479784757
-1.078472096144153,0.20175423129250772,0.23033476972811848,-0.011215477823874578,0.1391865266451096,0.1664661942141505,-0.24571608965300673,-0.14771405589293662,-0.8138798112216095,-0.8371787100618959,1.3217135414139385,1.3570378302320816,1.3285383899924177,1.557691307572367,1.5488878680395983,-0.3303174598660074,-0.5043466479784757,-0.5043466479784757
2.3948219788639507,-0.5232825142917406,-0.546195722378625,-0.4906333747601985,-0.7073404449647479,-0.8601559637765008,-0.7800781514748094,-0.16224066063139642,2.585894170185958,1.1944880919464211,-1.3278610462577245,-1.3250928858946096,-1.3355437102870424,-1.5504797737410139,-0.6456245288212396,3.027390681696474,-0.5043466479784757,-0.5043466479784757
2.337412159442329,-0.5232825142917406,-0.5506101490842983,-1.2051206921298172,-0.6209601417392523,-0.8900154131099148,-0.465747526873749,-0.16224066063139642,2.531223401114133,1.1944880919464211,-1.3278610462577245,-1.3250928858946096,-1.3355437102870424,-1.5504797737410139,-0.6456245288212396,3.027390681696474,-0.5043466479784757,-0.5043466479784757
-0.7340131796144237,-0.2816035990969911,0.2928299180489319,-0.09079041320978626,0.3464992543862992,1.7864523680907014,0.9801733462911288,-0.149236488980635,-0.6956116692634433,-0.8371787100618959,0.43852201219005094,0.4629942581898511,1.3285383899924177,0.8669866228360602,1.5488878680395983,-0.3303174598660074,-0.5043466479784757,-0.5043466479784757
-0.3464968985184782,-0.5232825142917406,0.24722633637875274,0.35470208110003487,0.3983274363215966,4.506598847903006,3.2433538434187636,-0.16224066063139642,-0.02463505299368377,1.1944880919464211,0.43852201219005094,-0.43104931385237927,1.3285383899924177,0.5216342804679068,-0.6456245288212396,-0.3303174598660074,1.9827632522357468,-0.5043466479784757
-0.7196607247590183,-0.5232825142917406,-0.47215009889238846,-0.6133231161266989,-0.5864080204490539,-0.3593068863624761,-0.34001527703332485,-0.16224066063139642,-0.37999505196054595,1.1944880919464211,0.43852201219005094,-0.43104931385237927,-1.3355437102870424,-0.5144227466365535,-0.6456245288212396,-0.3303174598660074,-0.5043466479784757,1.9827632522357468
-1.0210622767225315,0.20175423129250772,0.2275036993780337,-0.46800696776733053,0.8993331950294715,0.1616788114284625,0.44581128446932616,-0.1507071090370783,-0.7860335387525792,-0.8371787100618959,1.3217135414139385,1.3570378302320816,1.3285383899924177,1.557691307572367,1.5488878680395983,-0.3303174598660074,-0.5043466479784757,-0.5043466479784757
0.3998307539626019,-0.5232825142917406,-0.41752065633804747,-0.8556095801697873,-0.4309234746431618,0.010209968446235285,0.22577984724858385,-0.16224066063139642,0.6860849449400406,1.1944880919464211,-0.4446695170338368,-1.3250928858946096,-0.44751634352722236,-0.8597750890047069,-0.6456245288212396,-0.3303174598660074,-0.5043466479784757,-0.5043466479784757
-1.0354147315779367,0.20175423129250772,-0.013677226786142561,-0.42662133578637235,-0.2408868075470713,-0.24616178289660579,-0.5914797767141732,-0.1253247993589748,-0.8300110899320838,-0.8371787100618959,1.3217135414139385,0.4629942581898511,0.44051102323259766,0.8669866228360602,1.5488878680395983,-0.3303174598660074,-0.5043466479784757,-0.5043466479784757
0.7586421253477367,-0.5232825142917406,-0.5880780517845174,1.58787518486051,-0.7764446875451444,-1.1434505739811227,-1.0315426511556578,6.84009074654883,-0.8564781398060364,1.1944880919464211,-1.3278610462577245,-1.3250928858946096,-1.3355437102870424,-1.5504797737410139,-0.6456245288212396,3.027390681696474,-0.5043466479784757,-0.5043466479784757
0.8734617641909798,-0.5232825142917406,-0.5146453404359282,-0.8370514680303167,-0.4481995352882609,-0.6467472713505802,0.16291372232837179,-0.16224066063139642,1.1371187897825965,1.1944880919464211,-1.3278610462577245,-1.3250928858946096,-1.3355437102870424,-1.5504797737410139,-0.6456245288212396,3.027390681696474,-0.5043466479784757,-0.5043466479784757
-1.1215294607103692,0.4434331464872571,0.10012012677035563,1.2180016998585608,-0.13723044367647652,-0.2914148888367831,-0.616626226682258,-0.14016869402089924,-0.8353044313074368,-0.8371787100618959,1.3217135414139385,1.3570378302320816,1.3285383899924177,1.557691307572367,1.5488878680395983,-0.3303174598660074,-0.5043466479784757,-0.5043466479784757
0.4715930282396289,-0.5232825142917406,-0.4395927898664142,1.5012706615429803,-0.6209601417392523,-0.13908727822083455,-0.465747526873749,-0.16224066063139642,0.7544234062798217,1.1944880919464211,-0.4446695170338368,-1.3250928858946096,-0.44751634352722236,-0.8597750890047069,-0.6456245288212396,-0.3303174598660074,-0.5043466479784757,-0.5043466479784757
-0.8344803636022614,0.20175423129250772,1.2091700466968436,0.3804082732218772,1.72858410599423,1.8216914537503006,1.200204783511871,-0.15568353541559266,-0.6676999742010248,-0.8371787100618959,0.43852201219005094,1.3570378302320816,1.3285383899924177,1.2123389652042138,1.5488878680395983,-0.3303174598660074,-0.5043466479784757,-0.5043466479784757
-0.24602971453064051,-0.0399246839022417,-0.34999087260084616,-0.7090273900826644,-0.39637135335296353,-0.6724444944132758,-0.6124351516875771,-0.14248706397814434,-0.6149491904716031,-0.8371787100618959,-0.4446695170338368,0.4629942581898511,-0.44751634352722236,-0.16907040426840003,-0.6456245288212396,-0.3303174598660074,-0.5043466479784757,1.9827632522357468
-0.9923573670117206,-0.5232825142917406,-0.5772791236450191,0.7218299516852147,-0.7591686269000453,-1.0704059706531015,-0.9686765262354456,-0.16224066063139642,-0.6396812050517144,1.1944880919464211,1.3217135414139385,-0.43104931385237927,-1.3355437102870424,-0.16907040426840003,-0.6456245288212396,-0.3303174598660074,-0.5043466479784757,1.9827632522357468
0.17019147627611575,-0.0399246839022417,0.4664445776105708,0.373382064899842,0.22556682987060528,1.1683617668890325,0.14195834735496785,-0.15434124486785836,-0.23505631529811452,-0.8371787100618959,-0.4446695170338368,0.4629942581898511,1.3285383899924177,0.5216342804679068,-0.6456245288212396,-0.3303174598660074,1.9827632522357468,-0.5043466479784757
-1.1358819155657744,-0.0399246839022417,0.28737937796771207,1.0236335935493328,0.15646258729020876,0.764625818629356,0.05813684746135158,-0.15016302734265868,-0.8282490271892802,-0.8371787100618959,1.3217135414139385,0.4629942581898511,1.3285383899924177,1.2123389652042138,1.5488878680395983,-0.3303174598660074,-0.5043466479784757,-0.5043466479784757
0.3567733893963858,-0.0399246839022417,0.05362636318597464,-0.03595962734316864,0.12191046600001049,0.23758597353555452,0.016226097514543677,-0.14427125980488972,-0.43647888225158954,-0.8371787100618959,-0.4446695170338368,0.4629942581898511,0.44051102323259766,0.1762819380997534,-0.6456245288212396,-0.3303174598660074,1.9827632522357468,-0.5043466479784757
0.3711258442517912,-0.2816035990969911,-0.26665671160002763,-0.5189463919986217,-0.3445431714176661,-0.105748339336998,-0.27714915211311275,-0.12298835244299876,-0.6284985477415684,-0.8371787100618959,-0.4446695170338368,-0.43104931385237927,0.44051102323259766,-0.16907040426840003,-0.6456245288212396,-0.3303174598660074,-0.5043466479784757,1.9827632522357468
0.27065866026395347,-0.5232825142917406,-0.5896468149939716,-1.2267718229591995,-0.7764446875451444,-1.1540617832483688,-1.0315426511556578,6.84009074654883,-0.8569428413431468,1.1944880919464211,-0.4446695170338368,-1.3250928858946096,-1.3355437102870424,-1.2051274313728604,-0.6456245288212396,-0.3303174598660074,-0.5043466479784757,-0.5043466479784757
-1.0928245509995584,1.6518277224610043,1.9117278810480227,-0.934896696439207,1.745860166639329,0.45859525306452614,-0.17027673974875226,-0.1600009896231827,-0.7651420394575729,-0.8371787100618959,1.3217135414139385,1.3570378302320816,1.3285383899924177,1.557691307572367,1.5488878680395983,-0.3303174598660074,-0.5043466479784757,-0.5043466479784757
-0.8344803636022614,-0.5232825142917406,-0.4958566647878144,-1.238800228975523,-0.2236107469019722,-0.5196595324521655,0.9801733462911288,-0.16224066063139642,-0.48933659010419583,1.1944880919464211,0.43852201219005094,-0.43104931385237927,-1.3355437102870424,-0.5144227466365535,-0.6456245288212396,-0.3303174598660074,-0.5043466479784757,1.9827632522357468
-1.2076441898428014,-0.5232825142917406,-0.38487578843526643,-0.2834011225361102,-0.5518558991588557,0.23102183012837432,-0.21428302719290068,-0.16224066063139642,-0.844696589071058,1.1944880919464211,1.3217135414139385,-0.43104931385237927,-0.44751634352722236,0.1762819380997534,-0.6456245288212396,-0.3303174598660074,1.9827632522357468,-0.5043466479784757
-1.1358819155657744,0.4434331464872571,0.2090798523832813,-0.3523346786097251,0.3464992543862992,-0.14401285349930512,-0.2645759271290704,-0.156600331748298,-0.8129236421104844,-0.8371787100618959,1.3217135414139385,1.3570378302320816,1.3285383899924177,1.557691307572367,1.5488878680395983,-0.3303174598660074,-0.5043466479784757,-0.5043466479784757
-0.5043739019279375,-0.0399246839022417,-0.10375342130108045,0.10941225108268435,-0.2236107469019722,-0.11725615465860856,-0.40288140195353694,-0.15110817826703993,-0.5943293170716778,-0.8371787100618959,0.43852201219005094,0.4629942581898511,0.44051102323259766,0.5216342804679068,-0.6456245288212396,-0.3303174598660074,1.9827632522357468,-0.5043466479784757
-0.5330788116387483,-0.2816035990969911,-0.4146093236842232,-1.0328137759459823,-0.01629801916078258,-0.6061285493647955,0.32007903462890197,-0.13196627399672803,-0.7350270263129771,-0.8371787100618959,0.43852201219005094,-0.43104931385237927,-0.44751634352722236,-0.16907040426840003,-0.6456245288212396,-0.3303174598660074,-0.5043466479784757,1.9827632522357468
-0.6909558150482076,-0.2816035990969911,-0.31760138475541816,0.04950536277281456,-0.5000277172235583,-0.2780447651600528,-0.5600467142540672,-0.13381388982035444,-0.7583347972680378,-0.8371787100618959,0.43852201219005094,0.4629942581898511,-0.44751634352722236,0.1762819380997534,-0.6456245288212396,-0.3303174598660074,1.9827632522357468,-0.5043466479784757
1.5910845069612491,-0.5232825142917406,-0.36589740188740466,0.5874436223993924,-0.29271498948236874,0.3593927850312003,0.7287088466102805,-0.16224066063139642,1.8205034031804084,1.1944880919464211,-1.3278610462577245,-1.3250928858946096,-0.44751634352722236,-1.2051274313728604,-0.6456245288212396,-0.3303174598660074,-0.5043466479784757,-0.5043466479784757
0.5720602122274666,-0.0399246839022417,-0.10255678331805497,0.090722521126622,-0.033574079805881715,-0.1145581107518978,-0.17237227724609266,-0.14334591600654661,-0.39607468992284744,-0.8371787100618959,-0.4446695170338368,0.4629942581898511,0.44051102323259766,0.1762819380997534,-0.6456245288212396,-0.3303174598660074,1.9827632522357468,-0.5043466479784757
-0.5761361762049644,0.9267909768767559,0.7448453229906804,0.12478361669315505,0.018254102129415688,0.05993811393586196,-0.6723076516115887,-0.1417518184451449,-0.7015878112065751,-0.8371787100618959,0.43852201219005094,1.3570378302320816,1.3285383899924177,1.2123389652042138,1.5488878680395983,-0.3303174598660074,-0.5043466479784757,-0.5043466479784757
1.3040354098531415,-0.5232825142917406,-0.5494791802588779,-1.0824309507633172,-0.6900643843196488,-0.8823654715451558,-0.7172120265545973,-0.16224066063139642,1.5471495578212837,1.1944880919464211,-1.3278610462577245,-1.3250928858946096,-1.3355437102870424,-1.5504797737410139,-0.6456245288212396,3.027390681696474,-0.5043466479784757,-0.5043466479784757
-1.221996644698207,5.518690365576995,3.1479278832440376,1.1548525682728623,0.7611247098686784,-0.2664179929307354,-0.8767952667366741,-0.1522211735500022,-0.8583642813390142,-0.8371787100618959,1.3217135414139385,1.3570378302320816,1.3285383899924177,1.557691307572367,1.5488878680395983,-0.3303174598660074,-0.5043466479784757,-0.5043466479784757
-0.8775377281684775,-0.5232825142917406,-0.5069693455692037,-0.0900874544166246,-0.5864080204490539,-0.5948263776336356,-0.34001527703332485,-0.16224066063139642,-0.5303396669080646,1.1944880919464211,1.3217135414139385,-0.43104931385237927,-1.3355437102870424,-0.16907040426840003,-0.6456245288212396,-0.3303174598660074,-0.5043466479784757,1.9827632522357468
2.36611706915314,-0.5232825142917406,-0.332785553308321,-1.294932790385033,0.0009780414843165532,0.5833633322626591,1.7974329702538858,-0.16224066063139642,2.558558785650045,1.1944880919464211,-1.3278610462577245,-1.3250928858946096,-0.44751634352722236,-1.2051274313728604,-0.6456245288212396,-0.3303174598660074,-0.5043466479784757,-0.5043466479784757
0.772994580203142,-0.5232825142917406,-0.46651714448448794,0.4743884564922733,-0.5518558991588557,-0.32120524192380573,-0.21428302719290068,-0.16224066063139642,1.041444943906903,1.1944880919464211,-1.3278610462577245,-1.3250928858946096,-1.3355437102870424,-1.5504797737410139,-0.6456245288212396,3.027390681696474,-0.5043466479784757,-0.5043466479784757
0.328068479685575,-0.5232825142917406,-0.43485001737271556,1.563818372827863,-0.4827516565784592,-0.10700687811055509,0.03718147248794763,-0.16224066063139642,0.6177464836002594,1.1944880919464211,-0.4446695170338368,-1.3250928858946096,-0.44751634352722236,-0.8597750890047069,-0.6456245288212396,-0.3303174598660074,-0.5043466479784757,-0.5043466479784757
-0.28908707909685666,-0.5232825142917406,-0.49431708787062917,0.19258008696697868,-0.6382362023843514,-0.5092457410317516,-0.528613651793961,-0.16224066063139642,0.030035716078141178,1.1944880919464211,0.43852201219005094,-0.43104931385237927,-1.3355437102870424,-0.5144227466365535,-0.6456245288212396,-0.3303174598660074,-0.5043466479784757,1.9827632522357468
-1.1932917349873962,0.4434331464872571,0.0040534457672230595,2.333636357872569,-0.46547559593336,-0.42137505740661063,-0.8555175013790638,-0.1201846161438275,-0.8544592264053125,-0.8371787100618959,1.3217135414139385,1.3570378302320816,0.44051102323259766,1.2123389652042138,1.5488878680395983,-0.3303174598660074,-0.5043466479784757,-0.5043466479784757
1.3757976841301682,-0.5232825142917406,-0.49147142437441,3.3199656512111004,-0.7764446875451444,-0.489997500965584,-1.0315426511556578,6.84009074654883,-0.8558904290385142,1.1944880919464211,-1.3278610462577245,-1.3250928858946096,-1.3355437102870424,-1.5504797737410139,-0.6456245288212396,3.027390681696474,-0.5043466479784757,-0.5043466479784757
0.8734617641909798,-0.5232825142917406,-0.45734535213898153,-1.2522437415820022,0.03553016277451482,-0.2591666835566961,1.92316522009431,-0.16224066063139642,1.1371187897825965,1.1944880919464211,-1.3278610462577245,-1.3250928858946096,-0.44751634352722236,-1.2051274313728604,-0.6456245288212396,-0.3303174598660074,-0.5043466479784757,-0.5043466479784757
-1.0354147315779367,0.20175423129250772,0.5121576078767585,-0.6782765086148459,1.4694431963177428,0.6430328764677791,0.9644568150610758,-0.15241048763125328,-0.7844061089652004,-0.8371787100618959,1.3217135414139385,1.3570378302320816,1.3285383899924177,1.557691307572367,1.5488878680395983,-0.3303174598660074,-0.5043466479784757,-0.5043466479784757
-0.8488328184576668,1.6518277224610043,2.438503973636596,1.4684904447732612,0.6056401640627862,0.8149097893663148,-0.585193164222152,-0.14802360156720254,-0.741017988845284,-0.8371787100618959,1.3217135414139385,1.3570378302320816,1.3285383899924177,1.557691307572367,1.5488878680395983,-0.3303174598660074,-0.5043466479784757,-0.5043466479784757
-0.07380025626577585,-0.2816035990969911,-0.03862421010299741,-0.5117809909191303,-0.08540226174117911,0.6654644793141204,0.19434678478847783,-0.1487226463318207,-0.4850029315802097,-0.8371787100618959,-0.4446695170338368,0.4629942581898511,0.44051102323259766,0.1762819380997534,-0.6456245288212396,-0.3303174598660074,1.9827632522357468,-0.5043466479784757
-0.6048410859157752,-0.2816035990969911,-0.4252988032277132,-1.2267718229591995,0.03553016277451482,-0.642280692565995,0.4143782220092201,-0.1600949440759082,-0.40839822495489253,-0.8371787100618959,0.43852201219005094,0.4629942581898511,-0.44751634352722236,0.1762819380997534,-0.6456245288212396,-0.3303174598660074,1.9827632522357468,-0.5043466479784757
-0.2747346242414513,-0.2816035990969911,-0.5261739258821495,-1.4183010572191206,-0.39637135335296353,-0.9834434091233901,-0.37144833949343087,-0.16224066063139642,0.043703408346097414,-0.8371787100618959,-0.4446695170338368,0.4629942581898511,-1.3355437102870424,-0.5144227466365535,-0.6456245288212396,-0.3303174598660074,-0.5043466479784757,1.9827632522357468
-0.9062426378792884,0.4434331464872571,-0.2028116972617768,-0.604995758115398,-0.15450650432157564,-0.7012247261840054,-0.6291994516663004,-0.15836707758648874,-0.6647000315761089,-0.8371787100618959,1.3217135414139385,1.3570378302320816,0.44051102323259766,1.2123389652042138,1.5488878680395983,-0.3303174598660074,-0.5043466479784757,-0.5043466479784757
-0.9349475475900991,1.410148807266255,0.39528110048588966,0.568998439948398,0.24284289051570443,-0.49213619430626915,-0.6753012766077892,-0.14313186264002087,-0.7850041439263419,-0.8371787100618959,1.3217135414139385,1.3570378302320816,1.3285383899924177,1.557691307572367,1.5488878680395983,-0.3303174598660074,-0.5043466479784757,-0.5043466479784757
2.3087072497315186,-0.2816035990969911,-0.3548430936905532,0.7624258219903066,-0.5173037778686574,-0.4039973514391807,-0.5914797767141732,-0.15943692433222517,1.5432445028875819,-0.8371787100618959,-1.3278610462577245,-0.43104931385237927,-0.44751634352722236,-0.8597750890047069,-0.6456245288212396,-0.3303174598660074,-0.5043466479784757,-0.5043466479784757
-1.1932917349873962,-0.0399246839022417,-0.4365136360320437,-0.853476463831917,-0.327267110772567,-0.867526230058247,-0.528613651793961,-0.12043494974196778,-0.8544392004825756,-0.8371787100618959,1.3217135414139385,0.4629942581898511,-0.44751634352722236,0.5216342804679068,-0.6456245288212396,-0.3303174598660074,1.9827632522357468,-0.5043466479784757
-0.3464968985184782,-0.2816035990969911,-0.2513047218665785,-0.18751754314884533,-0.36181923206276523,-0.05382744562005332,-0.3085822145732188,-0.13251138780397703,-0.6992975206678657,-0.8371787100618959,0.43852201219005094,-0.43104931385237927,0.44051102323259766,0.1762819380997534,-0.6456245288212396,-0.3303174598660074,1.9827632522357468,-0.5043466479784757
-1.15023437042118,0.4434331464872571,0.36379638770079786,-0.05451773948263918,0.03553016277451482,0.06528954771249958,-0.49089397684183383,-0.14263482346690173,-0.8403667476273925,-0.8371787100618959,1.3217135414139385,1.3570378302320816,1.3285383899924177,1.557691307572367,1.5488878680395983,-0.3303174598660074,-0.5043466479784757,-0.5043466479784757
0.48594548309503427,1.1684698920715055,0.3964631453227806,0.5156287056910968,-0.3790952927078644,-0.3973838535702925,-0.9058104013152335,-0.13967400261367652,-0.4729037577820288,-0.8371787100618959,-0.4446695170338368,1.3570378302320816,1.3285383899924177,0.8669866228360602,1.5488878680395983,-0.3303174598660074,-0.5043466479784757,-0.5043466479784757
-0.33214444366307283,-0.0399246839022417,-0.08174695693031875,-0.30030482932981406,-0.15450650432157564,-0.06763846915470946,-0.3190599020599208,-0.13737418988279418,-0.6720256914659355,-0.8371787100618959,0.43852201219005094,0.4629942581898511,0.44051102323259766,0.5216342804679068,-0.6456245288212396,-0.3303174598660074,1.9827632522357468,-0.5043466479784757
-0.20297234996442434,-0.0399246839022417,0.31453065600817665,0.08248479425286434,0.41560349696669574,0.8258434477833874,0.372467472062412,-0.15581543161246228,-0.3520654199347223,-0.8371787100618959,-0.4446695170338368,0.4629942581898511,1.3285383899924177,0.5216342804679068,-0.6456245288212396,-0.3303174598660074,1.9827632522357468,-0.5043466479784757
-0.3464968985184782,-0.5232825142917406,-0.47669586391327196,0.2055337549845582,-0.5691319598039548,-0.3900547160066362,-0.27714915211311275,-0.16224066063139642,-0.02463505299368377,1.1944880919464211,0.43852201219005094,-0.43104931385237927,-1.3355437102870424,-0.5144227466365535,-0.6456245288212396,-0.3303174598660074,-0.5043466479784757,1.9827632522357468
2.36611706915314,-0.5232825142917406,-0.42902005549199984,-1.4108064350089498,0.41560349696669574,-0.06757266320576535,3.3062199683389757,-0.16224066063139642,2.558558785650045,1.1944880919464211,-1.3278610462577245,-1.3250928858946096,-0.44751634352722236,-1.2051274313728604,-0.6456245288212396,-0.3303174598660074,-0.5043466479784757,-0.5043466479784757
0.7586421253477367,-0.5232825142917406,-0.5069401592769347,-0.8298344244205226,-0.5864080204490539,-0.594628959786803,-0.34001527703332485,-0.16224066063139642,1.0277772516389465,1.1944880919464211,-1.3278610462577245,-1.3250928858946096,-1.3355437102870424,-1.5504797737410139,-0.6456245288212396,3.027390681696474,-0.5043466479784757,-0.5043466479784757
1.1318059515882768,0.20175423129250772,0.2548147723686706,-0.5623792788810932,0.5365359214823897,0.20786224897183797,0.11576412863821273,-0.15696630521711386,0.4206846154204609,-0.8371787100618959,-1.3278610462577245,1.3570378302320816,1.3285383899924177,0.5216342804679068,-0.6456245288212396,-0.3303174598660074,1.9827632522357468,-0.5043466479784757
0.12713411170989958,-0.2816035990969911,-0.42527691350851154,-1.3654743798349305,0.31194713309610095,-0.6422066608734329,0.9173072213709167,-0.14833323851249136,-0.42783197489839275,-0.8371787100618959,-0.4446695170338368,-0.43104931385237927,-0.44751634352722236,-0.5144227466365535,-0.6456245288212396,-0.3303174598660074,-0.5043466479784757,1.9827632522357468
-1.2076441898428014,0.9267909768767559,1.036547721072348,0.49606602337883393,0.8129528918039758,0.3418084953883351,-0.25918740213590924,-0.14773857632533816,-0.8539107636337251,-0.8371787100618959,1.3217135414139385,1.3570378302320816,1.3285383899924177,1.557691307572367,1.5488878680395983,-0.3303174598660074,-0.5043466479784757,-0.5043466479784757
1.6054369618166546,-0.2816035990969911,0.1622139635724716,-0.2930668059420844,0.2773950118059027,1.344705258572153,0.8544410964507047,-0.15745650742249306,0.7419161784497109,-0.8371787100618959,-1.3278610462577245,-0.43104931385237927,1.3285383899924177,-0.16907040426840003,-0.6456245288212396,-0.3303174598660074,-0.5043466479784757,1.9827632522357468
0.8304043996247635,-0.0399246839022417,-0.42138784006367863,-1.0982182336597417,-0.27543892883726956,-0.8334222970179346,-0.465747526873749,-0.13804712966274119,-0.41931442754299975,-0.8371787100618959,-1.3278610462577245,0.4629942581898511,-0.44751634352722236,-0.5144227466365535,-0.6456245288212396,-0.3303174598660074,-0.5043466479784757,1.9827632522357468
0.6725273962153043,-0.2816035990969911,-0.49128171347466204,-1.3159235381390093,-0.5173037778686574,-0.86543689117927,-0.5914797767141732,-0.11624186197311791,-0.6198009253892327,-0.8371787100618959,-1.3278610462577245,-0.43104931385237927,-1.3355437102870424,-1.2051274313728604,-0.6456245288212396,-0.3303174598660074,-0.5043466479784757,-0.5043466479784757
1.1748633161544928,-0.5232825142917406,-0.5256193863290402,1.0929921944746268,-0.6727883236745497,-0.7209763817595961,-0.6543459016343852,-0.16224066063139642,1.4241403274096776,1.1944880919464211,-1.3278610462577245,-1.3250928858946096,-1.3355437102870424,-1.5504797737410139,-0.6456245288212396,3.027390681696474,-0.5043466479784757,-0.5043466479784757
-0.33214444366307283,0.20175423129250772,-0.40597018117262457,1.9126421473012456,-0.6036840810941531,-0.9095351027154772,-0.9215269325452866,-0.10998921141956837,-0.7581345380406684,-0.8371787100618959,0.43852201219005094,1.3570378302320816,-0.44751634352722236,0.5216342804679068,-0.6456245288212396,-0.3303174598660074,1.9827632522357468,-0.5043466479784757
0.15583902142071035,-0.0399246839022417,0.3888017436021905,0.1183046798161809,0.46743167890199316,0.9933014912103226,0.435333596982624,-0.14990776994833296,-0.38287906042075687,-0.8371787100618959,-0.4446695170338368,0.4629942581898511,1.3285383899924177,0.5216342804679068,-0.6456245288212396,-0.3303174598660074,1.9827632522357468,-0.5043466479784757
-1.1358819155657744,-0.5232825142917406,-0.17632513702773678,0.1463656849042621,-0.13723044367647652,1.6416710546699245,1.2945039708921893,-0.16224066063139642,-0.7763581277312769,1.1944880919464211,1.3217135414139385,-0.43104931385237927,0.44051102323259766,0.5216342804679068,-0.6456245288212396,-0.3303174598660074,1.9827632522357468,-0.5043466479784757
2.2082400657436807,-0.5232825142917406,-0.5291144448282427,-0.7720980755421696,-0.6209601417392523,-0.7446171689177866,-0.465747526873749,-0.16224066063139642,2.4082141707025264,1.1944880919464211,-1.3278610462577245,-1.3250928858946096,-1.3355437102870424,-1.5504797737410139,-0.6456245288212396,3.027390681696474,-0.5043466479784757,-0.5043466479784757
-0.5904886310603699,-0.0399246839022417,0.7201391265850442,0.6916190714581695,0.43287955761179486,1.7403635265989337,0.39342284703581615,-0.15300482341059699,-0.5988862656935506,-0.8371787100618959,0.43852201219005094,0.4629942581898511,1.3285383899924177,0.8669866228360602,1.5488878680395983,-0.3303174598660074,-0.5043466479784757,-0.5043466479784757
-0.030742891699559686,-0.2816035990969911,-0.030109109333541502,0.6380191226682507,-0.36181923206276523,0.69426280772081,-0.3085822145732188,-0.15499767519187066,-0.3004535641716203,-0.8371787100618959,-0.4446695170338368,0.4629942581898511,0.44051102323259766,0.1762819380997534,-0.6456245288212396,-0.3303174598660074,1.9827632522357468,-0.5043466479784757
0.17019147627611575,-0.5232825142917406,-0.4360685450749427,-0.1608699975126823,-0.5691319598039548,-0.11524907321581145,-0.27714915211311275,-0.16224066063139642,0.4674018686527408,1.1944880919464211,-0.4446695170338368,-1.3250928858946096,-0.44751634352722236,-0.8597750890047069,-0.6456245288212396,-0.3303174598660074,-0.5043466479784757,-0.5043466479784757
-0.5904886310603699,1.410148807266255,-0.009831932779713068,0.35958987819362476,-0.01629801916078258,-0.7966038685836753,-0.7800781514748094,-0.1465727224889688,-0.6724836664948094,-0.8371787100618959,0.43852201219005094,1.3570378302320816,0.44051102323259766,0.8669866228360602,1.5488878680395983,-0.3303174598660074,-0.5043466479784757,-0.5043466479784757
-1.2076441898428014,-0.5232825142917406,-0.3525008937359728,1.7231947525441498,-0.5173037778686574,0.45000757672731284,-0.08855077735247653,-0.16224066063139642,-0.844696589071058,1.1944880919464211,1.3217135414139385,-0.43104931385237927,-0.44751634352722236,0.1762819380997534,-0.6456245288212396,-0.3303174598660074,1.9827632522357468,-0.5043466479784757
-0.30343953395226203,0.20175423129250772,0.18106830837819038,-0.8356982723534803,1.106645922770661,0.08315586285083985,0.6344096592299624,-0.15430555789789285,-0.44809160724248714,-0.8371787100618959,0.43852201219005094,1.3570378302320816,1.3285383899924177,1.2123389652042138,1.5488878680395983,-0.3303174598660074,-0.5043466479784757,-0.5043466479784757
-0.9493000024455045,-0.0399246839022417,-0.21775507890346102,1.1154868758558034,-0.5173037778686574,-0.3742941912345091,-0.7591227765014055,-0.13453707577053753,-0.8059276542725283,-0.8371787100618959,1.3217135414139385,0.4629942581898511,0.44051102323259766,0.8669866228360602,1.5488878680395983,-0.3303174598660074,-0.5043466479784757,-0.5043466479784757
-1.1932917349873962,1.1684698920715055,0.4222419379692996,0.39448547366955194,0.31194713309610095,-0.3755876894184429,-0.5914797767141732,-0.14138153816467047,-0.8514890179557394,-0.8371787100618959,1.3217135414139385,1.3570378302320816,1.3285383899924177,1.557691307572367,1.5488878680395983,-0.3303174598660074,-0.5043466479784757,-0.5043466479784757
-0.2747346242414513,-0.5232825142917406,-0.4868016176113837,-1.41144323297452,-0.20633468625687304,-0.4584106454723855,1.0430394712113409,-0.16224066063139642,0.043703408346097414,1.1944880919464211,-0.4446695170338368,-0.43104931385237927,-1.3355437102870424,-0.8597750890047069,-0.6456245288212396,-0.3303174598660074,-0.5043466479784757,-0.5043466479784757
-0.9923573670117206,-0.0399246839022417,0.21111559626903809,0.8046136872093242,0.22556682987060528,0.5926748740382581,0.14195834735496785,-0.14288651080502765,-0.800222352326121,-0.8371787100618959,1.3217135414139385,0.4629942581898511,1.3285383899924177,1.2123389652042138,1.5488878680395983,-0.3303174598660074,-0.5043466479784757,-0.5043466479784757
-0.820127908746856,0.20175423129250772,0.26223538717804207,0.6263102568497041,0.24284289051570443,0.22041062086112817,-0.1514169022726886,-0.1446650002485318,-0.7492553847658828,-0.8371787100618959,0.43852201219005094,1.3570378302320816,1.3285383899924177,1.2123389652042138,1.5488878680395983,-0.3303174598660074,-0.5043466479784757,-0.5043466479784757
-0.4182591727955052,-0.0399246839022417,-0.3450656857804668,-0.6996138549394546,-0.4827516565784592,-0.6613397405289483,-0.7172120265545973,-0.11062642421483457,-0.7668501678926986,-0.8371787100618959,0.43852201219005094,0.4629942581898511,-0.44751634352722236,0.1762819380997534,-0.6456245288212396,-0.3303174598660074,1.9827632522357468,-0.5043466479784757
-0.5043739019279375,-0.0399246839022417,-0.2960327147686902,-0.04498093185541117,-0.4309234746431618,-0.5507857463027543,-0.6543459016343852,-0.1204893700893896,-0.7601277431630789,-0.8371787100618959,0.43852201219005094,0.4629942581898511,0.44051102323259766,0.5216342804679068,-0.6456245288212396,-0.3303174598660074,1.9827632522357468,-0.5043466479784757
1.0169863127450336,-0.2816035990969911,-0.1153476759049068,0.4993044403832285,-0.30999105012746786,0.4059833968836677,-0.21428302719290068,-0.15402971861239487,0.12355150527994695,-0.8371787100618959,-1.3278610462577245,-0.43104931385237927,0.44051102323259766,-0.5144227466365535,-0.6456245288212396,-0.3303174598660074,-0.5043466479784757,1.9827632522357468
-0.7340131796144237,-0.5232825142917406,-0.40929741849128076,2.2964576483675696,-0.6036840810941531,0.06583244679128898,-0.40288140195353694,-0.16224066063139642,-0.39366274422850217,1.1944880919464211,0.43852201219005094,-0.43104931385237927,-0.44751634352722236,-0.16907040426840003,-0.6456245288212396,-0.3303174598660074,-0.5043466479784757,1.9827632522357468
-0.10250516597658663,-0.5232825142917406,-0.3032636186783138,-0.3687455271281201,-0.327267110772567,0.7830514843337216,0.6029765967698564,-0.16224066063139642,0.20771571556157226,1.1944880919464211,-0.4446695170338368,-0.43104931385237927,0.44051102323259766,-0.16907040426840003,-0.6456245288212396,-0.3303174598660074,-0.5043466479784757,1.9827632522357468
0.7299372156369258,-0.0399246839022417,-0.42089896966817436,-1.5837228987949632,0.8820571343843724,-0.8323200473731197,0.9382625963443209,-0.16001041584796474,0.5517645209273674,-0.8371787100618959,-1.3278610462577245,0.4629942581898511,-0.44751634352722236,-0.5144227466365535,-0.6456245288212396,-0.3303174598660074,-0.5043466479784757,1.9827632522357468
-0.8918901830238829,-0.2816035990969911,-0.17154588166870197,0.49785273620884507,-0.29271498948236874,0.2159193648456889,-0.18284996473279463,-0.10891960422751439,-0.8218414854030649,-0.8371787100618959,1.3217135414139385,-0.43104931385237927,0.44051102323259766,0.5216342804679068,-0.6456245288212396,-0.3303174598660074,1.9827632522357468,-0.5043466479784757
0.772994580203142,-0.5232825142917406,-0.5637950566167805,1.1548525682728623,-0.724616505609847,-0.9791989254164917,-0.8429442763950215,-0.16224066063139642,1.041444943906903,1.1944880919464211,-1.3278610462577245,-1.3250928858946096,-1.3355437102870424,-1.5504797737410139,-0.6456245288212396,3.027390681696474,-0.5043466479784757,-0.5043466479784757
1.476264868118006,-0.5232825142917406,-0.49195299819684707,-0.7696923943389049,-0.5000277172235583,-0.49325489543831985,-0.02568465243226445,-0.16224066063139642,1.7111618650367586,1.1944880919464211,-1.3278610462577245,-1.3250928858946096,-1.3355437102870424,-1.5504797737410139,-0.6456245288212396,3.027390681696474,-0.5043466479784757,-0.5043466479784757
-0.2747346242414513,-0.5232825142917406,-0.3721724547252213,0.6306672955614991,-0.46547559593336,0.31694794796221504,0.1000475974081597,-0.16224066063139642,0.043703408346097414,1.1944880919464211,-0.4446695170338368,-0.43104931385237927,-0.44751634352722236,-0.5144227466365535,-0.6456245288212396,-0.3303174598660074,-0.5043466479784757,1.9827632522357468
-0.375201808229289,-0.5232825142917406,-0.5193224437720217,0.07229602680374327,-0.6727883236745497,-0.6783834813054864,-0.6543459016343852,-0.16224066063139642,-0.05197043752959625,1.1944880919464211,0.43852201219005094,-0.43104931385237927,-1.3355437102870424,-0.5144227466365535,-0.6456245288212396,-0.3303174598660074,-0.5043466479784757,1.9827632522357468
-1.0497671864333422,-0.0399246839022417,-0.03616526497934134,1.4015747567937313,-0.29271498948236874,0.035133971608837085,-0.48670290184715304,-0.12268795212523041,-0.8336742565968998,-0.8371787100618959,1.3217135414139385,0.4629942581898511,0.44051102323259766,0.8669866228360602,1.5488878680395983,-0.3303174598660074,-0.5043466479784757,-0.5043466479784757
-0.016390436844154296,-0.5232825142917406,-0.3493414775978628,0.07229602680374327,-0.5345798385137566,0.4713780586469297,-0.1514169022726886,-0.16224066063139642,0.2897218691693097,1.1944880919464211,-0.4446695170338368,-0.43104931385237927,-0.44751634352722236,-0.5144227466365535,-0.6456245288212396,-0.3303174598660074,-0.5043466479784757,1.9827632522357468
0.2563062054085481,0.20175423129250772,-0.23509173651119641,-0.4864428333093505,-0.29271498948236874,-0.6205770680298484,-0.6386293704043322,-0.13794161270524546,-0.5431913775480832,-0.8371787100618959,-0.4446695170338368,1.3570378302320816,0.44051102323259766,0.5216342804679068,-0.6456245288212396,-0.3303174598660074,1.9827632522357468,-0.5043466479784757
-0.016390436844154296,-0.2816035990969911,-0.36801340807690097,-1.1257332124220818,-0.18905862561177392,-0.4485397531307611,0.005748410027841591,-0.15554992628110137,-0.2709713671254532,-0.8371787100618959,-0.4446695170338368,0.4629942581898511,-0.44751634352722236,-0.16907040426840003,-0.6456245288212396,-0.3303174598660074,-0.5043466479784757,1.9827632522357468
-1.1932917349873962,1.8935066376557537,1.79336287275144,0.4189223040241438,1.6422038027687342,0.23119681412897597,-0.2885793566440604,-0.15661964341325113,-0.8431942421997813,-0.8371787100618959,1.3217135414139385,1.3570378302320816,1.3285383899924177,1.557691307572367,1.5488878680395983,-0.3303174598660074,-0.5043466479784757,-0.5043466479784757
-0.9493000024455045,0.6851120616820066,-0.2036143202991719,-0.690648583374493,-0.25816286819217044,-0.7922853531842146,-0.7696004639881073,-0.13044218797006382,-0.8114606149216667,-0.8371787100618959,1.3217135414139385,1.3570378302320816,0.44051102323259766,1.2123389652042138,1.5488878680395983,-0.3303174598660074,-0.5043466479784757,-0.5043466479784757
-0.6478984504819914,-0.5232825142917406,-0.40172357564749733,0.31973752199668465,-0.5518558991588557,0.11706237804432015,-0.21428302719290068,-0.16224066063139642,-0.3116565906207648,1.1944880919464211,0.43852201219005094,-0.43104931385237927,-0.44751634352722236,-0.16907040426840003,-0.6456245288212396,-0.3303174598660074,-0.5043466479784757,1.9827632522357468
-0.8344803636022614,-0.5232825142917406,-0.5264511956587041,-1.4090971352066302,-0.46547559593336,-0.7266027903943221,0.1000475974081597,-0.16224066063139642,-0.48933659010419583,1.1944880919464211,0.43852201219005094,-0.43104931385237927,-1.3355437102870424,-0.5144227466365535,-0.6456245288212396,-0.3303174598660074,-0.5043466479784757,1.9827632522357468
0.31371602483016964,-0.5232825142917406,-0.5094209941197926,-0.6253515221430224,-0.6382362023843514,-0.6114094767675646,-0.528613651793961,-0.16224066063139642,0.6040787913323031,1.1944880919464211,-0.4446695170338368,-1.3250928858946096,-1.3355437102870424,-1.2051274313728604,-0.6456245288212396,-0.3303174598660074,-0.5043466479784757,-0.5043466479784757
-0.24602971453064051,0.20175423129250772,-0.022681197951102756,-1.0447368376420993,1.624927742123635,-0.26138763433356155,1.105905596131553,-0.15671406504168384,-0.33869804629069966,-0.8371787100618959,-0.4446695170338368,1.3570378302320816,0.44051102323259766,0.5216342804679068,-0.6456245288212396,-0.3303174598660074,1.9827632522357468,-0.5043466479784757
-0.8488328184576668,0.9267909768767559,1.115934436043796,0.011108048372880031,1.3139586505118508,0.41851943015753085,0.0012579725335406325,-0.15093362190663642,-0.7223745610639859,-0.8371787100618959,1.3217135414139385,1.3570378302320816,1.3285383899924177,1.557691307572367,1.5488878680395983,-0.3303174598660074,-0.5043466479784757,-0.5043466479784757
0.5577077573720612,-0.2816035990969911,-0.2569595659936807,0.07229602680374327,-0.5173037778686574,-0.0729522995319507,-0.5914797767141732,-0.11235064707261369,-0.6495853298835669,-0.8371787100618959,-0.4446695170338368,-0.43104931385237927,0.44051102323259766,-0.16907040426840003,-0.6456245288212396,-0.3303174598660074,-0.5043466479784757,1.9827632522357468
-0.30343953395226203,-0.2816035990969911,0.07689513469736685,-0.033750328278946064,-0.050850140450980845,1.0561543981956163,0.25721290970868993,-0.15961215785092336,-0.22219533213959664,-0.8371787100618959,0.43852201219005094,0.4629942581898511,0.44051102323259766,0.5216342804679068,-0.6456245288212396,-0.3303174598660074,1.9827632522357468,-0.5043466479784757
-0.28908707909685666,-0.5232825142917406,-0.4595854000706207,-0.5772378980777282,-0.4481995352882609,-0.2743185033010896,0.16291372232837179,-0.16224066063139642,0.030035716078141178,1.1944880919464211,0.43852201219005094,-0.43104931385237927,-0.44751634352722236,-0.16907040426840003,-0.6456245288212396,-0.3303174598660074,-0.5043466479784757,1.9827632522357468
1.1174534967328713,-0.2816035990969911,-0.4403151506000698,0.5955316885138173,-0.5864080204490539,-0.693066433663653,-0.7172120265545973,-0.10680314744323738,-0.6083012993344681,-0.8371787100618959,-1.3278610462577245,-0.43104931385237927,-0.44751634352722236,-0.8597750890047069,-0.6456245288212396,-0.3303174598660074,-0.5043466479784757,-0.5043466479784757
-0.4469640825063159,-0.2816035990969911,-0.49092418139436783,-0.7150178215374342,-0.6036840810941531,-0.864227706867421,-0.7486450890147034,-0.1061659346479712,-0.7763581277312769,-0.8371787100618959,0.43852201219005094,0.4629942581898511,-1.3355437102870424,-0.16907040426840003,-0.6456245288212396,-0.3303174598660074,-0.5043466479784757,1.9827632522357468
-1.0210622767225315,0.4434331464872571,0.382497504472105,0.3906950095887783,0.43287955761179486,0.09058864478408321,-0.2017098022088583,-0.1493323697490733,-0.7910258950432298,-0.8371787100618959,1.3217135414139385,1.3570378302320816,1.3285383899924177,1.557691307572367,1.5488878680395983,-0.3303174598660074,-0.5043466479784757,-0.5043466479784757
0.18454393113152112,-0.0399246839022417,-0.4090566315800622,0.5053186433913909,-0.6727883236745497,-0.8056192835890258,-0.9477211512620416,-0.03782486235567169,-0.7869278097518296,-0.8371787100618959,-0.4446695170338368,0.4629942581898511,-0.44751634352722236,-0.16907040426840003,-0.6456245288212396,-0.3303174598660074,-0.5043466479784757,1.9827632522357468
2.265649885165302,-0.5232825142917406,-0.5166008220179454,1.371363876566686,-0.724616505609847,-0.659974267088357,-0.8429442763950215,-0.16224066063139642,2.4628849397743515,1.1944880919464211,-1.3278610462577245,-1.3250928858946096,-1.3355437102870424,-1.5504797737410139,-0.6456245288212396,3.027390681696474,-0.5043466479784757,-0.5043466479784757
-1.1789392801319907,2.135185552850503,0.9137682860700912,1.2124353630318578,0.2601189511608036,-0.3873854622025887,-0.7748393077314585,-0.14369982381429616,-0.8471156496494573,-0.8371787100618959,1.3217135414139385,1.3570378302320816,1.3285383899924177,1.557691307572367,1.5488878680395983,-0.3303174598660074,-0.5043466479784757,-0.5043466479784757
-0.3895542630846944,-0.5232825142917406,-0.5305883525878229,-1.0102605146653758,-0.4481995352882609,-0.7545867701828272,0.16291372232837179,-0.16224066063139642,-0.06563812979755249,1.1944880919464211,0.43852201219005094,-0.43104931385237927,-1.3355437102870424,-0.5144227466365535,-0.6456245288212396,-0.3303174598660074,-0.5043466479784757,1.9827632522357468
-0.40390671794009975,0.20175423129250772,0.9791674704716619,-0.4604357449192179,2.0568292582511134,1.4327536182594434,1.4988188768828785,-0.15649732415952577,-0.43016507975285023,-0.8371787100618959,0.43852201219005094,1.3570378302320816,1.3285383899924177,1.2123389652042138,1.5488878680395983,-0.3303174598660074,-0.5043466479784757,-0.5043466479784757
-0.5904886310603699,0.20175423129250772,-0.2137565568626198,-0.18030049953905122,-0.30999105012746786,-0.584498956521211,-0.6543459016343852,-0.11245017118059641,-0.7841516203436434,-0.8371787100618959,0.43852201219005094,0.4629942581898511,0.44051102323259766,0.5216342804679068,-0.6456245288212396,-0.3303174598660074,1.9827632522357468,-0.5043466479784757
-0.5187263567833429,-0.5232825142917406,0.23415087744227892,0.2793937999543575,0.3983274363215966,4.41815565252205,3.2433538434187636,-0.16224066063139642,-0.18864736020915862,1.1944880919464211,0.43852201219005094,-0.43104931385237927,1.3285383899924177,0.5216342804679068,-0.6456245288212396,-0.3303174598660074,1.9827632522357468,-0.5043466479784757
-0.9349475475900991,-0.5232825142917406,-0.4472541915870043,0.43314820729344944,-0.5864080204490539,-0.19090946301436293,-0.34001527703332485,-0.16224066063139642,-0.5850104359798896,1.1944880919464211,1.3217135414139385,-0.43104931385237927,-0.44751634352722236,0.1762819380997534,-0.6456245288212396,-0.3303174598660074,1.9827632522357468,-0.5043466479784757
-0.9493000024455045,-0.5232825142917406,-0.22363611679564738,0.1264238538771992,-0.17178256496667477,1.3216567249544602,1.168771721051765,-0.16224066063139642,-0.5986781282478457,1.1944880919464211,1.3217135414139385,-0.43104931385237927,0.44051102323259766,0.5216342804679068,-0.6456245288212396,-0.3303174598660074,1.9827632522357468,-0.5043466479784757
-0.5904886310603699,1.410148807266255,0.42401500522463603,-0.8675825557436393,2.1777616827668074,-0.4705408753944264,0.10703272239929436,-0.1570161057220611,-0.5138079224141971,-0.8371787100618959,0.43852201219005094,1.3570378302320816,1.3285383899924177,1.2123389652042138,1.5488878680395983,-0.3303174598660074,-0.5043466479784757,-0.5043466479784757
0.5720602122274666,-0.2816035990969911,-0.1330783484582724,-0.20069649234933898,-0.033574079805881715,0.34601772590829927,0.28864597216879595,-0.14339332217585626,-0.39522711864471405,-0.8371787100618959,-0.4446695170338368,-0.43104931385237927,0.44051102323259766,-0.16907040426840003,-0.6456245288212396,-0.3303174598660074,-0.5043466479784757,1.9827632522357468
1.3327403195639522,-0.5232825142917406,-0.5315296105134953,0.5053186433913909,-0.6900643843196488,-0.7609534957431751,-0.7172120265545973,-0.16224066063139642,1.574484942357196,1.1944880919464211,-1.3278610462577245,-1.3250928858946096,-1.3355437102870424,-1.5504797737410139,-0.6456245288212396,3.027390681696474,-0.5043466479784757,-0.5043466479784757
0.08407674714368342,-0.5232825142917406,-0.1817318976705532,0.1399558106455632,-0.2408868075470713,1.6050993985442061,0.9173072213709167,-0.16224066063139642,0.38539571504500336,1.1944880919464211,-0.4446695170338368,-0.43104931385237927,0.44051102323259766,-0.16907040426840003,-0.6456245288212396,-0.3303174598660074,-0.5043466479784757,1.9827632522357468
1.2322731355761145,-0.5232825142917406,-0.45487181386919107,0.7218299516852147,-0.6036840810941531,-0.24243552103764257,-0.40288140195353694,-0.16224066063139642,1.4788110964815024,1.1944880919464211,-1.3278610462577245,-1.3250928858946096,-0.44751634352722236,-1.2051274313728604,-0.6456245288212396,-0.3303174598660074,-0.5043466479784757,-0.5043466479784757
-1.0497671864333422,0.9267909768767559,-0.06444678218791963,-1.0205705769650817,-0.08540226174117911,-0.7220762811919484,-0.726192901543199,-0.1364643753003058,-0.8232995811757058,-0.8371787100618959,1.3217135414139385,1.3570378302320816,0.44051102323259766,1.2123389652042138,1.5488878680395983,-0.3303174598660074,-0.5043466479784757,-0.5043466479784757
-1.1071770058549637,-0.2816035990969911,-0.0015795086406774894,1.8157818251697984,-0.5000277172235583,0.7907507803601888,-0.5600467142540672,-0.11278586757657,-0.8447908490177336,-0.8371787100618959,1.3217135414139385,0.4629942581898511,0.44051102323259766,0.8669866228360602,1.5488878680395983,-0.3303174598660074,-0.5043466479784757,-0.5043466479784757
-0.28908707909685666,-0.0399246839022417,-0.27023932897603686,-1.2444462154729812,-0.30999105012746786,-0.4926297389233503,-0.507658276820557,-0.14340305737133952,-0.6174422481411416,-0.8371787100618959,0.43852201219005094,0.4629942581898511,0.44051102323259766,0.5216342804679068,-0.6456245288212396,-0.3303174598660074,1.9827632522357468,-0.5043466479784757
1.6341418715274654,-0.5232825142917406,-0.5195194512448369,-0.817806018404199,-0.4827516565784592,-0.6797160517716059,0.03718147248794763,-0.16224066063139642,1.861506479984277,1.1944880919464211,-1.3278610462577245,-1.3250928858946096,-1.3355437102870424,-1.5504797737410139,-0.6456245288212396,3.027390681696474,-0.5043466479784757,-0.5043466479784757
-0.43261162765091055,-0.5232825142917406,-0.3883051777768639,-0.7336071762899342,-0.4827516565784592,0.20782523312555692,0.03718147248794763,-0.16224066063139642,-0.10664120660142119,1.1944880919464211,0.43852201219005094,-0.43104931385237927,-0.44751634352722236,-0.16907040426840003,-0.6456245288212396,-0.3303174598660074,-0.5043466479784757,1.9827632522357468
0.8304043996247635,-0.2816035990969911,-0.42734184368653727,-1.1185161688122875,-0.2408868075470713,-0.6491903172051323,-0.08855077735247653,-0.15501891561837952,0.10429004422047054,-0.8371787100618959,-1.3278610462577245,0.4629942581898511,-0.44751634352722236,-0.5144227466365535,-0.6456245288212396,-0.3303174598660074,-0.5043466479784757,1.9827632522357468
0.3711258442517912,-0.5232825142917406,-0.4105086496204407,1.2089803953463183,-0.5173037778686574,0.05763960614774084,-0.08855077735247653,-0.16224066063139642,0.6587495604041281,1.1944880919464211,-0.4446695170338368,-1.3250928858946096,-0.44751634352722236,-0.8597750890047069,-0.6456245288212396,-0.3303174598660074,-0.5043466479784757,-0.5043466479784757
-0.820127908746856,1.410148807266255,1.1454636672468703,0.29952571669627104,0.2946710724510018,0.07167272476008348,-0.6543459016343852,-0.1471705780233509,-0.7368736834016254,-0.8371787100618959,0.43852201219005094,1.3570378302320816,1.3285383899924177,1.2123389652042138,1.5488878680395983,-0.3303174598660074,-0.5043466479784757,-0.5043466479784757
1.5336746875396277,-0.5232825142917406,-0.2787909126108289,1.815212058569025,-0.4481995352882609,0.9485863489027638,0.16291372232837179,-0.16224066063139642,1.7658326341085835,1.1944880919464211,-1.3278610462577245,-1.3250928858946096,0.44051102323259766,-0.8597750890047069,-0.6456245288212396,-0.3303174598660074,-0.5043466479784757,-0.5043466479784757
0.11278165685449419,-0.2816035990969911,-0.3982577034405638,1.1239223813737447,-0.6727883236745497,-0.5508268750208446,-0.8743773388551275,-0.12485750997577962,-0.6576650106674464,-0.8371787100618959,-0.4446695170338368,0.4629942581898511,-0.44751634352722236,-0.16907040426840003,-0.6456245288212396,-0.3303174598660074,-0.5043466479784757,1.9827632522357468
2.1221253366112487,-0.5232825142917406,-0.39840363490190833,0.27437324787797884,-0.5345798385137566,0.13951865812151557,-0.1514169022726886,-0.16224066063139642,2.326208017094789,1.1944880919464211,-1.3278610462577245,-1.3250928858946096,-0.44751634352722236,-1.2051274313728604,-0.6456245288212396,-0.3303174598660074,-0.5043466479784757,-0.5043466479784757
0.5577077573720612,-0.5232825142917406,-0.2896482133348651,1.3880185925892878,-0.3445431714176661,0.8751469098810779,0.5401104718496442,-0.16224066063139642,0.8364295598875592,1.1944880919464211,-0.4446695170338368,-1.3250928858946096,0.44051102323259766,-0.5144227466365535,-0.6456245288212396,-0.3303174598660074,-0.5043466479784757,1.9827632522357468
-0.8488328184576668,0.4434331464872571,-0.29213634475079014,-0.5297110255254253,-0.2236107469019722,-0.8220641902301721,-0.6794923516024701,-0.1252663881860754,-0.8017332058064466,-0.8371787100618959,1.3217135414139385,1.3570378302320816,0.44051102323259766,1.2123389652042138,1.5488878680395983,-0.3303174598660074,-0.5043466479784757,-0.5043466479784757
1.0600436773112498,-0.5232825142917406,-0.42198615905519143,0.22114755125574712,-0.5173037778686574,-0.019994962119135564,-0.08855077735247653,-0.16224066063139642,1.3147987892660276,1.1944880919464211,-1.3278610462577245,-1.3250928858946096,-0.44751634352722236,-1.2051274313728604,-0.6456245288212396,-0.3303174598660074,-0.5043466479784757,-0.5043466479784757
-1.006709821867126,-0.2816035990969911,-0.05215935314270655,-0.7788173920064607,0.5538119821274888,0.6196882160798372,1.3573700958124013,-0.15873599025743235,-0.7216873586594519,-0.8371787100618959,1.3217135414139385,0.4629942581898511,0.44051102323259766,0.8669866228360602,1.5488878680395983,-0.3303174598660074,-0.5043466479784757,-0.5043466479784757
0.8591093093355744,-0.5232825142917406,-0.58975626358998,-0.5772378980777282,-0.7764446875451444,-1.1548021001739908,-1.0315426511556578,6.84009074654883,-0.8563824659601605,1.1944880919464211,-1.3278610462577245,-1.3250928858946096,-1.3355437102870424,-1.5504797737410139,-0.6456245288212396,3.027390681696474,-0.5043466479784757,-0.5043466479784757
-0.633545995626586,0.20175423129250772,-0.14478205165810726,1.6420030119339657,-0.41364741399806265,-0.4678620248894911,-0.7486450890147034,-0.1195751082527033,-0.779292908279611,-0.8371787100618959,0.43852201219005094,1.3570378302320816,0.44051102323259766,0.8669866228360602,1.5488878680395983,-0.3303174598660074,-0.5043466479784757,-0.5043466479784757
0.8160519447693582,-0.5232825142917406,-0.49216459881579666,-0.16827209352272754,-0.6382362023843514,-0.49468617482785554,-0.528613651793961,-0.16224066063139642,1.0824480207107716,1.1944880919464211,-1.3278610462577245,-1.3250928858946096,-1.3355437102870424,-1.5504797737410139,-0.6456245288212396,3.027390681696474,-0.5043466479784757,-0.5043466479784757
-1.1215294607103692,3.826937959213749,3.4621985818226437,0.12281533207230197,1.6767559240589325,0.2049470887269989,-0.6212584674658526,-0.156143315891563,-0.8071987454730867,-0.8371787100618959,1.3217135414139385,1.3570378302320816,1.3285383899924177,1.557691307572367,1.5488878680395983,-0.3303174598660074,-0.5043466479784757,-0.5043466479784757
1.504969777828817,-0.5232825142917406,-0.4927848075265111,0.5774890794893323,-0.6900643843196488,-0.4988813040730459,-0.7172120265545973,-0.16224066063139642,1.738497249572671,1.1944880919464211,-1.3278610462577245,-1.3250928858946096,-1.3355437102870424,-1.5504797737410139,-0.6456245288212396,3.027390681696474,-0.5043466479784757,-0.5043466479784757
1.2753305001423305,-0.5232825142917406,-0.3329679676350017,0.18055168095065516,-0.3445431714176661,0.582129470719956,0.5401104718496442,-0.16224066063139642,1.5198141732853712,1.1944880919464211,-1.3278610462577245,-1.3250928858946096,-0.44751634352722236,-1.2051274313728604,-0.6456245288212396,-0.3303174598660074,-0.5043466479784757,-0.5043466479784757
-0.5904886310603699,-0.0399246839022417,-0.27695217619788726,2.280711371400746,-0.7418925662549462,-0.5077651071805079,-1.0315426511556578,0.13039931559460402,-0.844296948946264,-0.8371787100618959,0.43852201219005094,0.4629942581898511,0.44051102323259766,0.5216342804679068,-0.6456245288212396,-0.3303174598660074,1.9827632522357468,-0.5043466479784757
-0.9493000024455045,1.6518277224610043,1.2281776195369745,-0.6232325283370378,1.3312347111569498,-0.0037622796633340738,-0.32115543955726117,-0.15439165927303936,-0.735858774229667,-0.8371787100618959,1.3217135414139385,1.3570378302320816,1.3285383899924177,1.557691307572367,1.5488878680395983,-0.3303174598660074,-0.5043466479784757,-0.5043466479784757
2.17953515603287,-0.5232825142917406,-0.3032344323860449,1.0780259750073118,-0.25816286819217044,0.7832489021805543,0.8544410964507047,-0.16224066063139642,2.380878786166614,1.1944880919464211,-1.3278610462577245,-1.3250928858946096,0.44051102323259766,-0.8597750890047069,-0.6456245288212396,-0.3303174598660074,-0.5043466479784757,-0.5043466479784757
-0.6478984504819914,-0.5232825142917406,-0.48799095902134193,-1.0182794520095915,-0.3445431714176661,-0.4664554227308096,0.5401104718496442,-0.16224066063139642,-0.3116565906207648,1.1944880919464211,0.43852201219005094,-0.43104931385237927,-1.3355437102870424,-0.5144227466365535,-0.6456245288212396,-0.3303174598660074,-0.5043466479784757,1.9827632522357468
-0.7770705441806398,-0.5232825142917406,-0.4985709899688235,-1.4814910091872275,-0.20633468625687304,-0.5380193922075869,1.0430394712113409,-0.16224066063139642,-0.4346658210323709,1.1944880919464211,0.43852201219005094,-0.43104931385237927,-1.3355437102870424,-0.5144227466365535,-0.6456245288212396,-0.3303174598660074,-0.5043466479784757,1.9827632522357468
-0.4182591727955052,1.410148807266255,1.5649582460279805,1.1179654564894694,0.8993331950294715,0.38694902615156845,-0.40986652694467157,-0.15256358571821202,-0.5368521723147397,-0.8371787100618959,0.43852201219005094,1.3570378302320816,1.3285383899924177,1.2123389652042138,1.5488878680395983,-0.3303174598660074,-0.5043466479784757,-0.5043466479784757
-1.0354147315779367,2.135185552850503,1.5359543680857466,0.2793349653597124,0.9166092556745706,-0.03667677017648087,-0.5757632454841202,-0.15205727879006686,-0.7859255123188462,-0.8371787100618959,1.3217135414139385,1.3570378302320816,1.3285383899924177,1.557691307572367,1.5488878680395983,-0.3303174598660074,-0.5043466479784757,-0.5043466479784757
-0.8775377281684775,-0.5232825142917406,-0.5087278196784057,-1.2007904659639406,-0.3790952927078644,-0.606720802905293,0.4143782220092201,-0.16224066063139642,-0.5303396669080646,1.1944880919464211,1.3217135414139385,-0.43104931385237927,-1.3355437102870424,-0.16907040426840003,-0.6456245288212396,-0.3303174598660074,-0.5043466479784757,1.9827632522357468
0.28501111511935884,-0.5232825142917406,-0.08694211695418556,-0.2083667802438062,0.1391865266451096,2.2462632105944227,2.3003619696155826,-0.16224066063139642,0.5767434067963907,1.1944880919464211,-0.4446695170338368,-1.3250928858946096,0.44051102323259766,-0.5144227466365535,-0.6456245288212396,-0.3303174598660074,-0.5043466479784757,1.9827632522357468
0.6868798510707097,-0.0399246839022417,-0.11647864473032721,0.9892850972246439,-0.5345798385137566,-0.1459475483982635,-0.7800781514748094,-0.11010868881868077,-0.6429209543300448,-0.8371787100618959,-1.3278610462577245,0.4629942581898511,0.44051102323259766,-0.16907040426840003,-0.6456245288212396,-0.3303174598660074,-0.5043466479784757,1.9827632522357468
-0.9923573670117206,2.3768644680452526,4.628657938642086,-0.06109040419870181,2.9724604724413677,1.479765641284957,-0.04019221972154411,-0.1586654264243995,-0.7135474885976468,-0.8371787100618959,1.3217135414139385,1.3570378302320816,1.3285383899924177,1.557691307572367,1.5488878680395983,-0.3303174598660074,-0.5043466479784757,-0.5043466479784757
-1.0354147315779367,5.0353325351874965,7.72680475270658,0.8083399285799082,2.315970167927601,1.1053854737494682,-0.6229128391742792,-0.15875899684632053,-0.7396511822689441,-0.8371787100618959,1.3217135414139385,1.3570378302320816,1.3285383899924177,1.557691307572367,1.5488878680395983,-0.3303174598660074,-0.5043466479784757,-0.5043466479784757
-0.9062426378792884,-0.5232825142917406,-0.2894293161428483,0.372618164114531,-0.25816286819217044,0.8766275437323217,0.8544410964507047,-0.16224066063139642,-0.557675051443977,1.1944880919464211,1.3217135414139385,-0.43104931385237927,0.44051102323259766,0.5216342804679068,-0.6456245288212396,-0.3303174598660074,1.9827632522357468,-0.5043466479784757
-0.1312100756873974,1.1684698920715055,0.36259245314470523,-0.68549355222464,0.8647810737392733,-0.4260217799764303,-0.34001527703332485,-0.1527808999472007,-0.41626882348138483,-0.8371787100618959,-0.4446695170338368,1.3570378302320816,1.3285383899924177,0.8669866228360602,1.5488878680395983,-0.3303174598660074,-0.5043466479784757,-0.5043466479784757
-0.11685762083199201,-0.0399246839022417,-0.3299617795313035,-0.2434496311247497,-0.3790952927078644,-0.627285161950344,-0.5914797767141732,-0.13237477396631125,-0.6583189672352912,-0.8371787100618959,-0.4446695170338368,0.4629942581898511,-0.44751634352722236,-0.16907040426840003,-0.6456245288212396,-0.3303174598660074,-0.5043466479784757,1.9827632522357468
2.3087072497315186,-0.5232825142917406,-0.04670151648841949,0.04405542137411414,0.0009780414843165532,2.518453066914717,1.7974329702538858,-0.16224066063139642,2.5038880165782205,1.1944880919464211,-1.3278610462577245,-1.3250928858946096,0.44051102323259766,-0.8597750890047069,-0.6456245288212396,-0.3303174598660074,-0.5043466479784757,-0.5043466479784757
0.08407674714368342,-0.5232825142917406,-0.5379505948126565,0.6135742975383027,-0.6900643843196488,-0.8043854220463227,-0.7172120265545973,-0.16224066063139642,0.38539571504500336,1.1944880919464211,-0.4446695170338368,-0.43104931385237927,-1.3355437102870424,-0.8597750890047069,-0.6456245288212396,-0.3303174598660074,-0.5043466479784757,-0.5043466479784757
-1.1358819155657744,-0.0399246839022417,-0.13930232528461853,-0.06482780178234504,-0.36181923206276523,-0.19740780047259915,-0.5705244017407691,-0.14459645805902555,-0.8350488062936772,-0.8371787100618959,1.3217135414139385,0.4629942581898511,0.44051102323259766,0.8669866228360602,1.5488878680395983,-0.3303174598660074,-0.5043466479784757,-0.5043466479784757
1.0169863127450336,-0.5232825142917406,0.1608495044088999,0.5540336877575012,-0.10267832238627825,3.9223407302022553,1.4202362207326134,-0.16224066063139642,1.2737957124621588,1.1944880919464211,-1.3278610462577245,-1.3250928858946096,1.3285383899924177,-0.5144227466365535,-0.6456245288212396,-0.3303174598660074,-0.5043466479784757,1.9827632522357468
-0.6766033601928021,0.4434331464872571,1.2780351033053479,-0.8685836518556589,2.3677983498628983,1.3020827454410189,1.2064913960038923,-0.15756776679944431,-0.546740897629612,-0.8371787100618959,0.43852201219005094,1.3570378302320816,1.3285383899924177,1.2123389652042138,1.5488878680395983,-0.3303174598660074,-0.5043466479784757,-0.5043466479784757
-1.221996644698207,-0.5232825142917406,-0.3883927366536706,-0.9715977810414785,-0.327267110772567,0.20723297958505943,0.6029765967698564,-0.16224066063139642,-0.8583642813390142,1.1944880919464211,1.3217135414139385,-0.43104931385237927,-0.44751634352722236,0.1762819380997534,-0.6456245288212396,-0.3303174598660074,1.9827632522357468,-0.5043466479784757
-0.375201808229289,0.20175423129250772,0.9813929252571664,0.5329132218994271,0.6056401640627862,1.4365168959646872,0.1786302535584248,-0.15176134921617712,-0.5351667487011126,-0.8371787100618959,0.43852201219005094,1.3570378302320816,1.3285383899924177,1.2123389652042138,1.5488878680395983,-0.3303174598660074,-0.5043466479784757,-0.5043466479784757
0.17019147627611575,-0.5232825142917406,-0.5267284654352589,1.2991934404687446,-0.6900643843196488,-0.7284782599392307,-0.7172120265545973,-0.16224066063139642,0.4674018686527408,1.1944880919464211,-0.4446695170338368,-1.3250928858946096,-1.3355437102870424,-1.2051274313728604,-0.6456245288212396,-0.3303174598660074,-0.5043466479784757,-0.5043466479784757
-1.006709821867126,-0.0399246839022417,-0.24477428897140885,0.7367617660503063,-0.36181923206276523,-0.4352140484695681,-0.5705244017407691,-0.13044829366757946,-0.8213292442258425,-0.8371787100618959,1.3217135414139385,0.4629942581898511,0.44051102323259766,0.8669866228360602,1.5488878680395983,-0.3303174598660074,-0.5043466479784757,-0.5043466479784757
2.3087072497315186,-0.5232825142917406,-0.4544413160582245,0.22385394260941976,-0.6209601417392523,-0.23952360779686332,-0.465747526873749,-0.16224066063139642,2.5038880165782205,1.1944880919464211,-1.3278610462577245,-1.3250928858946096,-0.44751634352722236,-1.2051274313728604,-0.6456245288212396,-0.3303174598660074,-0.5043466479784757,-0.5043466479784757
0.012314472866656477,-0.2816035990969911,-0.3403302098598354,-1.174390054823597,0.20829076922550616,-0.3549143392704532,0.7287088466102805,-0.15649529936260284,-0.21241190622461406,-0.8371787100618959,-0.4446695170338368,0.4629942581898511,-0.44751634352722236,-0.16907040426840003,-0.6456245288212396,-0.3303174598660074,-0.5043466479784757,1.9827632522357468
0.3567733893963858,-0.2816035990969911,-0.18110439238677153,-0.544290525076494,-0.08540226174117911,0.18359219242686878,0.19434678478847783,-0.1514930048179066,-0.26489869601986177,-0.8371787100618959,-0.4446695170338368,0.4629942581898511,0.44051102323259766,0.1762819380997534,-0.6456245288212396,-0.3303174598660074,1.9827632522357468,-0.5043466479784757
-1.1358819155657744,-0.5232825142917406,-0.43069097072439516,0.028993765144978655,-0.5345798385137566,-0.07887483493692546,-0.1514169022726886,-0.16224066063139642,-0.7763581277312769,1.1944880919464211,1.3217135414139385,-0.43104931385237927,-0.44751634352722236,0.1762819380997534,-0.6456245288212396,-0.3303174598660074,1.9827632522357468,-0.5043466479784757
-0.8775377281684775,0.20175423129250772,0.03541411681017187,1.567827841499971,-0.10267832238627825,-0.16314757830354418,-0.465747526873749,-0.14346091749543796,-0.7692088733141921,-0.8371787100618959,1.3217135414139385,1.3570378302320816,0.44051102323259766,1.2123389652042138,1.5488878680395983,-0.3303174598660074,-0.5043466479784757,-0.5043466479784757
0.5720602122274666,-0.5232825142917406,-0.5768413292609854,0.7218299516852147,-0.7764446875451444,-1.0674447029506142,-1.0315426511556578,6.84009074654883,-0.8566558198055197,1.1944880919464211,-0.4446695170338368,-1.3250928858946096,-1.3355437102870424,-1.2051274313728604,-0.6456245288212396,-0.3303174598660074,-0.5043466479784757,-0.5043466479784757
1.3327403195639522,-0.2816035990969911,0.17787240937474433,-0.3514739697713478,1.0720938014804628,1.3976625959849684,2.3003619696155826,-0.15861513955488185,0.7451045251880337,-0.8371787100618959,-1.3278610462577245,-0.43104931385237927,1.3285383899924177,-0.16907040426840003,-0.6456245288212396,-0.3303174598660074,-0.5043466479784757,1.9827632522357468
1.1892157710098983,-0.5232825142917406,-0.5264438990856369,-0.5772378980777282,-0.5864080204490539,-0.7265534359326139,-0.34001527703332485,-0.16224066063139642,1.4378080196776337,1.1944880919464211,-1.3278610462577245,-1.3250928858946096,-1.3355437102870424,-1.5504797737410139,-0.6456245288212396,3.027390681696474,-0.5043466479784757,-0.5043466479784757
1.4906173229734114,-0.5232825142917406,-0.3079626117336091,1.606702255146929,-0.39637135335296353,0.751267210993691,0.35151209708900805,-0.16224066063139642,1.7248295573047148,1.1944880919464211,-1.3278610462577245,-1.3250928858946096,0.44051102323259766,-0.8597750890047069,-0.6456245288212396,-0.3303174598660074,-0.5043466479784757,-0.5043466479784757
-1.1932917349873962,10.835626499861482,6.550210455896756,-1.2013862916573075,3.52529441308454,-0.2341902412785294,-0.7669810421164319,-0.1607177776754935,-0.8359078817720615,-0.8371787100618959,1.3217135414139385,1.3570378302320816,1.3285383899924177,1.557691307572367,1.5488878680395983,-0.3303174598660074,-0.5043466479784757,-0.5043466479784757
0.9165191287571959,-0.2816035990969911,0.19415836046079865,-0.5666763708438831,-0.20633468625687304,1.4527421752512326,-0.02568465243226445,-0.15312851765908983,0.027064478628585447,-0.8371787100618959,-1.3278610462577245,-0.43104931385237927,1.3285383899924177,-0.16907040426840003,-0.6456245288212396,-0.3303174598660074,-0.5043466479784757,1.9827632522357468
-0.9349475475900991,-0.2816035990969911,-0.4411980359412045,-1.519964219607086,-0.17178256496667477,-0.6960523785969943,0.03718147248794763,-0.1441953365782197,-0.7818902888873543,-0.8371787100618959,1.3217135414139385,0.4629942581898511,-0.44751634352722236,0.5216342804679068,-0.6456245288212396,-0.3303174598660074,1.9827632522357468,-0.5043466479784757
-0.5474312664941536,0.9267909768767559,0.29797400206132807,-0.6343028940621467,1.0029895589000664,-0.37187112218588675,-0.1603977772612903,-0.15128856571275867,-0.607678803643817,-0.8371787100618959,0.43852201219005094,1.3570378302320816,1.3285383899924177,1.2123389652042138,1.5488878680395983,-0.3303174598660074,-0.5043466479784757,-0.5043466479784757
-0.9493000024455045,-0.0399246839022417,-0.21172081297686302,-1.133145311264573,1.0029895589000664,-0.36068881129030356,1.0849502211581488,-0.1482219791355401,-0.7718022303086247,-0.8371787100618959,1.3217135414139385,0.4629942581898511,0.44051102323259766,0.8669866228360602,1.5488878680395983,-0.3303174598660074,-0.5043466479784757,-0.5043466479784757
0.0984292019990888,-0.5232825142917406,-0.5604240398597209,-0.68549355222464,-0.724616505609847,-0.9563971641073392,-0.8429442763950215,-0.16224066063139642,0.3990634073129596,1.1944880919464211,-0.4446695170338368,-1.3250928858946096,-1.3355437102870424,-1.2051274313728604,-0.6456245288212396,-0.3303174598660074,-0.5043466479784757,-0.5043466479784757
1.1892157710098983,-0.5232825142917406,-0.5891725377446018,-1.4432831312530234,-0.7073404449647479,-1.150853743237341,-0.7800781514748094,-0.16224066063139642,1.4378080196776337,1.1944880919464211,-1.3278610462577245,-1.3250928858946096,-1.3355437102870424,-1.5504797737410139,-0.6456245288212396,3.027390681696474,-0.5043466479784757,-0.5043466479784757
-0.9493000024455045,1.1684698920715055,0.24796329025854283,-1.3391196152353761,3.4561901705041436,-0.5229416041557555,0.8387245652206516,-0.15699574014070536,-0.7098258505768075,-0.8371787100618959,1.3217135414139385,1.3570378302320816,1.3285383899924177,1.557691307572367,1.5488878680395983,-0.3303174598660074,-0.5043466479784757,-0.5043466479784757
0.11278165685449419,-0.5232825142917406,-0.4842624101839881,1.1548525682728623,-0.6209601417392523,-0.44123529279795903,-0.465747526873749,-0.16224066063139642,0.4127310995809158,1.1944880919464211,-0.4446695170338368,-1.3250928858946096,-1.3355437102870424,-1.2051274313728604,-0.6456245288212396,-0.3303174598660074,-0.5043466479784757,-0.5043466479784757
0.0984292019990888,-0.0399246839022417,0.5699245768500076,-0.32316850569211863,0.7956768311588767,1.401676758870562,0.8334857214773007,-0.1519073026215642,-0.35015392384217486,-0.8371787100618959,-0.4446695170338368,0.4629942581898511,1.3285383899924177,0.5216342804679068,-0.6456245288212396,-0.3303174598660074,1.9827632522357468,-0.5043466479784757
-0.7770705441806398,-0.2816035990969911,-0.23887136136002088,0.011019241437566584,0.0009780414843165532,-0.011777444244733246,0.35151209708900805,-0.15563570492661796,-0.6402224997949999,-0.8371787100618959,0.43852201219005094,0.4629942581898511,0.44051102323259766,0.5216342804679068,-0.6456245288212396,-0.3303174598660074,1.9827632522357468,-0.5043466479784757
-1.15023437042118,3.5852590440189998,1.3733210509902871,2.0326011154099857,-0.5000277172235583,-0.4996188790841284,-1.035035213651225,-0.11531701840221074,-0.8494827484573099,-0.8371787100618959,1.3217135414139385,1.3570378302320816,1.3285383899924177,1.557691307572367,1.5488878680395983,-0.3303174598660074,-0.5043466479784757,-0.5043466479784757
-0.8775377281684775,-0.2816035990969911,-0.23722963241989442,1.1754726928722743,-0.4309234746431618,-0.006225067302569491,-0.43431446441364296,-0.08759118166596158,-0.8302076620745551,-0.8371787100618959,1.3217135414139385,-0.43104931385237927,0.44051102323259766,0.5216342804679068,-0.6456245288212396,-0.3303174598660074,1.9827632522357468,-0.5043466479784757
0.026666927722061865,-0.5232825142917406,-0.23220229357657385,-1.3496566195583968,1.12392198341576,1.2637145869091246,5.883731090067671,-0.16224066063139642,0.3307249459731784,1.1944880919464211,-0.4446695170338368,-0.43104931385237927,0.44051102323259766,-0.16907040426840003,-0.6456245288212396,-0.3303174598660074,-0.5043466479784757,1.9827632522357468
-1.0210622767225315,-0.5232825142917406,-0.5430217130943805,1.371363876566686,-0.7764446875451444,-0.8386867729334676,-1.0315426511556578,6.84009074654883,-0.8581729336472629,1.1944880919464211,1.3217135414139385,-0.43104931385237927,-1.3355437102870424,-0.16907040426840003,-0.6456245288212396,-0.3303174598660074,-0.5043466479784757,1.9827632522357468
-0.30343953395226203,-0.0399246839022417,-0.2232931778614876,-1.3283081606418203,1.3139586505118508,-0.386780870046664,1.4621469706794212,-0.15513396792863593,-0.4240144470580326,-0.8371787100618959,0.43852201219005094,0.4629942581898511,0.44051102323259766,0.5216342804679068,-0.6456245288212396,-0.3303174598660074,1.9827632522357468,-0.5043466479784757
-0.5187263567833429,-0.5232825142917406,-0.5289758099399653,-1.5425174808876925,-0.3790952927078644,-0.7436794341453323,0.4143782220092201,-0.16224066063139642,-0.18864736020915862,1.1944880919464211,0.43852201219005094,-0.43104931385237927,-1.3355437102870424,-0.5144227466365535,-0.6456245288212396,-0.3303174598660074,-0.5043466479784757,1.9827632522357468
-1.1932917349873962,-0.5232825142917406,-0.4457292078159535,0.8300856058321265,-0.5518558991588557,-0.18059438051736537,-0.21428302719290068,-0.16224066063139642,-0.8310288968031018,1.1944880919464211,1.3217135414139385,-0.43104931385237927,-0.44751634352722236,0.1762819380997534,-0.6456245288212396,-0.3303174598660074,1.9827632522357468,-0.5043466479784757
2.2082400657436807,-0.2816035990969911,-0.35451474790252796,-0.7576639883225812,-0.6036840810941531,-0.402886876050748,-0.7486450890147034,-0.15395689429293588,0.6388175091800256,-0.8371787100618959,-1.3278610462577245,-0.43104931385237927,-0.44751634352722236,-0.8597750890047069,-0.6456245288212396,-0.3303174598660074,-0.5043466479784757,-0.5043466479784757
0.9882814030342228,-0.5232825142917406,-0.42457644249405757,3.3199656512111004,-0.7418925662549462,-0.03751579602551888,-0.9058104013152335,-0.16224066063139642,1.2464603279262465,1.1944880919464211,-1.3278610462577245,-1.3250928858946096,-0.44751634352722236,-1.2051274313728604,-0.6456245288212396,-0.3303174598660074,-0.5043466479784757,-0.5043466479784757
1.103101041877466,-0.2816035990969911,-0.20146183124433947,-1.3598567555801737,0.8647810737392733,0.11474271834403826,1.92316522009431,-0.15717835898011498,0.4272805784468047,-0.8371787100618959,-1.3278610462577245,-0.43104931385237927,0.44051102323259766,-0.5144227466365535,-0.6456245288212396,-0.3303174598660074,-0.5043466479784757,1.9827632522357468
-0.7340131796144237,0.20175423129250772,-0.25457358660069695,-1.3702431718286008,0.3464992543862992,-0.6535211712200201,-0.05711771489237049,-0.14480278852679468,-0.725128176293343,-0.8371787100618959,0.43852201219005094,1.3570378302320816,0.44051102323259766,0.8669866228360602,1.5488878680395983,-0.3303174598660074,-0.5043466479784757,-0.5043466479784757
0.4572405733842235,-0.5232825142917406,-0.43185842241515177,0.6708861144396092,-0.5000277172235583,-0.08677154881022499,-0.02568465243226445,-0.16224066063139642,0.7407557140118656,1.1944880919464211,-0.4446695170338368,-1.3250928858946096,-0.44751634352722236,-0.8597750890047069,-0.6456245288212396,-0.3303174598660074,-0.5043466479784757,-0.5043466479784757
0.41418320881800735,-0.0399246839022417,-0.489939144030292,-0.2524709356369924,-0.724616505609847,-0.9879840196005375,-1.0105872761822539,0.16018901377329867,-0.8252128575401416,-0.8371787100618959,-0.4446695170338368,0.4629942581898511,-1.3355437102870424,-0.5144227466365535,-0.6456245288212396,-0.3303174598660074,-0.5043466479784757,1.9827632522357468
0.5002979379504396,-0.0399246839022417,-0.4648973052635632,-1.4432831312530234,-0.327267110772567,-0.9315225154064456,-0.528613651793961,-0.15359580704228504,-0.12398081619509708,-0.8371787100618959,-0.4446695170338368,0.4629942581898511,-1.3355437102870424,-0.5144227466365535,-0.6456245288212396,-0.3303174598660074,-0.5043466479784757,1.9827632522357468
1.61978941667206,-0.5232825142917406,-0.4208041142183004,-0.5916719852973163,-0.5345798385137566,-0.011999539322419595,-0.1514169022726886,-0.16224066063139642,1.847838787716321,1.1944880919464211,-1.3278610462577245,-1.3250928858946096,-0.44751634352722236,-1.2051274313728604,-0.6456245288212396,-0.3303174598660074,-0.5043466479784757,-0.5043466479784757
1.217920680720709,-0.2816035990969911,-0.37093203730379243,-0.19515911873568614,-0.5000277172235583,-0.4584106454723855,-0.5600467142540672,-0.16224066063139642,1.4651434042135463,-0.8371787100618959,-1.3278610462577245,0.4629942581898511,-0.44751634352722236,-0.5144227466365535,-0.6456245288212396,-0.3303174598660074,-0.5043466479784757,1.9827632522357468
0.27065866026395347,0.20175423129250772,0.4611983415752333,0.25705234321447257,0.3464992543862992,0.5568599863253975,-0.05711771489237049,-0.148411420777376,-0.38024355545632693,-0.8371787100618959,-0.4446695170338368,0.4629942581898511,1.3285383899924177,0.5216342804679068,-0.6456245288212396,-0.3303174598660074,1.9827632522357468,-0.5043466479784757
-1.1932917349873962,-0.2816035990969911,-0.1529250272011344,1.342105591662115,-0.29271498948236874,0.2788956579852529,-0.18284996473279463,-0.14744316349688144,-0.8495779077381852,-0.8371787100618959,1.3217135414139385,0.4629942581898511,0.44051102323259766,0.8669866228360602,1.5488878680395983,-0.3303174598660074,-0.5043466479784757,-0.5043466479784757
-0.030742891699559686,-0.5232825142917406,-0.3097064926966767,-0.9243433288344932,0.2601189511608036,0.7394714946454498,2.740424844057067,-0.16224066063139642,0.2760541769013535,1.1944880919464211,-0.4446695170338368,-0.43104931385237927,0.44051102323259766,-0.16907040426840003,-0.6456245288212396,-0.3303174598660074,-0.5043466479784757,1.9827632522357468
-0.9349475475900991,0.9267909768767559,0.5115301025929767,-1.0072534131612947,2.4023504711530963,-0.16551306714684058,0.5670530968154494,-0.15950530814440006,-0.6617413399403456,-0.8371787100618959,1.3217135414139385,1.3570378302320816,1.3285383899924177,1.557691307572367,1.5488878680395983,-0.3303174598660074,-0.5043466479784757,-0.5043466479784757
-0.30343953395226203,0.20175423129250772,-0.381833117466232,1.1007247411994063,-0.7073404449647479,-0.8687189628828599,-1.0158261199256047,0.025008870777541412,-0.8268017754831153,-0.8371787100618959,0.43852201219005094,0.4629942581898511,-0.44751634352722236,0.1762819380997534,-0.6456245288212396,-0.3303174598660074,1.9827632522357468,-0.5043466479784757
-0.6909558150482076,0.6851120616820066,0.026760381152438666,-0.6072163869184115,0.20829076922550616,-0.5325739499324573,-0.48670290184715304,-0.14603156015181257,-0.7056987375158049,-0.8371787100618959,0.43852201219005094,1.3570378302320816,0.44051102323259766,0.8669866228360602,1.5488878680395983,-0.3303174598660074,-0.5043466479784757,-0.5043466479784757
0.06972429228827803,-0.5232825142917406,-0.5975927830641836,3.3199656512111004,-0.7764446875451444,-1.207808792048514,-1.0315426511556578,6.84009074654883,-0.8571341890348981,1.1944880919464211,-0.4446695170338368,-0.43104931385237927,-1.3355437102870424,-0.8597750890047069,-0.6456245288212396,-0.3303174598660074,-0.5043466479784757,-0.5043466479784757
0.3998307539626019,-0.2816035990969911,0.1534288895995283,0.38207374482413775,0.2946710724510018,1.3149938726238635,0.8858741589108107,-0.15599796652777292,-0.041465517026125755,-0.8371787100618959,-0.4446695170338368,0.4629942581898511,1.3285383899924177,0.5216342804679068,-0.6456245288212396,-0.3303174598660074,1.9827632522357468,-0.5043466479784757
-0.9923573670117206,0.20175423129250772,0.37307762864231275,-0.9082675843120869,2.4196265317981953,0.4078465278131493,1.8288660327139918,-0.161077284573649,-0.6708104685801557,-0.8371787100618959,1.3217135414139385,1.3570378302320816,1.3285383899924177,1.557691307572367,1.5488878680395983,-0.3303174598660074,-0.5043466479784757,-0.5043466479784757
-0.9349475475900991,0.20175423129250772,0.5110266390513378,-0.8449246065137285,1.244854407931454,0.6411203910765891,0.7601419090703865,-0.15454748176171917,-0.7280444248305943,-0.8371787100618959,1.3217135414139385,1.3570378302320816,1.3285383899924177,1.557691307572367,1.5488878680395983,-0.3303174598660074,-0.5043466479784757,-0.5043466479784757
-0.33214444366307283,0.20175423129250772,-0.2179593829493435,0.5847061230991264,-0.29271498948236874,-0.5916059990071806,-0.6386293704043322,-0.12550204705604887,-0.7225935040031838,-0.8371787100618959,0.43852201219005094,1.3570378302320816,0.44051102323259766,0.8669866228360602,1.5488878680395983,-0.3303174598660074,-0.5043466479784757,-0.5043466479784757
-0.8918901830238829,0.4434331464872571,0.42979389109388116,0.9195141896926189,0.31194713309610095,0.15457176894249292,-0.28972237709715515,-0.13946030320062994,-0.7843979467124276,-0.8371787100618959,1.3217135414139385,1.3570378302320816,1.3285383899924177,1.557691307572367,1.5488878680395983,-0.3303174598660074,-0.5043466479784757,-0.5043466479784757
0.8160519447693582,-0.2816035990969911,0.20060123447916167,0.4020594040512599,0.191014708580407,1.474532170095369,0.6972757841501744,-0.1501933562208949,-0.14450228518277122,-0.8371787100618959,-1.3278610462577245,-0.43104931385237927,1.3285383899924177,-0.16907040426840003,-0.6456245288212396,-0.3303174598660074,-0.5043466479784757,1.9827632522357468
0.2993635699747642,-0.2816035990969911,-0.2282037715357325,-0.5899738573891294,0.3983274363215966,0.02430066726390428,1.074472533671447,-0.15831876759386518,0.07062145876695781,-0.8371787100618959,-0.4446695170338368,0.4629942581898511,0.44051102323259766,0.1762819380997534,-0.6456245288212396,-0.3303174598660074,1.9827632522357468,-0.5043466479784757
-0.9780049121563152,3.34358012882425,3.7217741686893033,0.6599695778869791,0.3464992543862992,0.4784763915220096,-0.850340291091517,-0.15216473330624972,-0.7630408891112169,-0.8371787100618959,1.3217135414139385,1.3570378302320816,1.3285383899924177,1.557691307572367,1.5488878680395983,-0.3303174598660074,-0.5043466479784757,-0.5043466479784757
-0.6909558150482076,-0.2816035990969911,-0.35645563633841076,-0.47730960194211713,-0.13723044367647652,-0.40945101945792833,0.1000475974081597,-0.14361057074874528,-0.7201140991178167,-0.8371787100618959,0.43852201219005094,0.4629942581898511,-0.44751634352722236,0.1762819380997534,-0.6456245288212396,-0.3303174598660074,1.9827632522357468,-0.5043466479784757
-0.5761361762049644,-0.5232825142917406,-0.3153248539584428,-0.55404025790339,-0.30999105012746786,0.7014685591301957,0.6658427216900684,-0.16224066063139642,-0.24331812928098356,1.1944880919464211,0.43852201219005094,-0.43104931385237927,-0.44751634352722236,-0.16907040426840003,-0.6456245288212396,-0.3303174598660074,-0.5043466479784757,1.9827632522357468
-1.078472096144153,-0.5232825142917406,-0.39975350091934564,-1.2700740846179643,0.15646258729020876,0.1303880827055131,2.3632280945357946,-0.16224066063139642,-0.7216873586594519,1.1944880919464211,1.3217135414139385,-0.43104931385237927,-0.44751634352722236,0.1762819380997534,-0.6456245288212396,-0.3303174598660074,1.9827632522357468,-0.5043466479784757
1.734609055515303,-0.5232825142917406,-0.5028540783592867,1.8043864931543336,-0.724616505609847,-0.5669904612302545,-0.8429442763950215,-0.16224066063139642,1.9571803258599707,1.1944880919464211,-1.3278610462577245,-1.3250928858946096,-1.3355437102870424,-1.5504797737410139,-0.6456245288212396,3.027390681696474,-0.5043466479784757,-0.5043466479784757
-0.23167725967523511,-0.2816035990969911,-0.3809648252712318,0.635225428367685,-0.4481995352882609,-0.4923418378967196,-0.465747526873749,-0.11686440210533522,-0.7321787562454183,-0.8371787100618959,-0.4446695170338368,-0.43104931385237927,-0.44751634352722236,-0.5144227466365535,-0.6456245288212396,-0.3303174598660074,-0.5043466479784757,1.9827632522357468
-0.00203798198874891,-0.5232825142917406,-0.4979361881119746,-0.43289702588184553,-0.6382362023843514,-0.5337255540389803,-0.528613651793961,-0.16224066063139642,0.3033895614372659,1.1944880919464211,-0.4446695170338368,-0.43104931385237927,-1.3355437102870424,-0.8597750890047069,-0.6456245288212396,-0.3303174598660074,-0.5043466479784757,-0.5043466479784757
-1.006709821867126,-0.0399246839022417,0.05607071516349618,-0.5811744673194341,-0.06812620109607997,0.2430972217596282,-0.21428302719290068,-0.15328428078682155,-0.7683575273793024,-0.8371787100618959,1.3217135414139385,0.4629942581898511,0.44051102323259766,0.8669866228360602,1.5488878680395983,-0.3303174598660074,-0.5043466479784757,-0.5043466479784757
-0.8488328184576668,-0.2816035990969911,-0.1672190138398354,0.848128214856612,-0.2408868075470713,0.23055296274214704,-0.08855077735247653,-0.15382945173388266,-0.6968370090813496,-0.8371787100618959,1.3217135414139385,0.4629942581898511,0.44051102323259766,0.8669866228360602,1.5488878680395983,-0.3303174598660074,-0.5043466479784757,-0.5043466479784757
-1.221996644698207,-0.5232825142917406,-0.4561997901674266,-1.3524880664846455,-0.27543892883726956,-0.2514180330685208,0.7915749715304926,-0.16224066063139642,-0.8583642813390142,1.1944880919464211,1.3217135414139385,-0.43104931385237927,-0.44751634352722236,0.1762819380997534,-0.6456245288212396,-0.3303174598660074,1.9827632522357468,-0.5043466479784757
-0.5043739019279375,0.20175423129250772,0.5277211982291571,0.020958293909331616,0.5538119821274888,0.6693511431736352,0.13148065986826574,-0.14902513276290688,-0.6215234044935632,-0.8371787100618959,0.43852201219005094,1.3570378302320816,1.3285383899924177,1.2123389652042138,1.5488878680395983,-0.3303174598660074,-0.5043466479784757,-0.5043466479784757
1.1174534967328713,-0.5232825142917406,-0.5734849056500602,1.58787518486051,-0.7591686269000453,-1.044741650564878,-0.9686765262354456,-0.16224066063139642,1.3694695583378524,1.1944880919464211,-1.3278610462577245,-1.3250928858946096,-1.3355437102870424,-1.5504797737410139,-0.6456245288212396,3.027390681696474,-0.5043466479784757,-0.5043466479784757
0.2563062054085481,-0.5232825142917406,-0.5270932940886203,0.5053186433913909,-0.5173037778686574,-0.7309459830246369,-0.08855077735247653,-0.16224066063139642,0.5494080222604782,1.1944880919464211,-0.4446695170338368,-1.3250928858946096,-1.3355437102870424,-1.2051274313728604,-0.6456245288212396,-0.3303174598660074,-0.5043466479784757,-0.5043466479784757
-0.4469640825063159,0.20175423129250772,-0.09217375984338856,-0.16774911934810488,-0.11995438303137738,-0.37890060766060063,-0.481464058103802,-0.14245874340946585,-0.6652683963905628,-0.8371787100618959,0.43852201219005094,1.3570378302320816,0.44051102323259766,0.8669866228360602,1.5488878680395983,-0.3303174598660074,-0.5043466479784757,-0.5043466479784757
0.8734617641909798,-0.0399246839022417,-0.021389704518203295,-0.6169316379315959,0.1391865266451096,0.0684482332618196,0.03718147248794763,-0.15380569125677102,0.04727803555463985,-0.8371787100618959,-1.3278610462577245,0.4629942581898511,0.44051102323259766,-0.16907040426840003,-0.6456245288212396,-0.3303174598660074,-0.5043466479784757,1.9827632522357468
0.2993635699747642,-0.2816035990969911,-0.189575713717824,0.4202606294188173,-0.39637135335296353,0.15494192740530377,-0.37144833949343087,-0.12771316731752813,-0.6138834358959471,-0.8371787100618959,-0.4446695170338368,-0.43104931385237927,0.44051102323259766,-0.16907040426840003,-0.6456245288212396,-0.3303174598660074,-0.5043466479784757,1.9827632522357468
0.12713411170989958,-0.2816035990969911,-0.4732664745716744,-0.28199520494978664,-0.6209601417392523,-0.8045088082005929,-0.7800781514748094,-0.09004445092773643,-0.7446684341542456,-0.8371787100618959,-0.4446695170338368,-0.43104931385237927,-1.3355437102870424,-0.8597750890047069,-0.6456245288212396,-0.3303174598660074,-0.5043466479784757,-0.5043466479784757
0.06972429228827803,0.20175423129250772,0.781620051249513,1.3066336916128622,0.6229162247078853,1.0986979441880178,0.19434678478847783,-0.15136157967888295,-0.37636892952210854,-0.8371787100618959,-0.4446695170338368,1.3570378302320816,1.3285383899924177,0.8669866228360602,1.5488878680395983,-0.3303174598660074,-0.5043466479784757,-0.5043466479784757
-0.5761361762049644,0.20175423129250772,-0.33624412894218736,-1.2066312361411693,-0.29271498948236874,-0.791627293694773,-0.6386293704043322,-0.15873599025743235,-0.4483335133003271,-0.8371787100618959,0.43852201219005094,1.3570378302320816,-0.44751634352722236,0.5216342804679068,-0.6456245288212396,-0.3303174598660074,1.9827632522357468,-0.5043466479784757
1.6341418715274654,-0.5232825142917406,-0.3944634854456049,-1.044446510711769,-0.46547559593336,0.16617006744390175,0.1000475974081597,-0.16224066063139642,1.861506479984277,1.1944880919464211,-1.3278610462577245,-1.3250928858946096,-0.44751634352722236,-1.2051274313728604,-0.6456245288212396,-0.3303174598660074,-0.5043466479784757,-0.5043466479784757
1.217920680720709,-0.5232825142917406,-0.38403668253253515,0.2554979030523639,-0.5691319598039548,0.23669759322480827,-0.27714915211311275,-0.16224066063139642,1.4651434042135463,1.1944880919464211,-1.3278610462577245,-1.3250928858946096,-0.44751634352722236,-1.2051274313728604,-0.6456245288212396,-0.3303174598660074,-0.5043466479784757,-0.5043466479784757
1.7059041458044921,-0.5232825142917406,-0.44221955617061653,0.36097777119550845,-0.5864080204490539,-0.15685488443575854,-0.34001527703332485,-0.16224066063139642,1.9298449413240584,1.1944880919464211,-1.3278610462577245,-1.3250928858946096,-0.44751634352722236,-1.2051274313728604,-0.6456245288212396,-0.3303174598660074,-0.5043466479784757,-0.5043466479784757
0.28501111511935884,-0.5232825142917406,-0.381767448308627,0.27741200308210273,-0.46547559593336,0.25204683081603435,0.1000475974081597,-0.16224066063139642,0.5767434067963907,1.1944880919464211,-0.4446695170338368,-1.3250928858946096,-0.44751634352722236,-0.8597750890047069,-0.6456245288212396,-0.3303174598660074,-0.5043466479784757,-0.5043466479784757
1.4188550486963845,-0.2816035990969911,-0.38657588995993075,0.4743884564922733,-0.5518558991588557,-0.5113186284234927,-0.6543459016343852,-0.16224066063139642,1.6564910959649335,-0.8371787100618959,-1.3278610462577245,-0.43104931385237927,-0.44751634352722236,-0.8597750890047069,-0.6456245288212396,-0.3303174598660074,-0.5043466479784757,-0.5043466479784757
2.2800023400207077,-0.5232825142917406,-0.36851687161853974,-0.8760235035232049,0.07008228406471309,0.3416745332779845,2.048897469934734,-0.16224066063139642,2.4765526320423077,1.1944880919464211,-1.3278610462577245,-1.3250928858946096,-0.44751634352722236,-1.2051274313728604,-0.6456245288212396,-0.3303174598660074,-0.5043466479784757,-0.5043466479784757
2.1651827011774647,-0.2816035990969911,-0.3052993625640706,0.14157964545776694,-0.4481995352882609,-0.2364389539401057,-0.465747526873749,-0.15844393439293533,1.2339008269232599,-0.8371787100618959,-1.3278610462577245,-0.43104931385237927,0.44051102323259766,-0.5144227466365535,-0.6456245288212396,-0.3303174598660074,-0.5043466479784757,1.9827632522357468
0.8878142190463851,-0.5232825142917406,-0.31864479470403184,1.3232502525013925,-0.4827516565784592,0.679012279053,0.03718147248794763,-0.16224066063139642,1.1507864820505527,1.1944880919464211,-1.3278610462577245,-1.3250928858946096,-0.44751634352722236,-1.2051274313728604,-0.6456245288212396,-0.3303174598660074,-0.5043466479784757,-0.5043466479784757
-0.8918901830238829,2.618543383240002,0.9593426814480015,0.47617289035183796,-0.20633468625687304,-0.48747689809977623,-0.9417339012696404,-0.13131709850818396,-0.8002765892002003,-0.8371787100618959,1.3217135414139385,1.3570378302320816,1.3285383899924177,1.557691307572367,1.5488878680395983,-0.3303174598660074,-0.5043466479784757,-0.5043466479784757
-0.00203798198874891,-0.2816035990969911,-0.21175729584219913,-1.0056538910846562,-0.10267832238627825,0.07992314560895798,0.16291372232837179,-0.14700296335329174,-0.49233224868347386,-0.8371787100618959,-0.4446695170338368,-0.43104931385237927,0.44051102323259766,-0.16907040426840003,-0.6456245288212396,-0.3303174598660074,-0.5043466479784757,1.9827632522357468
0.586412667082872,-0.5232825142917406,-0.5092166900739101,0.969271446878156,-0.6727883236745497,-0.6100275518397372,-0.6543459016343852,-0.16224066063139642,0.8637649444234716,1.1944880919464211,-0.4446695170338368,-1.3250928858946096,-1.3355437102870424,-1.2051274313728604,-0.6456245288212396,-0.3303174598660074,-0.5043466479784757,-0.5043466479784757
-1.221996644698207,3.101901213629501,2.7807205470626877,0.5246318586852061,1.624927742123635,0.18818215736572416,-0.5443301830240141,-0.15453699839428672,-0.8583642813390142,-0.8371787100618959,1.3217135414139385,1.3570378302320816,1.3285383899924177,1.557691307572367,1.5488878680395983,-0.3303174598660074,-0.5043466479784757,-0.5043466479784757
1.2322731355761145,-0.5232825142917406,-0.4621319040710835,-1.306159302666935,-0.27543892883726956,-0.29154321043722414,0.7915749715304926,-0.16224066063139642,1.4788110964815024,1.1944880919464211,-1.3278610462577245,-1.3250928858946096,-0.44751634352722236,-1.2051274313728604,-0.6456245288212396,-0.3303174598660074,-0.5043466479784757,-0.5043466479784757
-0.5904886310603699,-0.5232825142917406,0.7997520353215761,1.1548525682728623,0.9511613769647689,8.243916106288856,5.25506984086555,-0.16224066063139642,-0.2569858215489398,1.1944880919464211,0.43852201219005094,-0.43104931385237927,1.3285383899924177,0.5216342804679068,-0.6456245288212396,-0.3303174598660074,1.9827632522357468,-0.5043466479784757
0.6868798510707097,-0.2816035990969911,-0.19453008683047224,-0.0635542058512049,0.03553016277451482,0.13818608765539633,0.4143782220092201,-0.1548107594385926,0.02406439421350004,-0.8371787100618959,-1.3278610462577245,-0.43104931385237927,0.44051102323259766,-0.5144227466365535,-0.6456245288212396,-0.3303174598660074,-0.5043466479784757,1.9827632522357468
0.8878142190463851,-0.5232825142917406,-0.5189868014109292,-0.9020048605184638,-0.5864080204490539,-0.6761131760669129,-0.34001527703332485,-0.16224066063139642,1.1507864820505527,1.1944880919464211,-1.3278610462577245,-1.3250928858946096,-1.3355437102870424,-1.5504797737410139,-0.6456245288212396,3.027390681696474,-0.5043466479784757,-0.5043466479784757
0.19889638598692652,-0.5232825142917406,-0.24962651006111589,0.6747622759691659,-0.39637135335296353,1.1458561323501286,0.35151209708900805,-0.16224066063139642,0.49473725318865325,1.1944880919464211,-0.4446695170338368,-1.3250928858946096,0.44051102323259766,-0.5144227466365535,-0.6456245288212396,-0.3303174598660074,-0.5043466479784757,1.9827632522357468
-0.016390436844154296,-0.2816035990969911,-0.5388991493113963,-1.0102605146653758,-0.7073404449647479,-1.026480499732873,-0.9372434637753396,-0.024857581972004595,-0.8026319439356975,-0.8371787100618959,-0.4446695170338368,0.4629942581898511,-1.3355437102870424,-0.5144227466365535,-0.6456245288212396,-0.3303174598660074,-0.5043466479784757,1.9827632522357468
2.222592520599086,-0.5232825142917406,-0.49008507549163655,0.04136583990462569,-0.6727883236745497,-0.48062015324104057,-0.6543459016343852,-0.16224066063139642,2.421881862970483,1.1944880919464211,-1.3278610462577245,-1.3250928858946096,-1.3355437102870424,-1.5504797737410139,-0.6456245288212396,3.027390681696474,-0.5043466479784757,-0.5043466479784757
-1.1932917349873962,0.20175423129250772,0.4979949595532675,0.1404119440197777,0.3983274363215966,0.6190836239239127,-0.009968121202211428,-0.1435225347704519,-0.8509168700722641,-0.8371787100618959,1.3217135414139385,1.3570378302320816,1.3285383899924177,1.557691307572367,1.5488878680395983,-0.3303174598660074,-0.5043466479784757,-0.5043466479784757
-0.9780049121563152,-0.2816035990969911,-0.5370020403139169,2.0208978014481573,-0.724616505609847,-1.0200644197108168,-0.9686765262354456,0.25598333732831674,-0.854534323615576,-0.8371787100618959,1.3217135414139385,-0.43104931385237927,-1.3355437102870424,-0.16907040426840003,-0.6456245288212396,-0.3303174598660074,-0.5043466479784757,1.9827632522357468
1.289682954997736,-0.5232825142917406,-0.3896185609289651,0.6460509937823764,-0.4481995352882609,0.19894143001809486,0.16291372232837179,-0.16224066063139642,1.5334818655533273,1.1944880919464211,-1.3278610462577245,-1.3250928858946096,-0.44751634352722236,-1.2051274313728604,-0.6456245288212396,-0.3303174598660074,-0.5043466479784757,-0.5043466479784757
0.5002979379504396,-0.5232825142917406,-0.5764837971806912,-1.6597944395468471,-0.6727883236745497,-1.0650263343269164,-0.6543459016343852,-0.16224066063139642,0.7817587908157343,1.1944880919464211,-0.4446695170338368,-1.3250928858946096,-1.3355437102870424,-1.2051274313728604,-0.6456245288212396,-0.3303174598660074,-0.5043466479784757,-0.5043466479784757
-0.5761361762049644,-0.2816035990969911,-0.4317343806730089,-1.2886321967574348,-0.13723044367647652,-0.664046010179277,0.1000475974081597,-0.14497374805723193,-0.6807805332095829,-0.8371787100618959,0.43852201219005094,0.4629942581898511,-0.44751634352722236,0.1762819380997534,-0.6456245288212396,-0.3303174598660074,1.9827632522357468,-0.5043466479784757
-0.4900214470725321,0.4434331464872571,1.4561882313148031,0.20220281178003746,1.1930262259961568,1.5430904528541214,0.35151209708900805,-0.15265149308041137,-0.5640078824654934,-0.8371787100618959,0.43852201219005094,1.3570378302320816,1.3285383899924177,1.2123389652042138,1.5488878680395983,-0.3303174598660074,-0.5043466479784757,-0.5043466479784757
1.777666420081519,-0.5232825142917406,-0.34160711014660045,-0.1912829572061292,-0.39637135335296353,0.5236937880575394,0.35151209708900805,-0.16224066063139642,1.9981834026638394,1.1944880919464211,-1.3278610462577245,-1.3250928858946096,-0.44751634352722236,-1.2051274313728604,-0.6456245288212396,-0.3303174598660074,-0.5043466479784757,-0.5043466479784757
0.38547829910719655,-0.5232825142917406,-0.37965873869219796,-0.07204484539213914,-0.4827516565784592,0.2663102702496816,0.03718147248794763,-0.16224066063139642,0.6724172526720843,1.1944880919464211,-0.4446695170338368,-1.3250928858946096,-0.44751634352722236,-0.8597750890047069,-0.6456245288212396,-0.3303174598660074,-0.5043466479784757,-0.5043466479784757
0.7873470350585474,-0.2816035990969911,-0.03292558653749177,0.8217582478208256,-0.3790952927078644,0.6847373966111423,-0.34001527703332485,-0.1319603086003468,-0.4986881690243764,-0.8371787100618959,-1.3278610462577245,-0.43104931385237927,0.44051102323259766,-0.5144227466365535,-0.6456245288212396,-0.3303174598660074,-0.5043466479784757,1.9827632522357468
-1.0497671864333422,-0.5232825142917406,-0.4679107899403286,-0.05400223636765408,-0.5864080204490539,-0.3306319441100571,-0.34001527703332485,-0.16224066063139642,-0.6943519741235394,1.1944880919464211,1.3217135414139385,-0.43104931385237927,-1.3355437102870424,-0.16907040426840003,-0.6456245288212396,-0.3303174598660074,-0.5043466479784757,1.9827632522357468
0.8016994899139528,-0.5232825142917406,-0.3848101192776614,0.17485401494292319,-0.46547559593336,0.2314660202837473,0.1000475974081597,-0.16224066063139642,1.0687803284428152,1.1944880919464211,-1.3278610462577245,-1.3250928858946096,-0.44751634352722236,-1.2051274313728604,-0.6456245288212396,-0.3303174598660074,-0.5043466479784757,-0.5043466479784757
-0.8344803636022614,-0.0399246839022417,-0.5418177785382878,-1.1834695613004347,-0.724616505609847,-1.1049540938487872,-1.0105872761822539,-0.10090892908702508,-0.8205152873662124,-0.8371787100618959,0.43852201219005094,0.4629942581898511,-1.3355437102870424,-0.16907040426840003,-0.6456245288212396,-0.3303174598660074,-0.5043466479784757,1.9827632522357468
-1.2076441898428014,-0.2816035990969911,-0.1708527072273152,0.8022484376229208,-0.18905862561177392,0.21826370177682483,0.005748410027841591,-0.11894767365889901,-0.8564597668426597,-0.8371787100618959,1.3217135414139385,-0.43104931385237927,0.44051102323259766,0.5216342804679068,-0.6456245288212396,-0.3303174598660074,1.9827632522357468,-0.5043466479784757
0.05537183743287264,-0.2816035990969911,0.46977911150229423,1.5650845208295812,0.10463440535491135,2.384899893532538,0.5401104718496442,-0.15397965189276683,-0.30000544311365457,-0.8371787100618959,-0.4446695170338368,0.4629942581898511,1.3285383899924177,0.5216342804679068,-0.6456245288212396,-0.3303174598660074,1.9827632522357468,-0.5043466479784757
2.193887610888275,-0.5232825142917406,-0.5453201336105575,1.2991934404687446,-0.7418925662549462,-0.8542334283715262,-0.9058104013152335,-0.16224066063139642,2.3945464784345702,1.1944880919464211,-1.3278610462577245,-1.3250928858946096,-1.3355437102870424,-1.5504797737410139,-0.6456245288212396,3.027390681696474,-0.5043466479784757,-0.5043466479784757
-0.016390436844154296,-0.2816035990969911,-0.26972127228826365,-0.26912565165959423,-0.3445431714176661,-0.11611277629570364,-0.27714915211311275,-0.11766125347457337,-0.7023743152373398,-0.8371787100618959,-0.4446695170338368,-0.43104931385237927,0.44051102323259766,-0.16907040426840003,-0.6456245288212396,-0.3303174598660074,-0.5043466479784757,1.9827632522357468
2.265649885165302,-0.5232825142917406,-0.5000813805937397,-0.7628190194724341,-0.6727883236745497,-0.5482357657811682,-0.6543459016343852,-0.16224066063139642,2.4628849397743515,1.1944880919464211,-1.3278610462577245,-1.3250928858946096,-1.3355437102870424,-1.5504797737410139,-0.6456245288212396,3.027390681696474,-0.5043466479784757,-0.5043466479784757
-1.1071770058549637,-0.2816035990969911,-0.5305080902840833,-0.9236559913478462,-0.5345798385137566,-0.9981016842507026,-0.6229128391742792,-0.10716726904053235,-0.846019268967957,-0.8371787100618959,1.3217135414139385,0.4629942581898511,-1.3355437102870424,0.1762819380997534,-0.6456245288212396,-0.3303174598660074,1.9827632522357468,-0.5043466479784757
-0.5904886310603699,9.143874093498237,9.50286360300071,0.2879956713363907,8.552628060808388,0.4250221814294156,-0.2648825911530714,-0.1615370964099815,-0.3118430212058349,-0.8371787100618959,0.43852201219005094,1.3570378302320816,1.3285383899924177,1.2123389652042138,1.5488878680395983,-0.3303174598660074,-0.5043466479784757,-0.5043466479784757
1.361445229274763,-0.5232825142917406,-0.428100687285529,-0.21187506533190048,-0.5173037778686574,-0.061354001030542,-0.08855077735247653,-0.16224066063139642,1.6018203268931086,1.1944880919464211,-1.3278610462577245,-1.3250928858946096,-0.44751634352722236,-1.2051274313728604,-0.6456245288212396,-0.3303174598660074,-0.5043466479784757,-0.5043466479784757
-1.0354147315779367,-0.5232825142917406,-0.45391596279738405,-1.5962844557806588,0.4847077395470923,-0.23597008655387855,3.557684468019824,-0.16224066063139642,-0.6806842818555832,1.1944880919464211,1.3217135414139385,-0.43104931385237927,-0.44751634352722236,0.1762819380997534,-0.6456245288212396,-0.3303174598660074,1.9827632522357468,-0.5043466479784757
-0.9493000024455045,-0.0399246839022417,-0.3750473045137094,-1.1929419310382896,0.20829076922550616,-0.7289389015818397,0.12100297238156366,-0.1418801946493194,-0.7918592909132272,-0.8371787100618959,1.3217135414139385,0.4629942581898511,-0.44751634352722236,0.5216342804679068,-0.6456245288212396,-0.3303174598660074,1.9827632522357468,-0.5043466479784757
-1.0354147315779367,0.20175423129250772,0.2561792315322423,0.13364089748699293,-0.050850140450980845,0.21016957005669257,-0.41859793318358995,-0.13622293819417158,-0.8206552167004443,-0.8371787100618959,1.3217135414139385,1.3570378302320816,1.3285383899924177,1.557691307572367,1.5488878680395983,-0.3303174598660074,-0.5043466479784757,-0.5043466479784757
-0.9062426378792884,0.4434331464872571,0.14521294832582882,-0.821989811801181,-0.2236107469019722,-0.23041277416554395,-0.6794923516024701,-0.12797277253041434,-0.8073038460738192,-0.8371787100618959,1.3217135414139385,1.3570378302320816,1.3285383899924177,1.557691307572367,1.5488878680395983,-0.3303174598660074,-0.5043466479784757,-0.5043466479784757
0.3998307539626019,-0.5232825142917406,-0.4258898256461588,0.6135742975383027,-0.5173037778686574,-0.046399599132980945,-0.08855077735247653,-0.16224066063139642,0.6860849449400406,1.1944880919464211,-0.4446695170338368,-1.3250928858946096,-0.44751634352722236,-0.8597750890047069,-0.6456245288212396,-0.3303174598660074,-0.5043466479784757,-0.5043466479784757
-1.1932917349873962,-0.2816035990969911,-0.27690839675948387,1.1909377863218327,-0.6036840810941531,-0.14041984868695392,-0.7486450890147034,-0.01568171772017138,-0.8571166081859228,-0.8371787100618959,1.3217135414139385,-0.43104931385237927,0.44051102323259766,0.5216342804679068,-0.6456245288212396,-0.3303174598660074,1.9827632522357468,-0.5043466479784757
-1.0354147315779367,0.20175423129250772,-0.05343625342947156,0.4223994189384371,-0.13723044367647652,-0.3133948983584953,-0.49718058933385506,-0.14639345546216756,-0.8038757481640955,-0.8371787100618959,1.3217135414139385,1.3570378302320816,0.44051102323259766,1.2123389652042138,1.5488878680395983,-0.3303174598660074,-0.5043466479784757,-0.5043466479784757
1.6915516909490869,-0.2816035990969911,-0.49452139191651157,0.43314820729344944,-0.6382362023843514,-0.876393581678473,-0.8115112139349154,-0.1201846161438275,-0.4620012055682834,-0.8371787100618959,-1.3278610462577245,-0.43104931385237927,-1.3355437102870424,-1.2051274313728604,-0.6456245288212396,-0.3303174598660074,-0.5043466479784757,-0.5043466479784757
2.337412159442329,-0.5232825142917406,-0.5295595357853435,0.7218299516852147,-0.7418925662549462,-0.7476277910819821,-0.9058104013152335,-0.16224066063139642,2.531223401114133,1.1944880919464211,-1.3278610462577245,-1.3250928858946096,-1.3355437102870424,-1.5504797737410139,-0.6456245288212396,3.027390681696474,-0.5043466479784757,-0.5043466479784757
1.2035682258653038,-0.5232825142917406,-0.5783736096051034,-0.3607265897839043,-0.7591686269000453,-1.07780913990932,-0.9686765262354456,-0.16224066063139642,1.4514757119455899,1.1944880919464211,-1.3278610462577245,-1.3250928858946096,-1.3355437102870424,-1.5504797737410139,-0.6456245288212396,3.027390681696474,-0.5043466479784757,-0.5043466479784757
-0.9780049121563152,2.3768644680452526,3.394311266005148,0.6074849169925391,1.1930262259961568,0.8375198275742167,-0.5382853633201475,-0.15714295826926686,-0.7238454153333397,-0.8371787100618959,1.3217135414139385,1.3570378302320816,1.3285383899924177,1.557691307572367,1.5488878680395983,-0.3303174598660074,-0.5043466479784757,-0.5043466479784757
1.7633139652261138,-0.2816035990969911,-0.4050727026853554,-0.19834310856353649,-0.46547559593336,-0.5738754086385376,-0.49718058933385506,-0.145639590438935,-0.014384283792716595,-0.8371787100618959,-1.3278610462577245,-0.43104931385237927,-0.44751634352722236,-0.8597750890047069,-0.6456245288212396,-0.3303174598660074,-0.5043466479784757,-0.5043466479784757
-0.6766033601928021,-0.2816035990969911,-0.41698800650413975,-1.1462094756870789,-0.17178256496667477,-0.6141733266232194,0.03718147248794763,-0.15773465586487118,-0.5422246167062874,-0.8371787100618959,0.43852201219005094,0.4629942581898511,-0.44751634352722236,0.1762819380997534,-0.6456245288212396,-0.3303174598660074,1.9827632522357468,-0.5043466479784757
0.28501111511935884,-0.5232825142917406,-0.534995482720429,-0.739621379298096,-0.5864080204490539,-0.7843968650545331,-0.34001527703332485,-0.16224066063139642,0.5767434067963907,1.1944880919464211,-0.4446695170338368,-1.3250928858946096,-1.3355437102870424,-1.2051274313728604,-0.6456245288212396,-0.3303174598660074,-0.5043466479784757,-0.5043466479784757
-0.6766033601928021,-0.2816035990969911,-0.2923844282350759,-1.4337661506686794,0.571088042772588,-0.19276025532841753,1.3888031582725073,-0.16013785840701797,-0.4588471227372165,-0.8371787100618959,0.43852201219005094,0.4629942581898511,0.44051102323259766,0.5216342804679068,-0.6456245288212396,-0.3303174598660074,1.9827632522357468,-0.5043466479784757
-0.1312100756873974,-0.5232825142917406,-0.5764910937537584,1.1007247411994063,-0.724616505609847,-1.0650756887886246,-0.8429442763950215,-0.16224066063139642,0.18038033102565978,1.1944880919464211,-0.4446695170338368,-0.43104931385237927,-1.3355437102870424,-0.8597750890047069,-0.6456245288212396,-0.3303174598660074,-0.5043466479784757,-0.5043466479784757
-0.7770705441806398,0.20175423129250772,0.06482660284417058,-0.3387616744497484,0.12191046600001049,-0.11341061951718402,-0.26143262088305974,-0.1518297280499149,-0.6878820606239152,-0.8371787100618959,0.43852201219005094,1.3570378302320816,0.44051102323259766,0.8669866228360602,1.5488878680395983,-0.3303174598660074,-0.5043466479784757,-0.5043466479784757
-1.1215294607103692,0.9267909768767559,0.7978549263240967,0.3130436755782194,1.0893698621255619,0.11116099455150602,-0.11549340231828172,-0.14953952438891008,-0.8243412291960537,-0.8371787100618959,1.3217135414139385,1.3570378302320816,1.3285383899924177,1.557691307572367,1.5488878680395983,-0.3303174598660074,-0.5043466479784757,-0.5043466479784757
2.323059704586924,-0.5232825142917406,-0.4332447712979252,1.4641544372640392,-0.6727883236745497,-0.09614889653476826,-0.6543459016343852,-0.16224066063139642,2.5175557088461766,1.1944880919464211,-1.3278610462577245,-1.3250928858946096,-0.44751634352722236,-1.2051274313728604,-0.6456245288212396,-0.3303174598660074,-0.5043466479784757,-0.5043466479784757
-0.6478984504819914,1.1684698920715055,2.5558401651307006,0.9476392916235585,1.5212713782530403,1.4283857483982745,-0.041401183662317466,-0.15315447818037844,-0.620281899897196,-0.8371787100618959,0.43852201219005094,1.3570378302320816,1.3285383899924177,1.2123389652042138,1.5488878680395983,-0.3303174598660074,-0.5043466479784757,-0.5043466479784757
0.9021666739017905,-0.5232825142917406,-0.3294510194165975,-0.9159733320212912,0.2601189511608036,0.6059183212632709,2.740424844057067,-0.16224066063139642,1.164454174318509,1.1944880919464211,-1.3278610462577245,-1.3250928858946096,-0.44751634352722236,-1.2051274313728604,-0.6456245288212396,-0.3303174598660074,-0.5043466479784757,-0.5043466479784757
-1.1789392801319907,0.4434331464872571,-0.15685058351130343,-0.834235060767958,0.8129528918039758,-0.6390479753241132,0.07490114744007496,-0.151899010347568,-0.8418001244844713,-0.8371787100618959,1.3217135414139385,1.3570378302320816,0.44051102323259766,1.2123389652042138,1.5488878680395983,-0.3303174598660074,-0.5043466479784757,-0.5043466479784757
-0.5187263567833429,-0.0399246839022417,-0.23395347111270876,-1.2564890613524693,0.709296527933381,-0.41081649289851974,0.7287088466102805,-0.15759089993722625,-0.45573684661213676,-0.8371787100618959,0.43852201219005094,0.4629942581898511,0.44051102323259766,0.5216342804679068,-0.6456245288212396,-0.3303174598660074,1.9827632522357468,-0.5043466479784757
2.36611706915314,-0.5232825142917406,-0.4634525837962519,1.263108222419774,-0.6555122630294505,-0.3004763680063943,-0.5914797767141732,-0.16224066063139642,2.558558785650045,1.1944880919464211,-1.3278610462577245,-1.3250928858946096,-0.44751634352722236,-1.2051274313728604,-0.6456245288212396,-0.3303174598660074,-0.5043466479784757,-0.5043466479784757
-0.5330788116387483,-0.5232825142917406,0.16242556419142118,-0.14421528149008053,0.2946710724510018,3.933001293931209,2.866157093897491,-0.16224066063139642,-0.20231505247711487,1.1944880919464211,0.43852201219005094,-0.43104931385237927,1.3285383899924177,0.5216342804679068,-0.6456245288212396,-0.3303174598660074,1.9827632522357468,-0.5043466479784757
0.06972429228827803,0.4434331464872571,0.4505307517509451,2.8869430346234526,-0.6727883236745497,0.18262484497738973,-1.006396201187573,-0.083635910815345,-0.7576549698909156,-0.8371787100618959,-0.4446695170338368,1.3570378302320816,1.3285383899924177,0.8669866228360602,1.5488878680395983,-0.3303174598660074,-0.5043466479784757,-0.5043466479784757
-1.0354147315779367,-0.5232825142917406,-0.27857931199187924,-0.22104187475563086,-0.25816286819217044,0.9500176282922995,0.8544410964507047,-0.16224066063139642,-0.6806842818555832,1.1944880919464211,1.3217135414139385,-0.43104931385237927,0.44051102323259766,0.5216342804679068,-0.6456245288212396,-0.3303174598660074,1.9827632522357468,-0.5043466479784757
0.2993635699747642,-0.2816035990969911,0.43303356953573074,0.7651322133439793,-0.08540226174117911,2.2606253589514864,0.19434678478847783,-0.14335835494310017,-0.4661543717270546,-0.8371787100618959,-0.4446695170338368,-0.43104931385237927,1.3285383899924177,0.1762819380997534,-0.6456245288212396,-0.3303174598660074,1.9827632522357468,-0.5043466479784757
-0.5761361762049644,2.3768644680452526,0.46096485123708203,-1.2562498884076545,1.8495165305099237,-0.6887365287730288,-0.3545228443226045,-0.15562807502014345,-0.5418842225130374,-0.8371787100618959,0.43852201219005094,1.3570378302320816,1.3285383899924177,1.2123389652042138,1.5488878680395983,-0.3303174598660074,-0.5043466479784757,-0.5043466479784757
-0.3464968985184782,-0.2816035990969911,-0.5815330257432134,-0.3607265897839043,-0.7073404449647479,-1.170669559613152,-0.9372434637753396,0.17245536008217294,-0.8412621433216741,-0.8371787100618959,0.43852201219005094,-0.43104931385237927,-1.3355437102870424,-0.5144227466365535,-0.6456245288212396,-0.3303174598660074,-0.5043466479784757,1.9827632522357468
1.074396132166655,-0.5232825142917406,-0.2162665779977464,0.3304441251540715,-0.3445431714176661,1.3715047312796638,0.5401104718496442,-0.16224066063139642,1.328466481533984,1.1944880919464211,-1.3278610462577245,-1.3250928858946096,0.44051102323259766,-0.8597750890047069,-0.6456245288212396,-0.3303174598660074,-0.5043466479784757,-0.5043466479784757
2.2369449754544917,-0.5232825142917406,-0.4360612485018755,-0.7576639883225812,-0.5000277172235583,-0.11519971875410337,-0.02568465243226445,-0.16224066063139642,2.435549555238439,1.1944880919464211,-1.3278610462577245,-1.3250928858946096,-0.44751634352722236,-1.2051274313728604,-0.6456245288212396,-0.3303174598660074,-0.5043466479784757,-0.5043466479784757
-1.1071770058549637,-0.5232825142917406,-0.3537923871688723,0.4167458354530086,-0.41364741399806265,0.4412718370049753,0.28864597216879595,-0.16224066063139642,-0.7490227431953643,1.1944880919464211,1.3217135414139385,-0.43104931385237927,-0.44751634352722236,0.1762819380997534,-0.6456245288212396,-0.3303174598660074,1.9827632522357468,-0.5043466479784757
-1.0354147315779367,1.1684698920715055,0.5652401769408469,-0.6463759629110499,0.847505013094174,-0.25468159684897035,-0.34787354264835135,-0.14816257794276105,-0.7993044505248034,-0.8371787100618959,1.3217135414139385,1.3570378302320816,1.3285383899924177,1.557691307572367,1.5488878680395983,-0.3303174598660074,-0.5043466479784757,-0.5043466479784757
-0.8488328184576668,2.135185552850503,1.656807507798255,-0.6406207422155574,3.663502898245333,0.03144472559615493,0.25721290970868993,-0.15838097170006976,-0.6291957727925455,-0.8371787100618959,1.3217135414139385,1.3570378302320816,1.3285383899924177,1.557691307572367,1.5488878680395983,-0.3303174598660074,-0.5043466479784757,-0.5043466479784757
-0.7914229990360452,-0.5232825142917406,-0.5223140387295856,-1.4432831312530234,-0.3790952927078644,-0.6986188106058167,0.4143782220092201,-0.16224066063139642,-0.4483335133003271,1.1944880919464211,0.43852201219005094,-0.43104931385237927,-1.3355437102870424,-0.5144227466365535,-0.6456245288212396,-0.3303174598660074,-0.5043466479784757,1.9827632522357468
1.0169863127450336,-0.5232825142917406,-0.2980976449467159,1.5157047487625686,-0.4827516565784592,0.8179944432230725,0.03718147248794763,-0.16224066063139642,1.2737957124621588,1.1944880919464211,-1.3278610462577245,-1.3250928858946096,0.44051102323259766,-0.8597750890047069,-0.6456245288212396,-0.3303174598660074,-0.5043466479784757,-0.5043466479784757
0.7012323059261151,-0.5232825142917406,-0.480526564773567,-0.03595962734316864,-0.6555122630294505,-0.4159658084034004,-0.5914797767141732,-0.16224066063139642,0.9731064825671216,1.1944880919464211,-1.3278610462577245,-1.3250928858946096,-1.3355437102870424,-1.5504797737410139,-0.6456245288212396,3.027390681696474,-0.5043466479784757,-0.5043466479784757
2.337412159442329,-0.5232825142917406,-0.3580681789862683,-0.5772378980777282,-0.30999105012746786,0.4123501224440156,0.6658427216900684,-0.16224066063139642,2.531223401114133,1.1944880919464211,-1.3278610462577245,-1.3250928858946096,-0.44751634352722236,-1.2051274313728604,-0.6456245288212396,-0.3303174598660074,-0.5043466479784757,-0.5043466479784757
-0.8057754538914507,-0.0399246839022417,0.3221402520599895,-0.31742432812513954,1.0375416801902646,0.8430007038218543,1.126860971104957,-0.1535574474660526,-0.6813221074947544,-0.8371787100618959,0.43852201219005094,0.4629942581898511,1.3285383899924177,0.8669866228360602,1.5488878680395983,-0.3303174598660074,-0.5043466479784757,-0.5043466479784757
-1.2076441898428014,6.243727111161244,3.193064484237914,-0.734376002241493,2.903356229860971,-0.35682895200913034,-0.6305001301129254,-0.15890977556523223,-0.8490993470845454,-0.8371787100618959,1.3217135414139385,1.3570378302320816,1.3285383899924177,1.557691307572367,1.5488878680395983,-0.3303174598660074,-0.5043466479784757,-0.5043466479784757
-0.43261162765091055,-0.5232825142917406,-0.5051379057293293,-0.7937492063715519,-0.46547559593336,-0.5824384077448967,0.1000475974081597,-0.16224066063139642,-0.10664120660142119,1.1944880919464211,0.43852201219005094,-0.43104931385237927,-1.3355437102870424,-0.5144227466365535,-0.6456245288212396,-0.3303174598660074,-0.5043466479784757,1.9827632522357468
0.9595764933234121,-0.2816035990969911,-0.547728002722743,-0.3607265897839043,-0.7073404449647479,-1.0563399490662868,-0.9372434637753396,-0.16224066063139642,1.219124943390334,-0.8371787100618959,-1.3278610462577245,0.4629942581898511,-1.3355437102870424,-0.8597750890047069,-0.6456245288212396,-0.3303174598660074,-0.5043466479784757,-0.5043466479784757
0.27065866026395347,-0.5232825142917406,-0.5047876702221024,0.7218299516852147,-0.6555122630294505,-0.580069393582907,-0.5914797767141732,-0.16224066063139642,0.5630757145284344,1.1944880919464211,-0.4446695170338368,-1.3250928858946096,-1.3355437102870424,-1.2051274313728604,-0.6456245288212396,-0.3303174598660074,-0.5043466479784757,-0.5043466479784757
-0.5904886310603699,1.8935066376557537,-0.33061117453428684,-1.4170393363083174,-0.3445431714176661,-1.0748658192838174,-0.9458161171735503,-0.1201846161438275,-0.772453072797575,-0.8371787100618959,0.43852201219005094,1.3570378302320816,-0.44751634352722236,0.5216342804679068,-0.6456245288212396,-0.3303174598660074,1.9827632522357468,-0.5043466479784757
-0.9923573670117206,-0.0399246839022417,-0.018835903944673264,-1.507987660168419,1.2966825898667516,0.07420625379443369,1.4411915957060175,-0.15608216471414163,-0.7419575976537747,-0.8371787100618959,1.3217135414139385,0.4629942581898511,0.44051102323259766,0.8669866228360602,1.5488878680395983,-0.3303174598660074,-0.5043466479784757,-0.5043466479784757
-1.1932917349873962,0.6851120616820066,-0.0439507084420743,0.0028490033887433345,-0.06812620109607997,-0.6122896313346927,-0.6543459016343852,-0.12962026715065386,-0.8535294514210978,-0.8371787100618959,1.3217135414139385,1.3570378302320816,0.44051102323259766,1.2123389652042138,1.5488878680395983,-0.3303174598660074,-0.5043466479784757,-0.5043466479784757
1.031338767600439,-0.5232825142917406,-0.2892104189508314,-0.7648810319323753,-0.27543892883726956,0.8781081775835654,0.7915749715304926,-0.16224066063139642,1.2874634047301152,1.1944880919464211,-1.3278610462577245,-1.3250928858946096,0.44051102323259766,-0.8597750890047069,-0.6456245288212396,-0.3303174598660074,-0.5043466479784757,-0.5043466479784757
-0.11685762083199201,-0.0399246839022417,0.2539172938814015,0.4953258137778298,0.15646258729020876,0.6891792981648732,0.05813684746135158,-0.14307449452378038,-0.5765467604332053,-0.8371787100618959,-0.4446695170338368,0.4629942581898511,1.3285383899924177,0.5216342804679068,-0.6456245288212396,-0.3303174598660074,1.9827632522357468,-0.5043466479784757
2.193887610888275,-0.5232825142917406,-0.3716616946105153,-0.20607565528831587,-0.5518558991588557,0.3204027602817838,-0.21428302719290068,-0.16224066063139642,2.3945464784345702,1.1944880919464211,-1.3278610462577245,-1.3250928858946096,-0.44751634352722236,-1.2051274313728604,-0.6456245288212396,-0.3303174598660074,-0.5043466479784757,-0.5043466479784757
-0.4182591727955052,0.20175423129250772,0.48780164697834905,-0.2229466663241982,0.6229162247078853,0.6018465781723509,0.19434678478847783,-0.1514446645368864,-0.5570566038300424,-0.8371787100618959,0.43852201219005094,1.3570378302320816,1.3285383899924177,1.2123389652042138,1.5488878680395983,-0.3303174598660074,-0.5043466479784757,-0.5043466479784757
-0.7340131796144237,1.1684698920715055,0.5616283732725688,1.1349107372457994,0.31194713309610095,-0.25773540416716045,-0.5914797767141732,-0.1419603014007243,-0.7390060098209033,-0.8371787100618959,0.43852201219005094,1.3570378302320816,1.3285383899924177,1.2123389652042138,1.5488878680395983,-0.3303174598660074,-0.5043466479784757,-0.5043466479784757
1.3183878647085467,-0.2816035990969911,-0.5340834110870254,0.43314820729344944,-0.7418925662549462,-1.0101935273691924,-1.0001095886955516,0.09009560629401712,-0.7929809967058182,-0.8371787100618959,-1.3278610462577245,-0.43104931385237927,-1.3355437102870424,-1.2051274313728604,-0.6456245288212396,-0.3303174598660074,-0.5043466479784757,-0.5043466479784757
0.17019147627611575,-0.0399246839022417,0.07121840085106297,1.9326894906617846,-0.327267110772567,0.2772505092616489,-0.528613651793961,-0.14552607884787544,-0.46666064611417746,-0.8371787100618959,-0.4446695170338368,0.4629942581898511,0.44051102323259766,0.1762819380997534,-0.6456245288212396,-0.3303174598660074,1.9827632522357468,-0.5043466479784757
0.5720602122274666,-0.5232825142917406,-0.4327413077562865,-0.24525389202719833,-0.5345798385137566,-0.09274343867690782,-0.1514169022726886,-0.16224066063139642,0.8500972521555155,1.1944880919464211,-0.4446695170338368,-1.3250928858946096,-0.44751634352722236,-0.8597750890047069,-0.6456245288212396,-0.3303174598660074,-0.5043466479784757,-0.5043466479784757
2.1651827011774647,-0.5232825142917406,-0.5180674332044585,-0.3336626762471764,-0.6555122630294505,-0.6698945138916895,-0.5914797767141732,-0.16224066063139642,2.367211093898658,1.1944880919464211,-1.3278610462577245,-1.3250928858946096,-1.3355437102870424,-1.5504797737410139,-0.6456245288212396,3.027390681696474,-0.5043466479784757,-0.5043466479784757
-0.31779198880766746,-0.5232825142917406,-0.41317919536304637,1.9421664166140398,-0.6036840810941531,0.03957587316256798,-0.40288140195353694,-0.16224066063139642,0.0027003315422287027,1.1944880919464211,0.43852201219005094,-0.43104931385237927,-0.44751634352722236,-0.16907040426840003,-0.6456245288212396,-0.3303174598660074,-0.5043466479784757,1.9827632522357468
-1.0210622767225315,-0.2816035990969911,-0.17617190899332494,-0.6885865709145518,-0.2408868075470713,0.20027400048421407,-0.08855077735247653,-0.11338143247672078,-0.8343575598646704,-0.8371787100618959,1.3217135414139385,-0.43104931385237927,0.44051102323259766,0.5216342804679068,-0.6456245288212396,-0.3303174598660074,1.9827632522357468,-0.5043466479784757
2.3804695240085456,-0.5232825142917406,-0.3513772214836196,-0.16700594552100942,-0.46547559593336,0.4576081638303638,0.1000475974081597,-0.16224066063139642,2.5722264779180013,1.1944880919464211,-1.3278610462577245,-1.3250928858946096,-0.44751634352722236,-1.2051274313728604,-0.6456245288212396,-0.3303174598660074,-0.5043466479784757,-0.5043466479784757
-0.10250516597658663,0.20175423129250772,-0.08884652252473225,-0.71895439077914,-0.2408868075470713,-0.37327419902587466,-0.5914797767141732,-0.16146184499273775,0.10110771587151365,-0.8371787100618959,-0.4446695170338368,1.3570378302320816,0.44051102323259766,0.5216342804679068,-0.6456245288212396,-0.3303174598660074,1.9827632522357468,-0.5043466479784757
0.026666927722061865,-0.2816035990969911,-0.2716913470164154,0.17539664980080222,-0.4481995352882609,-0.12277562862630012,-0.465747526873749,-0.1292967591161341,-0.6497521361965243,-0.8371787100618959,-0.4446695170338368,0.4629942581898511,0.44051102323259766,0.1762819380997534,-0.6456245288212396,-0.3303174598660074,1.9827632522357468,-0.5043466479784757
-0.7914229990360452,-0.2816035990969911,-0.520446116024375,-1.0411907015644932,-0.6727883236745497,-0.9640717829029523,-0.8743773388551275,-0.011539834550941113,-0.8401406916484059,-0.8371787100618959,0.43852201219005094,0.4629942581898511,-1.3355437102870424,-0.16907040426840003,-0.6456245288212396,-0.3303174598660074,-0.5043466479784757,1.9827632522357468
0.3998307539626019,-0.5232825142917406,-0.4693482148345727,0.04823921477109626,-0.6382362023843514,-0.34035477306655715,-0.528613651793961,-0.16224066063139642,0.6860849449400406,1.1944880919464211,-0.4446695170338368,-1.3250928858946096,-1.3355437102870424,-1.2051274313728604,-0.6456245288212396,-0.3303174598660074,-0.5043466479784757,-0.5043466479784757
1.1605108612990875,-0.5232825142917406,-0.5237733533430313,-0.3607265897839043,-0.7073404449647479,-0.7084897029474412,-0.7800781514748094,-0.16224066063139642,1.4104726351417212,1.1944880919464211,-1.3278610462577245,-1.3250928858946096,-1.3355437102870424,-1.5504797737410139,-0.6456245288212396,3.027390681696474,-0.5043466479784757,-0.5043466479784757
-0.8488328184576668,-0.2816035990969911,0.623860844962962,0.9383412599790385,0.41560349696669574,2.9060089774777467,1.105905596131553,-0.16061530625506526,-0.5698955762953262,-0.8371787100618959,1.3217135414139385,0.4629942581898511,1.3285383899924177,1.2123389652042138,1.5488878680395983,-0.3303174598660074,-0.5043466479784757,-0.5043466479784757
1.3757976841301682,-0.5232825142917406,-0.4296329676296471,-0.9922179056408905,-0.5864080204490539,-0.07171843798924764,-0.34001527703332485,-0.16224066063139642,1.6154880191610648,1.1944880919464211,-1.3278610462577245,-1.3250928858946096,-0.44751634352722236,-1.2051274313728604,-0.6456245288212396,-0.3303174598660074,-0.5043466479784757,-0.5043466479784757
-1.1215294607103692,2.8602222984347514,0.22547525206534413,-1.076255940188092,1.106645922770661,-0.8687173177341364,-0.6333905266609813,-0.15334708849961662,-0.8161952402658412,-0.8371787100618959,1.3217135414139385,1.3570378302320816,1.3285383899924177,1.557691307572367,1.5488878680395983,-0.3303174598660074,-0.5043466479784757,-0.5043466479784757
-1.1932917349873962,0.20175423129250772,0.5797384676254302,-0.05922953430932721,0.5192598608372906,0.7573131325529361,0.1000475974081597,-0.14676721030106446,-0.8498420732189945,-0.8371787100618959,1.3217135414139385,1.3570378302320816,1.3285383899924177,1.557691307572367,1.5488878680395983,-0.3303174598660074,-0.5043466479784757,-0.5043466479784757
2.337412159442329,-0.5232825142917406,-0.2937124045333115,0.3170479405271962,-0.39637135335296353,0.8476564747096539,0.35151209708900805,-0.16224066063139642,2.531223401114133,1.1944880919464211,-1.3278610462577245,-1.3250928858946096,0.44051102323259766,-0.8597750890047069,-0.6456245288212396,-0.3303174598660074,-0.5043466479784757,-0.5043466479784757
-0.8344803636022614,-0.2816035990969911,-0.49431708787062917,1.371363876566686,-0.7764446875451444,-0.8757026192145594,-1.0629757136157638,1.1064500147435994,-0.8563366566618998,-0.8371787100618959,0.43852201219005094,-0.43104931385237927,-1.3355437102870424,-0.5144227466365535,-0.6456245288212396,-0.3303174598660074,-0.5043466479784757,1.9827632522357468
0.17019147627611575,-0.0399246839022417,-0.47848352431474295,0.0001255907058018667,-0.7073404449647479,-0.9621551846399534,-0.9896319012088497,-0.03607252716868965,-0.7885871155499745,-0.8371787100618959,-0.4446695170338368,0.4629942581898511,-1.3355437102870424,-0.5144227466365535,-0.6456245288212396,-0.3303174598660074,-0.5043466479784757,1.9827632522357468
1.2609780452869253,-0.2816035990969911,-0.5592201053036282,-1.4896784116017,-0.30999105012746786,-1.095206587661433,-0.21428302719290068,-0.1453663217937916,-0.16443177499527967,-0.8371787100618959,-1.3278610462577245,-0.43104931385237927,-1.3355437102870424,-1.2051274313728604,-0.6456245288212396,-0.3303174598660074,-0.5043466479784757,-0.5043466479784757
2.294354794876113,-0.5232825142917406,-0.4634306940770502,-0.5772378980777282,-0.36181923206276523,-0.3003283046212699,0.4772443469294322,-0.16224066063139642,2.490220324310264,1.1944880919464211,-1.3278610462577245,-1.3250928858946096,-0.44751634352722236,-1.2051274313728604,-0.6456245288212396,-0.3303174598660074,-0.5043466479784757,-0.5043466479784757
2.3087072497315186,-0.5232825142917406,-0.545940342321272,-1.3766642671626161,-0.5864080204490539,-0.8584285576167165,-0.34001527703332485,-0.16224066063139642,2.5038880165782205,1.1944880919464211,-1.3278610462577245,-1.3250928858946096,-1.3355437102870424,-1.5504797737410139,-0.6456245288212396,3.027390681696474,-0.5043466479784757,-0.5043466479784757
0.12713411170989958,-0.5232825142917406,-0.33000555896970685,-0.13437385838581592,-0.41364741399806265,0.6021673821734537,0.28864597216879595,-0.16224066063139642,0.4263987918488721,1.1944880919464211,-0.4446695170338368,-1.3250928858946096,-0.44751634352722236,-0.8597750890047069,-0.6456245288212396,-0.3303174598660074,-0.5043466479784757,-0.5043466479784757
1.1892157710098983,-0.5232825142917406,-0.5235471595779472,-0.7215787702736107,-0.7418925662549462,-0.7069597146344894,-0.9058104013152335,-0.16224066063139642,1.4378080196776337,1.1944880919464211,-1.3278610462577245,-1.3250928858946096,-1.3355437102870424,-1.5504797737410139,-0.6456245288212396,3.027390681696474,-0.5043466479784757,-0.5043466479784757
-0.6909558150482076,-0.5232825142917406,-0.3982504068674965,0.9383412599790385,-0.5864080204490539,0.1405551018173863,-0.34001527703332485,-0.16224066063139642,-0.35265966742463345,1.1944880919464211,0.43852201219005094,-0.43104931385237927,-0.44751634352722236,-0.16907040426840003,-0.6456245288212396,-0.3303174598660074,-0.5043466479784757,1.9827632522357468
-1.0210622767225315,0.20175423129250772,0.2533846440474938,0.29213827830208744,-0.01629801916078258,0.20544388034813996,-0.3871648707234839,-0.14625060205018534,-0.8000487943290676,-0.8371787100618959,1.3217135414139385,1.3570378302320816,1.3285383899924177,1.557691307572367,1.5488878680395983,-0.3303174598660074,-0.5043466479784757,-0.5043466479784757
-0.4900214470725321,-0.5232825142917406,-0.4666119999343619,-1.3410416801142733,-0.17178256496667477,-0.3218468499260113,1.168771721051765,-0.16224066063139642,-0.16131197567324615,1.1944880919464211,0.43852201219005094,-0.43104931385237927,-1.3355437102870424,-0.5144227466365535,-0.6456245288212396,-0.3303174598660074,-0.5043466479784757,1.9827632522357468
-0.4900214470725321,-0.5232825142917406,-0.29502578768541265,0.14760430794942106,-0.39637135335296353,0.8387726716021918,0.35151209708900805,-0.16224066063139642,-0.16131197567324615,1.1944880919464211,0.43852201219005094,-0.43104931385237927,0.44051102323259766,0.1762819380997534,-0.6456245288212396,-0.3303174598660074,1.9827632522357468,-0.5043466479784757
-0.705308269903613,-0.2816035990969911,-0.20391347979492833,0.44758229451303766,-0.36181923206276523,0.1064511687770737,-0.3085822145732188,-0.11172506696529351,-0.7984102026510046,-0.8371787100618959,0.43852201219005094,-0.43104931385237927,0.44051102323259766,0.1762819380997534,-0.6456245288212396,-0.3303174598660074,1.9827632522357468,-0.5043466479784757
-0.31779198880766746,-0.5232825142917406,-0.4961120448451674,-1.1925858269128062,-0.46547559593336,-0.5213869386119495,0.1000475974081597,-0.16224066063139642,0.0027003315422287027,1.1944880919464211,0.43852201219005094,-0.43104931385237927,-1.3355437102870424,-0.5144227466365535,-0.6456245288212396,-0.3303174598660074,-0.5043466479784757,1.9827632522357468
0.8160519447693582,-0.5232825142917406,-0.4592351645633937,0.4886639273687891,-0.5691319598039548,-0.2719494891390996,-0.27714915211311275,-0.16224066063139642,1.0824480207107716,1.1944880919464211,-1.3278610462577245,-1.3250928858946096,-0.44751634352722236,-1.2051274313728604,-0.6456245288212396,-0.3303174598660074,-0.5043466479784757,-0.5043466479784757
-0.07380025626577585,-0.0399246839022417,-0.25123905270897345,-0.45351715048125746,0.10463440535491135,-0.44979006616070033,-0.004729277458860497,-0.14121263838761197,-0.5850104359798896,-0.8371787100618959,-0.4446695170338368,0.4629942581898511,0.44051102323259766,0.1762819380997534,-0.6456245288212396,-0.3303174598660074,1.9827632522357468,-0.5043466479784757
-1.1071770058549637,-0.0399246839022417,0.2702032449674558,1.2823866265829227,0.24284289051570443,0.7258990176757162,0.16291372232837179,-0.15299222492232456,-0.8112230193848659,-0.8371787100618959,1.3217135414139385,0.4629942581898511,1.3285383899924177,1.2123389652042138,1.5488878680395983,-0.3303174598660074,-0.5043466479784757,-0.5043466479784757
-0.07380025626577585,1.6518277224610043,-0.057011574232413674,1.6342704652091866,-0.39637135335296353,-0.8730720264055165,-0.949816688759382,-0.13317754045706015,-0.6458996811546709,-0.8371787100618959,-0.4446695170338368,1.3570378302320816,0.44051102323259766,0.5216342804679068,-0.6456245288212396,-0.3303174598660074,1.9827632522357468,-0.5043466479784757
-1.0354147315779367,-0.0399246839022417,0.3212938495841909,0.9005376982134503,0.12191046600001049,0.8410923313024737,0.016226097514543677,-0.15523131988346828,-0.7695242815972987,-0.8371787100618959,1.3217135414139385,0.4629942581898511,1.3285383899924177,1.2123389652042138,1.5488878680395983,-0.3303174598660074,-0.5043466479784757,-0.5043466479784757
0.06972429228827803,-0.5232825142917406,-0.2850148894371749,-0.3446887150954729,-0.327267110772567,0.9064869930657357,0.6029765967698564,-0.16224066063139642,0.37172802277704714,1.1944880919464211,-0.4446695170338368,-0.43104931385237927,0.44051102323259766,-0.16907040426840003,-0.6456245288212396,-0.3303174598660074,-0.5043466479784757,1.9827632522357468
-1.0210622767225315,0.6851120616820066,0.1889194209985286,-0.6863736794941271,0.8647810737392733,-0.3497650237655726,-0.08855077735247653,-0.14879651526241947,-0.7927900723680332,-0.8371787100618959,1.3217135414139385,1.3570378302320816,1.3285383899924177,1.557691307572367,1.5488878680395983,-0.3303174598660074,-0.5043466479784757,-0.5043466479784757
-0.43261162765091055,0.4434331464872571,0.36422688551176446,-0.6083906043070553,0.9511613769647689,0.06587193036065567,0.17548694731241415,-0.15248853437340942,-0.5440073591760208,-0.8371787100618959,0.43852201219005094,1.3570378302320816,1.3285383899924177,1.2123389652042138,1.5488878680395983,-0.3303174598660074,-0.5043466479784757,-0.5043466479784757
0.08407674714368342,0.6851120616820066,1.2328328331538665,-0.539348419126309,0.8129528918039758,0.8270838899209851,-0.11998383981258257,-0.1557162428282935,-0.214201937934914,-0.8371787100618959,-0.4446695170338368,1.3570378302320816,1.3285383899924177,0.8669866228360602,1.5488878680395983,-0.3303174598660074,-0.5043466479784757,-0.5043466479784757
-0.016390436844154296,-0.5232825142917406,-0.33805367906286005,-1.3721898658431109,0.31194713309610095,0.547729410909395,2.9290232188177034,-0.16224066063139642,0.2897218691693097,1.1944880919464211,-0.4446695170338368,-0.43104931385237927,-0.44751634352722236,-0.5144227466365535,-0.6456245288212396,-0.3303174598660074,-0.5043466479784757,1.9827632522357468
-0.7770705441806398,1.1684698920715055,0.13996671229049137,0.6536689842593808,-0.18905862561177392,-0.6142535276234952,-0.819369479549942,-0.13446780106413392,-0.7729801809730367,-0.8371787100618959,0.43852201219005094,1.3570378302320816,1.3285383899924177,1.2123389652042138,1.5488878680395983,-0.3303174598660074,-0.5043466479784757,-0.5043466479784757
-0.9493000024455045,-0.5232825142917406,-0.14337381305613206,0.39475967745411916,0.018254102129415688,1.864555803743805,1.8602990951740979,-0.16224066063139642,-0.5986781282478457,1.1944880919464211,1.3217135414139385,-0.43104931385237927,0.44051102323259766,0.5216342804679068,-0.6456245288212396,-0.3303174598660074,1.9827632522357468,-0.5043466479784757
2.3804695240085456,-0.5232825142917406,-0.5822407933307345,2.453920418035805,-0.7418925662549462,-1.1039670046146248,-0.9058104013152335,-0.16224066063139642,2.5722264779180013,1.1944880919464211,-1.3278610462577245,-1.3250928858946096,-1.3355437102870424,-1.5504797737410139,-0.6456245288212396,3.027390681696474,-0.5043466479784757,-0.5043466479784757
0.8591093093355744,-0.5232825142917406,-0.4270718704830498,1.4074490946156566,-0.5864080204490539,-0.05439502192969677,-0.34001527703332485,-0.16224066063139642,1.1234510975146403,1.1944880919464211,-1.3278610462577245,-1.3250928858946096,-0.44751634352722236,-1.2051274313728604,-0.6456245288212396,-0.3303174598660074,-0.5043466479784757,-0.5043466479784757
-0.11685762083199201,-0.5232825142917406,-0.5995701543654026,-1.6597944395468471,-0.7764446875451444,-1.2211838511714153,-1.0315426511556578,6.84009074654883,-0.8573118690343816,1.1944880919464211,-0.4446695170338368,-0.43104931385237927,-1.3355437102870424,-0.8597750890047069,-0.6456245288212396,-0.3303174598660074,-0.5043466479784757,-0.5043466479784757
0.11278165685449419,-0.5232825142917406,-0.41420071559245847,-0.11874336286727782,-0.5000277172235583,0.03266624852343097,-0.02568465243226445,-0.16224066063139642,0.4127310995809158,1.1944880919464211,-0.4446695170338368,-1.3250928858946096,-0.44751634352722236,-0.8597750890047069,-0.6456245288212396,-0.3303174598660074,-0.5043466479784757,-0.5043466479784757
-0.7770705441806398,-0.2816035990969911,-0.4538211073475101,3.3199656512111004,-0.7764446875451444,-0.73874398797452,-1.0629757136157638,0.4195346214466404,-0.8533202520496495,-0.8371787100618959,0.43852201219005094,0.4629942581898511,-0.44751634352722236,0.1762819380997534,-0.6456245288212396,-0.3303174598660074,1.9827632522357468,-0.5043466479784757
-0.9493000024455045,2.8602222984347514,2.9927224775310166,0.42934976328829494,1.8149644092197255,0.37913786001189653,-0.4615564518790682,-0.1565899586187495,-0.7145868258470746,-0.8371787100618959,1.3217135414139385,1.3570378302320816,1.3285383899924177,1.557691307572367,1.5488878680395983,-0.3303174598660074,-0.5043466479784757,-0.5043466479784757
-0.9062426378792884,-0.5232825142917406,-0.46604286723511806,0.13724941929189055,-0.6209601417392523,-0.31799720191277775,-0.465747526873749,-0.16224066063139642,-0.557675051443977,1.1944880919464211,1.3217135414139385,-0.43104931385237927,-1.3355437102870424,-0.16907040426840003,-0.6456245288212396,-0.3303174598660074,-0.5043466479784757,1.9827632522357468
-0.23167725967523511,-0.0399246839022417,0.7227221134508431,-0.4459672623405279,0.9511613769647689,1.7461873530804917,1.0220840962379367,-0.15517569019499267,-0.3886926743128817,-0.8371787100618959,-0.4446695170338368,0.4629942581898511,1.3285383899924177,0.5216342804679068,-0.6456245288212396,-0.3303174598660074,1.9827632522357468,-0.5043466479784757
1.4188550486963845,-0.2816035990969911,-0.2817679144222582,1.2270230043708037,-0.4827516565784592,-0.15685488443575854,-0.528613651793961,-0.1482219791355401,-0.02007915557103166,-0.8371787100618959,-1.3278610462577245,-0.43104931385237927,0.44051102323259766,-0.5144227466365535,-0.6456245288212396,-0.3303174598660074,-0.5043466479784757,1.9827632522357468
1.5767320521058437,-0.5232825142917406,-0.5094647735581959,-0.4148544168573603,-0.5864080204490539,-0.6117056035378133,-0.34001527703332485,-0.16224066063139642,1.8068357109124522,1.1944880919464211,-1.3278610462577245,-1.3250928858946096,-1.3355437102870424,-1.5504797737410139,-0.6456245288212396,3.027390681696474,-0.5043466479784757,-0.5043466479784757
0.586412667082872,-0.5232825142917406,-0.4056637251038009,3.3199656512111004,-0.7418925662549462,0.09041096872193397,-0.9058104013152335,-0.16224066063139642,0.8637649444234716,1.1944880919464211,-0.4446695170338368,-1.3250928858946096,-0.44751634352722236,-0.8597750890047069,-0.6456245288212396,-0.3303174598660074,-0.5043466479784757,-0.5043466479784757
-0.9349475475900991,-0.0399246839022417,-0.11950672255322708,-0.25762596678684535,-0.11995438303137738,-0.15277491560122036,-0.27714915211311275,-0.1227490091003866,-0.8171602090606168,-0.8371787100618959,1.3217135414139385,0.4629942581898511,0.44051102323259766,0.8669866228360602,1.5488878680395983,-0.3303174598660074,-0.5043466479784757,-0.5043466479784757
-1.0928245509995584,1.6518277224610043,2.2398109924428926,0.37379308227832037,2.0568292582511134,0.6805126546889271,-0.05711771489237049,-0.1554616738047617,-0.7958321427288183,-0.8371787100618959,1.3217135414139385,1.3570378302320816,1.3285383899924177,1.557691307572367,1.5488878680395983,-0.3303174598660074,-0.5043466479784757,-0.5043466479784757
2.3948219788639507,-0.5232825142917406,-0.3839929030941317,2.0208978014481573,-0.7418925662549462,0.2369937199950573,-0.9058104013152335,-0.16224066063139642,2.585894170185958,1.1944880919464211,-1.3278610462577245,-1.3250928858946096,-0.44751634352722236,-1.2051274313728604,-0.6456245288212396,-0.3303174598660074,-0.5043466479784757,-0.5043466479784757
-1.15023437042118,1.8935066376557537,0.723356915307692,0.6413321575759724,0.17373864793530788,-0.4267654619789868,-0.7743630492093356,-0.14348839837070554,-0.8397704243667062,-0.8371787100618959,1.3217135414139385,1.3570378302320816,1.3285383899924177,1.557691307572367,1.5488878680395983,-0.3303174598660074,-0.5043466479784757,-0.5043466479784757
0.5002979379504396,-0.2816035990969911,-0.29752851224747207,0.22043534300478057,-0.46547559593336,-0.21015770308053064,-0.49718058933385506,-0.13537152109767184,-0.5190284733069974,-0.8371787100618959,-0.4446695170338368,-0.43104931385237927,0.44051102323259766,-0.16907040426840003,-0.6456245288212396,-0.3303174598660074,-0.5043466479784757,1.9827632522357468
-1.2076441898428014,-0.5232825142917406,-0.5803436843332551,0.7218299516852147,-0.7764446875451444,-1.0911348445705131,-1.0315426511556578,6.84009074654883,-0.8583506136467464,1.1944880919464211,1.3217135414139385,-0.43104931385237927,-1.3355437102870424,-0.16907040426840003,-0.6456245288212396,-0.3303174598660074,-0.5043466479784757,1.9827632522357468
-0.9205950927346938,0.20175423129250772,0.14217757392986172,1.8662468669525687,-0.41364741399806265,0.017391042624767136,-0.7486450890147034,-0.13728056918755469,-0.7954344254956436,-0.8371787100618959,1.3217135414139385,1.3570378302320816,1.3285383899924177,1.557691307572367,1.5488878680395983,-0.3303174598660074,-0.5043466479784757,-0.5043466479784757
-0.6478984504819914,-0.2816035990969911,0.009124564048947015,-0.764066204428044,0.8302289524490749,0.8269522780230966,1.8602990951740979,-0.1593343486139628,-0.47189849996921723,-0.8371787100618959,0.43852201219005094,0.4629942581898511,0.44051102323259766,0.5216342804679068,-0.6456245288212396,-0.3303174598660074,1.9827632522357468,-0.5043466479784757
-0.705308269903613,0.4434331464872571,0.4080209170612709,1.8514541688703818,-0.11995438303137738,0.12511702619508572,-0.6040530016982155,-0.1290631144245365,-0.7725438880285914,-0.8371787100618959,0.43852201219005094,1.3570378302320816,1.3285383899924177,1.2123389652042138,1.5488878680395983,-0.3303174598660074,-0.5043466479784757,-0.5043466479784757
-1.1358819155657744,1.8935066376557537,1.0024873179945246,0.7292958588677605,0.7438486492235793,-0.25512410446587613,-0.5857646744486993,-0.14803912676820288,-0.8312645466697907,-0.8371787100618959,1.3217135414139385,1.3570378302320816,1.3285383899924177,1.557691307572367,1.5488878680395983,-0.3303174598660074,-0.5043466479784757,-0.5043466479784757
-1.1932917349873962,13.977452397393224,9.2742473756583,-1.3424497447048096,18.46908687109529,-0.14694515579639672,0.05470154008866214,-0.16175328548457463,-0.8328060199112285,-0.8371787100618959,1.3217135414139385,1.3570378302320816,1.3285383899924177,1.557691307572367,1.5488878680395983,-0.3303174598660074,-0.5043466479784757,-0.5043466479784757
0.17019147627611575,-0.0399246839022417,-0.3113774079290721,-0.7433977393264766,0.3983274363215966,-0.5853832239601481,0.35151209708900805,-0.1527574349136113,-0.29491366759251836,-0.8371787100618959,-0.4446695170338368,0.4629942581898511,-0.44751634352722236,-0.16907040426840003,-0.6456245288212396,-0.3303174598660074,-0.5043466479784757,1.9827632522357468
-1.1215294607103692,-0.0399246839022417,-0.38065836920240825,-0.7253772142787654,-0.5173037778686574,-0.7415900952663552,-0.7591227765014055,-0.12213165524047422,-0.8441318083988284,-0.8371787100618959,1.3217135414139385,0.4629942581898511,-0.44751634352722236,0.5216342804679068,-0.6456245288212396,-0.3303174598660074,1.9827632522357468,-0.5043466479784757
-0.6191935407711806,-0.0399246839022417,0.12293651075157973,-0.205492066856257,0.0009780414843165532,0.39385865079070576,-0.13046152729928454,-0.13622522285543232,-0.7365265674075187,-0.8371787100618959,0.43852201219005094,0.4629942581898511,1.3285383899924177,0.8669866228360602,1.5488878680395983,-0.3303174598660074,-0.5043466479784757,-0.5043466479784757
-0.5187263567833429,0.6851120616820066,0.18427150395470385,1.22074731427533,0.052806223419613954,-0.35500482245025133,-0.5810020892274712,-0.142964973574594,-0.6797731023710527,-0.8371787100618959,0.43852201219005094,1.3570378302320816,1.3285383899924177,1.2123389652042138,1.5488878680395983,-0.3303174598660074,-0.5043466479784757,-0.5043466479784757
-0.28908707909685666,-0.5232825142917406,-0.43269752831788305,0.5840500282255086,-0.6036840810941531,-0.09244731190665909,-0.40288140195353694,-0.16224066063139642,0.030035716078141178,1.1944880919464211,0.43852201219005094,-0.43104931385237927,-0.44751634352722236,-0.16907040426840003,-0.6456245288212396,-0.3303174598660074,-0.5043466479784757,1.9827632522357468
-1.221996644698207,1.410148807266255,1.0942563174610596,-0.05255355973065164,0.7956768311588767,0.033187212285905585,-0.4517772768914798,-0.1501804714033436,-0.8583642813390142,-0.8371787100618959,1.3217135414139385,1.3570378302320816,1.3285383899924177,1.557691307572367,1.5488878680395983,-0.3303174598660074,-0.5043466479784757,-0.5043466479784757
-0.24602971453064051,-0.5232825142917406,-0.3730772297855577,0.9269459279635741,-0.46547559593336,0.31082799471040784,0.1000475974081597,-0.16224066063139642,0.07103879288200989,1.1944880919464211,-0.4446695170338368,-0.43104931385237927,-0.44751634352722236,-0.5144227466365535,-0.6456245288212396,-0.3303174598660074,-0.5043466479784757,1.9827632522357468
0.5290028476612504,-0.0399246839022417,0.3144934434855338,1.4095717545008897,-0.08540226174117911,0.8257595451984836,-0.23523840216630476,-0.14625936372612022,-0.34999280064064203,-0.8371787100618959,-0.4446695170338368,0.4629942581898511,1.3285383899924177,0.5216342804679068,-0.6456245288212396,-0.3303174598660074,1.9827632522357468,-0.5043466479784757
-0.633545995626586,-0.5232825142917406,-0.3888451241838389,-0.2782460913862571,-0.4309234746431618,0.20417300295915583,0.22577984724858385,-0.16224066063139642,-0.2979888983528085,1.1944880919464211,0.43852201219005094,-0.43104931385237927,-0.44751634352722236,-0.16907040426840003,-0.6456245288212396,-0.3303174598660074,-0.5043466479784757,1.9827632522357468
-1.0497671864333422,-0.0399246839022417,-0.4751927698614228,-0.48444733738037504,-0.6727883236745497,-0.954735563896499,-0.9477211512620416,0.10177784087389737,-0.854122583738614,-0.8371787100618959,1.3217135414139385,0.4629942581898511,-1.3355437102870424,0.1762819380997534,-0.6456245288212396,-0.3303174598660074,1.9827632522357468,-0.5043466479784757
-0.30343953395226203,-0.2816035990969911,-0.5011174939692862,-1.1257332124220818,-0.5691319598039548,-0.8987017983705443,-0.6857789640944912,-0.11968394894754693,-0.7346647634391275,-0.8371787100618959,0.43852201219005094,0.4629942581898511,-1.3355437102870424,-0.16907040426840003,-0.6456245288212396,-0.3303174598660074,-0.5043466479784757,1.9827632522357468
-1.1789392801319907,2.618543383240002,0.9852163295443944,-1.182359246898928,1.0375416801902646,-0.4749761180128475,-0.6184224016799783,-0.15969727127429106,-0.8282781662837647,-0.8371787100618959,1.3217135414139385,1.3570378302320816,1.3285383899924177,1.557691307572367,1.5488878680395983,-0.3303174598660074,-0.5043466479784757,-0.5043466479784757
0.772994580203142,-0.5232825142917406,-0.5081367972599603,-1.0968650379829052,-0.5345798385137566,-0.602723091506935,-0.1514169022726886,-0.16224066063139642,1.041444943906903,1.1944880919464211,-1.3278610462577245,-1.3250928858946096,-1.3355437102870424,-1.5504797737410139,-0.6456245288212396,3.027390681696474,-0.5043466479784757,-0.5043466479784757
0.08407674714368342,-0.5232825142917406,-0.3149673218781486,0.4511908163179349,-0.6555122630294505,0.7038869277538937,-0.5914797767141732,-0.16224066063139642,0.38539571504500336,1.1944880919464211,-0.4446695170338368,-0.43104931385237927,-0.44751634352722236,-0.5144227466365535,-0.6456245288212396,-0.3303174598660074,-0.5043466479784757,1.9827632522357468
1.6771992360936814,-0.5232825142917406,-0.48753127491810655,2.0208978014481573,-0.7591686269000453,-0.4633460916431978,-0.9686765262354456,-0.16224066063139642,1.9025095567881458,1.1944880919464211,-1.3278610462577245,-1.3250928858946096,-1.3355437102870424,-1.5504797737410139,-0.6456245288212396,3.027390681696474,-0.5043466479784757,-0.5043466479784757
0.11278165685449419,-0.5232825142917406,-0.38877215845316654,-0.858702598859699,-0.6209601417392523,0.2046665475762369,-0.465747526873749,-0.16224066063139642,0.4127310995809158,1.1944880919464211,-0.4446695170338368,-1.3250928858946096,-0.44751634352722236,-0.8597750890047069,-0.6456245288212396,-0.3303174598660074,-0.5043466479784757,-0.5043466479784757
-1.1358819155657744,-0.0399246839022417,-0.006103383942359212,0.8076174511978619,0.10463440535491135,0.10291409902132506,-0.004729277458860497,-0.16089271048756407,-0.7895849267002668,-0.8371787100618959,1.3217135414139385,0.4629942581898511,0.44051102323259766,0.8669866228360602,1.5488878680395983,-0.3303174598660074,-0.5043466479784757,-0.5043466479784757
0.012314472866656477,-0.5232825142917406,-0.4736750826634393,-0.9726063740925368,-0.39637135335296353,-0.3696219688594737,0.35151209708900805,-0.16224066063139642,0.31705725370522214,1.1944880919464211,-0.4446695170338368,-0.43104931385237927,-1.3355437102870424,-0.8597750890047069,-0.6456245288212396,-0.3303174598660074,-0.5043466479784757,-0.5043466479784757
2.2369449754544917,-0.5232825142917406,-0.4277139689129659,1.7847036469458044,-0.6036840810941531,-0.05873821456001151,-0.40288140195353694,-0.16224066063139642,2.435549555238439,1.1944880919464211,-1.3278610462577245,-1.3250928858946096,-0.44751634352722236,-1.2051274313728604,-0.6456245288212396,-0.3303174598660074,-0.5043466479784757,-0.5043466479784757
0.31371602483016964,-0.2816035990969911,-0.4875166817719721,-0.14421528149008053,-0.6382362023843514,-0.8527034400585743,-0.8115112139349154,-0.04220570032312679,-0.7776777669847347,-0.8371787100618959,-0.4446695170338368,-0.43104931385237927,-1.3355437102870424,-0.8597750890047069,-0.6456245288212396,-0.3303174598660074,-0.5043466479784757,-0.5043466479784757
-0.23167725967523511,-0.0399246839022417,0.09026975312959694,0.5225020805575676,0.2601189511608036,0.32020534243495125,0.18386909730177575,-0.1494655718488822,-0.5242477812114897,-0.8371787100618959,-0.4446695170338368,0.4629942581898511,1.3285383899924177,0.5216342804679068,-0.6456245288212396,-0.3303174598660074,1.9827632522357468,-0.5043466479784757
1.3327403195639522,-0.5232825142917406,-0.39298228111295747,0.021352189558137842,-0.5000277172235583,0.17618902317065044,-0.02568465243226445,-0.16224066063139642,1.574484942357196,1.1944880919464211,-1.3278610462577245,-1.3250928858946096,-0.44751634352722236,-1.2051274313728604,-0.6456245288212396,-0.3303174598660074,-0.5043466479784757,-0.5043466479784757
-1.1358819155657744,2.618543383240002,1.9133477202689477,0.12555549301505822,0.968437437609868,-0.026552054888928776,-0.6363841516571819,-0.1533094038719396,-0.8223048379086617,-0.8371787100618959,1.3217135414139385,1.3570378302320816,1.3285383899924177,1.557691307572367,1.5488878680395983,-0.3303174598660074,-0.5043466479784757,-0.5043466479784757
-0.9780049121563152,0.9267909768767559,1.337589732680068,0.19039310405491938,1.2621304685765533,0.6327036926960075,-0.02568465243226445,-0.15314854434694103,-0.7572165587092387,-0.8371787100618959,1.3217135414139385,1.3570378302320816,1.3285383899924177,1.557691307572367,1.5488878680395983,-0.3303174598660074,-0.5043466479784757,-0.5043466479784757
0.8591093093355744,-0.5232825142917406,-0.45272662138742575,-1.3350274771061115,-0.11995438303137738,-0.22792530929545463,1.3573700958124013,-0.16224066063139642,1.1234510975146403,1.1944880919464211,-1.3278610462577245,-1.3250928858946096,-0.44751634352722236,-1.2051274313728604,-0.6456245288212396,-0.3303174598660074,-0.5043466479784757,-0.5043466479784757
-0.9493000024455045,0.4434331464872571,0.44629873937195236,-0.09425113342227523,0.20829076922550616,0.17689972741924742,-0.3651617270014097,-0.13781748896283427,-0.8004551740294854,-0.8371787100618959,1.3217135414139385,1.3570378302320816,1.3285383899924177,1.557691307572367,1.5488878680395983,-0.3303174598660074,-0.5043466479784757,-0.5043466479784757
-1.1932917349873962,0.4434331464872571,0.32975057776910904,0.08869839864418454,-0.08540226174117911,0.01923196404648019,-0.5789065517301308,-0.14584958688239522,-0.8501762629296395,-0.8371787100618959,1.3217135414139385,1.3570378302320816,1.3285383899924177,1.557691307572367,1.5488878680395983,-0.3303174598660074,-0.5043466479784757,-0.5043466479784757
0.6868798510707097,-0.2816035990969911,-0.12124330694322759,0.6711570922972984,0.0009780414843165532,0.3860441943535862,0.35151209708900805,-0.15599320474737352,0.10277297492944848,-0.8371787100618959,-1.3278610462577245,0.4629942581898511,0.44051102323259766,-0.16907040426840003,-0.6456245288212396,-0.3303174598660074,-0.5043466479784757,1.9827632522357468
-1.1932917349873962,1.6518277224610043,0.37588680927319573,-1.1195154517736436,2.091381379541312,-0.5802569405373977,-0.044544489908328114,-0.1582167798316599,-0.8409982723397287,-0.8371787100618959,1.3217135414139385,1.3570378302320816,1.3285383899924177,1.557691307572367,1.5488878680395983,-0.3303174598660074,-0.5043466479784757,-0.5043466479784757
-0.9780049121563152,-0.2816035990969911,-0.244971296444224,-1.3553924021436494,0.847505013094174,-0.03240760923872824,1.8917321576342039,-0.15242758358429703,-0.7615514611076576,-0.8371787100618959,1.3217135414139385,0.4629942581898511,0.44051102323259766,0.8669866228360602,1.5488878680395983,-0.3303174598660074,-0.5043466479784757,-0.5043466479784757
1.6341418715274654,-0.5232825142917406,-0.4417233892020449,1.2125889171512154,-0.5345798385137566,-0.1534987810396062,-0.1514169022726886,-0.16224066063139642,1.861506479984277,1.1944880919464211,-1.3278610462577245,-1.3250928858946096,-0.44751634352722236,-1.2051274313728604,-0.6456245288212396,-0.3303174598660074,-0.5043466479784757,-0.5043466479784757
-1.1358819155657744,-0.2816035990969911,-0.22271674858917656,0.18456114962276352,-0.3790952927078644,0.0428579448661582,-0.34001527703332485,-0.1525354195958036,-0.8239746040196405,-0.8371787100618959,1.3217135414139385,0.4629942581898511,0.44051102323259766,0.8669866228360602,1.5488878680395983,-0.3303174598660074,-0.5043466479784757,-0.5043466479784757
2.2369449754544917,-0.5232825142917406,-0.37299696748181815,-0.8582419365016272,0.0009780414843165532,0.31137089378919725,1.7974329702538858,-0.16224066063139642,2.435549555238439,1.1944880919464211,-1.3278610462577245,-1.3250928858946096,-0.44751634352722236,-1.2051274313728604,-0.6456245288212396,-0.3303174598660074,-0.5043466479784757,-0.5043466479784757
-0.9062426378792884,-0.5232825142917406,-0.3559010967853014,0.4872760343669054,-0.3790952927078644,0.42700839757132775,0.4143782220092201,-0.16224066063139642,-0.557675051443977,1.1944880919464211,1.3217135414139385,-0.43104931385237927,-0.44751634352722236,0.1762819380997534,-0.6456245288212396,-0.3303174598660074,1.9827632522357468,-0.5043466479784757
-0.8488328184576668,0.9267909768767559,0.41298258674698635,0.7862678410583764,0.03553016277451482,-0.26073897569396914,-0.6633267766229869,-0.15126217512259327,-0.7198906667181243,-0.8371787100618959,1.3217135414139385,1.3570378302320816,1.3285383899924177,1.557691307572367,1.5488878680395983,-0.3303174598660074,-0.5043466479784757,-0.5043466479784757
0.0984292019990888,-0.5232825142917406,-0.5126752657077764,0.5053186433913909,-0.6900643843196488,-0.6334215666893871,-0.7172120265545973,-0.16224066063139642,0.3990634073129596,1.1944880919464211,-0.4446695170338368,-1.3250928858946096,-1.3355437102870424,-1.2051274313728604,-0.6456245288212396,-0.3303174598660074,-0.5043466479784757,-0.5043466479784757
-0.7196607247590183,-0.0399246839022417,0.7386359393104689,0.5378911410993117,0.8647810737392733,1.7820680467422965,0.9173072213709167,-0.14884781313089085,-0.6940165706323013,-0.8371787100618959,0.43852201219005094,0.4629942581898511,1.3285383899924177,0.8669866228360602,1.5488878680395983,-0.3303174598660074,-0.5043466479784757,-0.5043466479784757
-1.1215294607103692,1.410148807266255,0.41398221725719664,-1.018316749392588,1.2103022866412558,-0.47808114037761174,-0.28413427710424743,-0.1545107334514383,-0.8128660524114621,-0.8371787100618959,1.3217135414139385,1.3570378302320816,1.3285383899924177,1.557691307572367,1.5488878680395983,-0.3303174598660074,-0.5043466479784757,-0.5043466479784757
-0.8775377281684775,1.1684698920715055,0.05044505732866294,1.307684080009679,-0.6727883236745497,-0.6899447639606142,-1.0394009167706841,-0.06498605775389328,-0.8363122064192865,-0.8371787100618959,1.3217135414139385,1.3570378302320816,0.44051102323259766,1.2123389652042138,1.5488878680395983,-0.3303174598660074,-0.5043466479784757,-0.5043466479784757
-0.8344803636022614,-0.5232825142917406,-0.5088810477128176,-1.1834695613004347,-0.30999105012746786,-0.6077572466011636,0.6658427216900684,-0.16224066063139642,-0.48933659010419583,1.1944880919464211,0.43852201219005094,-0.43104931385237927,-1.3355437102870424,-0.5144227466365535,-0.6456245288212396,-0.3303174598660074,-0.5043466479784757,1.9827632522357468
-0.5043739019279375,-0.5232825142917406,-0.5528501970159375,1.0465969141259504,-0.724616505609847,-0.9051672328543083,-0.8429442763950215,-0.16224066063139642,-0.17497966794120237,1.1944880919464211,0.43852201219005094,-0.43104931385237927,-1.3355437102870424,-0.5144227466365535,-0.6456245288212396,-0.3303174598660074,-0.5043466479784757,1.9827632522357468
-0.705308269903613,0.6851120616820066,-0.07175794840128275,1.1136123190740388,-0.4827516565784592,-0.6436379402629685,-0.9058104013152335,-0.09495098945128615,-0.8119457038252006,-0.8371787100618959,0.43852201219005094,1.3570378302320816,0.44051102323259766,0.8669866228360602,1.5488878680395983,-0.3303174598660074,-0.5043466479784757,-0.5043466479784757
-1.0928245509995584,-0.2816035990969911,-0.5211757733310979,-1.5455245823917734,-0.18905862561177392,-0.9665395059883584,0.005748410027841591,-0.11738087984465626,-0.8417414123644729,-0.8371787100618959,1.3217135414139385,-0.43104931385237927,-1.3355437102870424,-0.16907040426840003,-0.6456245288212396,-0.3303174598660074,-0.5043466479784757,1.9827632522357468
0.2993635699747642,-0.5232825142917406,0.03964612918916455,0.46798910747866257,-0.29271498948236874,3.1025137667686358,0.7287088466102805,-0.16224066063139642,0.590411099064347,1.1944880919464211,-0.4446695170338368,-1.3250928858946096,0.44051102323259766,-0.5144227466365535,-0.6456245288212396,-0.3303174598660074,-0.5043466479784757,1.9827632522357468
1.2322731355761145,-0.5232825142917406,-0.5001324566052104,1.4146661382254506,-0.6209601417392523,-0.5485812470131249,-0.465747526873749,-0.16224066063139642,1.4788110964815024,1.1944880919464211,-1.3278610462577245,-1.3250928858946096,-1.3355437102870424,-1.5504797737410139,-0.6456245288212396,3.027390681696474,-0.5043466479784757,-0.5043466479784757
-1.0928245509995584,0.9267909768767559,-0.0012657559987866104,-0.5888367181648974,0.03553016277451482,-0.6610248120590011,-0.6633267766229869,-0.14962384728512573,-0.8144324133348692,-0.8371787100618959,1.3217135414139385,1.3570378302320816,0.44051102323259766,1.2123389652042138,1.5488878680395983,-0.3303174598660074,-0.5043466479784757,-0.5043466479784757
-0.5761361762049644,-0.5232825142917406,-0.2933037964415467,-0.10257849143357611,-0.36181923206276523,0.8504203245653087,0.4772443469294322,-0.16224066063139642,-0.24331812928098356,1.1944880919464211,0.43852201219005094,-0.43104931385237927,0.44051102323259766,0.1762819380997534,-0.6456245288212396,-0.3303174598660074,1.9827632522357468,-0.5043466479784757
-1.0210622767225315,-0.2816035990969911,-0.49943198559075647,-1.438002367636101,-0.13723044367647652,-0.8930013580432562,0.1000475974081597,-0.13753273449494968,-0.8160774986315253,-0.8371787100618959,1.3217135414139385,0.4629942581898511,-1.3355437102870424,0.1762819380997534,-0.6456245288212396,-0.3303174598660074,1.9827632522357468,-0.5043466479784757
-0.11685762083199201,0.9267909768767559,1.0021370824872977,0.20124761483168246,0.07008228406471309,0.3085576894718343,-0.6453650266457835,-0.1565293459478994,-0.27846362368429967,-0.8371787100618959,-0.4446695170338368,1.3570378302320816,1.3285383899924177,0.8669866228360602,1.5488878680395983,-0.3303174598660074,-0.5043466479784757,-0.5043466479784757
2.2369449754544917,-0.5232825142917406,-0.5178412394393744,-1.6215865616126428,0.07008228406471309,-0.6683645255787377,2.048897469934734,-0.16224066063139642,2.435549555238439,1.1944880919464211,-1.3278610462577245,-1.3250928858946096,-1.3355437102870424,-1.5504797737410139,-0.6456245288212396,3.027390681696474,-0.5043466479784757,-0.5043466479784757
-1.2076441898428014,-0.5232825142917406,-0.5785925067971203,2.453920418035805,-0.7764446875451444,-1.0792897737605636,-1.0315426511556578,6.84009074654883,-0.8583506136467464,1.1944880919464211,1.3217135414139385,-0.43104931385237927,-1.3355437102870424,-0.16907040426840003,-0.6456245288212396,-0.3303174598660074,-0.5043466479784757,1.9827632522357468
-0.6909558150482076,5.760369280771744,3.1626669608398394,2.513401546687954,0.6401922853529844,-0.2988641222572622,-0.9011536513211438,-0.14674222942208862,-0.7008784154141207,-0.8371787100618959,0.43852201219005094,1.3570378302320816,1.3285383899924177,1.2123389652042138,1.5488878680395983,-0.3303174598660074,-0.5043466479784757,-0.5043466479784757
-0.11685762083199201,0.20175423129250772,-0.07069264873346734,-1.2104313468615524,0.46743167890199316,-0.3425757238434226,0.05289800371800065,-0.15489754175261455,-0.34439548140214826,-0.8371787100618959,-0.4446695170338368,1.3570378302320816,0.44051102323259766,0.5216342804679068,-0.6456245288212396,-0.3303174598660074,1.9827632522357468,-0.5043466479784757
-0.705308269903613,-0.0399246839022417,-0.3071235058308778,0.5774890794893323,-0.4309234746431618,-0.5757920069015363,-0.6543459016343852,-0.09845565982525023,-0.8096477544433286,-0.8371787100618959,0.43852201219005094,0.4629942581898511,0.44051102323259766,0.5216342804679068,-0.6456245288212396,-0.3303174598660074,1.9827632522357468,-0.5043466479784757
-0.9923573670117206,1.1684698920715055,1.9244458079042026,-0.20473615900528333,2.1950377434119064,0.8945370440246564,0.26507117532371643,-0.15858361328465131,-0.7146582597787887,-0.8371787100618959,1.3217135414139385,1.3570378302320816,1.3285383899924177,1.557691307572367,1.5488878680395983,-0.3303174598660074,-0.5043466479784757,-0.5043466479784757
-0.23167725967523511,-0.0399246839022417,-0.2082476441968621,-1.6193789953320001,1.365786832447148,-0.35285790336594797,1.5250130955996333,-0.1540552559995877,-0.42332544478527406,-0.8371787100618959,-0.4446695170338368,0.4629942581898511,0.44051102323259766,0.1762819380997534,-0.6456245288212396,-0.3303174598660074,1.9827632522357468,-0.5043466479784757
-0.08815271112118124,-0.5232825142917406,-0.4106618776548525,0.13724941929189055,-0.6209601417392523,0.056603162451870095,-0.465747526873749,-0.16224066063139642,0.2213834078295285,1.1944880919464211,-0.4446695170338368,-0.43104931385237927,-0.44751634352722236,-0.5144227466365535,-0.6456245288212396,-0.3303174598660074,-0.5043466479784757,1.9827632522357468
-1.2076441898428014,0.4434331464872571,0.36035240521306594,-0.6170759788037917,1.0375416801902646,0.06063048652725303,0.23835307223262622,-0.15223539198314415,-0.8527337370160024,-0.8371787100618959,1.3217135414139385,1.3570378302320816,1.3285383899924177,1.557691307572367,1.5488878680395983,-0.3303174598660074,-0.5043466479784757,-0.5043466479784757
0.8304043996247635,-0.5232825142917406,-0.41387236980443315,0.10560545884894643,-0.5691319598039548,0.03488719930029641,-0.27714915211311275,-0.16224066063139642,1.0961157129787278,1.1944880919464211,-1.3278610462577245,-1.3250928858946096,-0.44751634352722236,-1.2051274313728604,-0.6456245288212396,-0.3303174598660074,-0.5043466479784757,-0.5043466479784757
0.18454393113152112,-0.0399246839022417,-0.1205428359287736,0.3115979991284958,-0.13723044367647652,-0.15511102678873828,-0.2981045270865168,-0.15807294451100673,-0.01838034636258523,-0.8371787100618959,-0.4446695170338368,0.4629942581898511,0.44051102323259766,0.1762819380997534,-0.6456245288212396,-0.3303174598660074,1.9827632522357468,-0.5043466479784757
1.8207237846477353,-0.5232825142917406,-0.595593522043763,-1.6597944395468471,-0.7418925662549462,-1.1942856695404886,-0.9058104013152335,-0.16224066063139642,2.039186479467708,1.1944880919464211,-1.3278610462577245,-1.3250928858946096,-1.3355437102870424,-1.5504797737410139,-0.6456245288212396,3.027390681696474,-0.5043466479784757,-0.5043466479784757
0.586412667082872,-0.2816035990969911,0.20538778641126365,0.7024985848732662,0.12191046600001049,1.490720433535633,0.5715435343097502,-0.15395689429293588,-0.06905505286454144,-0.8371787100618959,-0.4446695170338368,-0.43104931385237927,1.3285383899924177,0.1762819380997534,-0.6456245288212396,-0.3303174598660074,1.9827632522357468,-0.5043466479784757
0.4715930282396289,-0.2816035990969911,-0.5540030555605596,-0.21638571758802175,-0.6900643843196488,-1.0775623676007795,-0.9058104013152335,0.012992858066807427,-0.7963339856613667,-0.8371787100618959,-0.4446695170338368,-0.43104931385237927,-1.3355437102870424,-0.8597750890047069,-0.6456245288212396,-0.3303174598660074,-0.5043466479784757,-0.5043466479784757
1.0600436773112498,-0.5232825142917406,-0.5249626947529895,-1.2267718229591995,-0.6900643843196488,-0.7165344802058651,-0.7172120265545973,-0.16224066063139642,1.3147987892660276,1.1944880919464211,-1.3278610462577245,-1.3250928858946096,-1.3355437102870424,-1.5504797737410139,-0.6456245288212396,3.027390681696474,-0.5043466479784757,-0.5043466479784757
-0.5330788116387483,-0.2816035990969911,-0.45045009059045044,1.6961308390074217,-0.7591686269000453,-0.7273431073199438,-1.0315426511556578,0.11579652236975367,-0.8422319232522463,-0.8371787100618959,0.43852201219005094,0.4629942581898511,-0.44751634352722236,0.1762819380997534,-0.6456245288212396,-0.3303174598660074,1.9827632522357468,-0.5043466479784757
-0.40390671794009975,-0.5232825142917406,-0.3109250203989039,-0.9196278739842402,-0.08540226174117911,0.7312292995401933,1.4831023456528254,-0.16224066063139642,-0.07930582206550872,1.1944880919464211,0.43852201219005094,-0.43104931385237927,0.44051102323259766,0.1762819380997534,-0.6456245288212396,-0.3303174598660074,1.9827632522357468,-0.5043466479784757
-1.1358819155657744,0.9267909768767559,0.9606852508923717,0.7780396182614956,0.6056401640627862,0.26850301847699976,-0.36695790199913003,-0.15189677913930827,-0.8252402271366733,-0.8371787100618959,1.3217135414139385,1.3570378302320816,1.3285383899924177,1.557691307572367,1.5488878680395983,-0.3303174598660074,-0.5043466479784757,-0.5043466479784757
1.7059041458044921,-0.5232825142917406,-0.5466772962010621,0.21663689899962565,-0.6900643843196488,-0.8634133582492368,-0.7172120265545973,-0.16224066063139642,1.9298449413240584,1.1944880919464211,-1.3278610462577245,-1.3250928858946096,-1.3355437102870424,-1.5504797737410139,-0.6456245288212396,3.027390681696474,-0.5043466479784757,-0.5043466479784757
0.7586421253477367,-0.5232825142917406,-0.39298228111295747,-0.4440001698969136,-0.5691319598039548,0.17618902317065044,-0.27714915211311275,-0.16224066063139642,1.0277772516389465,1.1944880919464211,-1.3278610462577245,-1.3250928858946096,-0.44751634352722236,-1.2051274313728604,-0.6456245288212396,-0.3303174598660074,-0.5043466479784757,-0.5043466479784757
1.5910845069612491,-0.2816035990969911,-0.40774324842796106,-1.2327860259673613,-0.25816286819217044,-0.5829072751311241,-0.11998383981258257,-0.15282811734132148,0.2850548522973248,-0.8371787100618959,-1.3278610462577245,-0.43104931385237927,-0.44751634352722236,-0.8597750890047069,-0.6456245288212396,-0.3303174598660074,-0.5043466479784757,-0.5043466479784757
0.6868798510707097,-0.5232825142917406,-0.4558787409524685,0.30233929186593106,-0.5173037778686574,-0.24924643675336342,-0.08855077735247653,-0.16224066063139642,0.9594387902991655,1.1944880919464211,-1.3278610462577245,-1.3250928858946096,-0.44751634352722236,-1.2051274313728604,-0.6456245288212396,-0.3303174598660074,-0.5043466479784757,-0.5043466479784757
-0.4182591727955052,-0.0399246839022417,0.3885317703987031,0.17418370129495447,0.5538119821274888,0.9926927861825892,0.5401104718496442,-0.14888953539724756,-0.5948690992551365,-0.8371787100618959,0.43852201219005094,0.4629942581898511,1.3285383899924177,0.8669866228360602,1.5488878680395983,-0.3303174598660074,-0.5043466479784757,-0.5043466479784757
-0.8344803636022614,-0.2816035990969911,-0.29484337335873195,-0.7104756262585427,-0.3445431714176661,-0.20107648212623613,-0.27714915211311275,-0.1330818031200153,-0.7868472869136619,-0.8371787100618959,0.43852201219005094,0.4629942581898511,0.44051102323259766,0.5216342804679068,-0.6456245288212396,-0.3303174598660074,1.9827632522357468,-0.5043466479784757
1.0026338578896283,-0.5232825142917406,-0.47323728827940553,0.013247488178154812,-0.6036840810941531,-0.3666607011569864,-0.40288140195353694,-0.16224066063139642,1.2601280201942027,1.1944880919464211,-1.3278610462577245,-1.3250928858946096,-1.3355437102870424,-1.5504797737410139,-0.6456245288212396,3.027390681696474,-0.5043466479784757,-0.5043466479784757
0.7299372156369258,-0.2816035990969911,-0.2160549773787968,-1.1058629105353759,0.43287955761179486,0.065388256635916,1.137338658591659,-0.15513909171573237,0.06496426298514048,-0.8371787100618959,-1.3278610462577245,-0.43104931385237927,0.44051102323259766,-0.5144227466365535,-0.6456245288212396,-0.3303174598660074,-0.5043466479784757,1.9827632522357468
-0.7196607247590183,0.9267909768767559,0.3287728369781003,-0.872746575613893,1.227578347286355,-0.342110381775889,-0.043646402409467835,-0.15442071585139497,-0.6322540668096418,-0.8371787100618959,0.43852201219005094,1.3570378302320816,1.3285383899924177,1.2123389652042138,1.5488878680395983,-0.3303174598660074,-0.5043466479784757,-0.5043466479784757
1.361445229274763,-0.5232825142917406,-0.4220810145050654,0.15206335091199447,-0.46547559593336,-0.02063657012134113,0.1000475974081597,-0.16224066063139642,1.6018203268931086,1.1944880919464211,-1.3278610462577245,-1.3250928858946096,-0.44751634352722236,-1.2051274313728604,-0.6456245288212396,-0.3303174598660074,-0.5043466479784757,-0.5043466479784757
-0.23167725967523511,-0.5232825142917406,-0.3721432684329524,0.7446206157161434,-0.46547559593336,0.3171453658090476,0.1000475974081597,-0.16224066063139642,0.08470648514996613,1.1944880919464211,-0.4446695170338368,-0.43104931385237927,-0.44751634352722236,-0.5144227466365535,-0.6456245288212396,-0.3303174598660074,-0.5043466479784757,1.9827632522357468
0.7873470350585474,-0.5232825142917406,-0.44707177726032354,-0.09782000114140417,-0.5518558991588557,-0.18967560147165988,-0.21428302719290068,-0.16224066063139642,1.055112636174859,1.1944880919464211,-1.3278610462577245,-1.3250928858946096,-0.44751634352722236,-1.2051274313728604,-0.6456245288212396,-0.3303174598660074,-0.5043466479784757,-0.5043466479784757
0.27065866026395347,-0.5232825142917406,-0.549004903009508,-1.5515387853999352,-0.5518558991588557,-0.8791574315341278,-0.21428302719290068,-0.16224066063139642,0.5630757145284344,1.1944880919464211,-0.4446695170338368,-1.3250928858946096,-1.3355437102870424,-1.2051274313728604,-0.6456245288212396,-0.3303174598660074,-0.5043466479784757,-0.5043466479784757
0.38547829910719655,-0.5232825142917406,-0.3926758250441339,-0.8238202214123609,-0.20633468625687304,0.17826191056239166,1.0430394712113409,-0.16224066063139642,0.6724172526720843,1.1944880919464211,-0.4446695170338368,-1.3250928858946096,-0.44751634352722236,-0.8597750890047069,-0.6456245288212396,-0.3303174598660074,-0.5043466479784757,-0.5043466479784757
-1.1789392801319907,3.34358012882425,1.0484557283180653,0.605950659922323,-0.033574079805881715,-0.5851993543969217,-0.931696452752968,-0.1383087686491846,-0.8490755584384615,-0.8371787100618959,1.3217135414139385,1.3570378302320816,1.3285383899924177,1.557691307572367,1.5488878680395983,-0.3303174598660074,-0.5043466479784757,-0.5043466479784757
-0.7340131796144237,-0.0399246839022417,0.42423390241665304,0.13700055571913886,0.6574683459980836,1.0731899132285367,0.6658427216900684,-0.1474884434758732,-0.708685134554355,-0.8371787100618959,0.43852201219005094,0.4629942581898511,1.3285383899924177,0.8669866228360602,1.5488878680395983,-0.3303174598660074,-0.5043466479784757,-0.5043466479784757
-0.30343953395226203,-0.2816035990969911,-0.5078157480450022,2.453920418035805,-0.7591686269000453,-0.9213554962945725,-1.0315426511556578,-0.12719395689175567,-0.7125755638141478,-0.8371787100618959,0.43852201219005094,0.4629942581898511,-1.3355437102870424,-0.16907040426840003,-0.6456245288212396,-0.3303174598660074,-0.5043466479784757,1.9827632522357468
0.12713411170989958,-0.5232825142917406,-0.47257330013028775,0.07229602680374327,-0.6555122630294505,-0.36216944514154714,-0.5914797767141732,-0.16224066063139642,0.4263987918488721,1.1944880919464211,-0.4446695170338368,-1.3250928858946096,-1.3355437102870424,-1.2051274313728604,-0.6456245288212396,-0.3303174598660074,-0.5043466479784757,-0.5043466479784757
-1.1932917349873962,-0.5232825142917406,-0.5139521659945415,-0.43289702588184553,-0.6382362023843514,-0.6420585974883085,-0.528613651793961,-0.16224066063139642,-0.8310288968031018,1.1944880919464211,1.3217135414139385,-0.43104931385237927,-1.3355437102870424,-0.16907040426840003,-0.6456245288212396,-0.3303174598660074,-0.5043466479784757,1.9827632522357468
0.38547829910719655,-0.5232825142917406,-0.5853418368843067,-0.7937492063715519,-0.7764446875451444,-1.1249426508405767,-1.0315426511556578,6.84009074654883,-0.8568334998050031,1.1944880919464211,-0.4446695170338368,-1.3250928858946096,-1.3355437102870424,-1.2051274313728604,-0.6456245288212396,-0.3303174598660074,-0.5043466479784757,-0.5043466479784757
0.48594548309503427,-0.2816035990969911,-0.4270572773369153,-1.4763612477979131,0.41560349696669574,-0.6482279052018238,1.105905596131553,-0.1501964413180551,-0.2600309550594171,-0.8371787100618959,-0.4446695170338368,-0.43104931385237927,-0.44751634352722236,-0.5144227466365535,-0.6456245288212396,-0.3303174598660074,-0.5043466479784757,1.9827632522357468
1.1748633161544928,-0.5232825142917406,-0.3333619825806321,0.6219016555496036,-0.3445431714176661,0.5794643297877173,0.5401104718496442,-0.16224066063139642,1.4241403274096776,1.1944880919464211,-1.3278610462577245,-1.3250928858946096,-0.44751634352722236,-1.2051274313728604,-0.6456245288212396,-0.3303174598660074,-0.5043466479784757,-0.5043466479784757
0.026666927722061865,0.6851120616820066,-0.18340281290294852,-1.5325209002119642,1.4176150143824455,-0.7695000433622984,0.24673522222198782,-0.15632801945627336,-0.21336016172686553,-0.8371787100618959,-0.4446695170338368,1.3570378302320816,0.44051102323259766,0.5216342804679068,-0.6456245288212396,-0.3303174598660074,1.9827632522357468,-0.5043466479784757
-0.6191935407711806,-0.5232825142917406,-0.4266778555374194,0.17071025784639093,-0.6036840810941531,-0.05172988099745821,-0.40288140195353694,-0.16224066063139642,-0.2843212060848523,1.1944880919464211,0.43852201219005094,-0.43104931385237927,-0.44751634352722236,-0.16907040426840003,-0.6456245288212396,-0.3303174598660074,-0.5043466479784757,1.9827632522357468
-0.5761361762049644,-0.2816035990969911,-0.41656480526624057,1.263108222419774,-0.6036840810941531,-0.6127420472336839,-0.7486450890147034,-0.11636133937223031,-0.7768521407048175,-0.8371787100618959,0.43852201219005094,0.4629942581898511,-0.44751634352722236,0.1762819380997534,-0.6456245288212396,-0.3303174598660074,1.9827632522357468,-0.5043466479784757
1.3183878647085467,-0.5232825142917406,-0.12206052312675711,-0.3115194742625805,-0.033574079805881715,2.0087201863932305,1.6717007204134617,-0.16224066063139642,1.5608172500892399,1.1944880919464211,-1.3278610462577245,-1.3250928858946096,0.44051102323259766,-0.8597750890047069,-0.6456245288212396,-0.3303174598660074,-0.5043466479784757,-0.5043466479784757
0.18454393113152112,-0.2816035990969911,-0.38672182142127526,0.16144774198355274,-0.5000277172235583,-0.5118121730405738,-0.5600467142540672,-0.15391706849323175,-0.24605166773457485,-0.8371787100618959,-0.4446695170338368,0.4629942581898511,-0.44751634352722236,-0.16907040426840003,-0.6456245288212396,-0.3303174598660074,-0.5043466479784757,1.9827632522357468
-0.6909558150482076,-0.2816035990969911,0.018551736451806418,0.5549358182087254,-0.01629801916078258,0.8588352602865434,0.32007903462890197,-0.15269602642145172,-0.6442371024743666,-0.8371787100618959,0.43852201219005094,0.4629942581898511,0.44051102323259766,0.5216342804679068,-0.6456245288212396,-0.3303174598660074,1.9827632522357468,-0.5043466479784757
0.12713411170989958,-0.2816035990969911,-0.20378214147971815,0.21952371644354338,0.03553016277451482,0.10689535893244695,0.4143782220092201,-0.1445027371060272,-0.49447185020487305,-0.8371787100618959,-0.4446695170338368,-0.43104931385237927,0.44051102323259766,-0.16907040426840003,-0.6456245288212396,-0.3303174598660074,-0.5043466479784757,1.9827632522357468
-0.6048410859157752,-0.0399246839022417,-0.12250561408385807,-0.1674129216644187,-0.36181923206276523,-0.15953647685523314,-0.5705244017407691,-0.12667474646598317,-0.7616070208323241,-0.8371787100618959,0.43852201219005094,0.4629942581898511,0.44051102323259766,0.5216342804679068,-0.6456245288212396,-0.3303174598660074,1.9827632522357468,-0.5043466479784757
1.0026338578896283,-0.5232825142917406,-0.5588917595156029,1.58787518486051,-0.7418925662549462,-0.9460327271486335,-0.9058104013152335,-0.16224066063139642,1.2601280201942027,1.1944880919464211,-1.3278610462577245,-1.3250928858946096,-1.3355437102870424,-1.5504797737410139,-0.6456245288212396,3.027390681696474,-0.5043466479784757,-0.5043466479784757
2.3804695240085456,-0.5232825142917406,-0.43609043479414444,0.16508658750109637,-0.6727883236745497,-0.11539713660093581,-0.6543459016343852,-0.16224066063139642,2.5722264779180013,1.1944880919464211,-1.3278610462577245,-1.3250928858946096,-0.44751634352722236,-1.2051274313728604,-0.6456245288212396,-0.3303174598660074,-0.5043466479784757,-0.5043466479784757
-1.1932917349873962,0.6851120616820066,0.7002632615499134,-0.06803537672003157,0.24284289051570443,0.2266950889852956,-0.465747526873749,-0.15300405272992101,-0.846570385591665,-0.8371787100618959,1.3217135414139385,1.3570378302320816,1.3285383899924177,1.557691307572367,1.5488878680395983,-0.3303174598660074,-0.5043466479784757,-0.5043466479784757
-0.5330788116387483,-0.2816035990969911,-0.28331478791251063,-1.4171524561141136,1.0893698621255619,-0.1620864573768195,2.3317950320756884,-0.156937941978616,-0.4848709084720913,-0.8371787100618959,0.43852201219005094,0.4629942581898511,0.44051102323259766,0.5216342804679068,-0.6456245288212396,-0.3303174598660074,1.9827632522357468,-0.5043466479784757
-1.0210622767225315,0.6851120616820066,0.7841227758115723,-1.0272048779231533,2.6787674414746823,0.32123356038720396,1.0116064087512349,-0.1564250504038578,-0.7537852326252488,-0.8371787100618959,1.3217135414139385,1.3570378302320816,1.3285383899924177,1.557691307572367,1.5488878680395983,-0.3303174598660074,-0.5043466479784757,-0.5043466479784757
-0.6909558150482076,-0.5232825142917406,-0.2578789342001515,0.6005836190406733,-0.36181923206276523,1.0900362361582423,0.4772443469294322,-0.16224066063139642,-0.35265966742463345,1.1944880919464211,0.43852201219005094,-0.43104931385237927,0.44051102323259766,0.1762819380997534,-0.6456245288212396,-0.3303174598660074,1.9827632522357468,-0.5043466479784757
-1.078472096144153,2.135185552850503,0.3991920636499241,-0.21740220260348586,0.17373864793530788,-0.6774375207894141,-0.8010335264482134,-0.1396105033595141,-0.8260420361107395,-0.8371787100618959,1.3217135414139385,1.3570378302320816,1.3285383899924177,1.557691307572367,1.5488878680395983,-0.3303174598660074,-0.5043466479784757,-0.5043466479784757
-1.1358819155657744,-0.2816035990969911,-0.42861144740023505,1.5229217923723626,-0.6727883236745497,-0.6534841553737388,-0.8743773388551275,-0.10850238156394723,-0.8489020328458138,-0.8371787100618959,1.3217135414139385,0.4629942581898511,-0.44751634352722236,0.5216342804679068,-0.6456245288212396,-0.3303174598660074,1.9827632522357468,-0.5043466479784757
-1.1071770058549637,1.1684698920715055,1.249352274578072,0.6085778827315218,0.8647810737392733,0.3237403557547955,-0.34001527703332485,-0.15289487296749224,-0.8115036221345928,-0.8371787100618959,1.3217135414139385,1.3570378302320816,1.3285383899924177,1.557691307572367,1.5488878680395983,-0.3303174598660074,-0.5043466479784757,-0.5043466479784757
0.6725273962153043,-0.5232825142917406,-0.4523763858801988,0.08895074282634503,-0.5691319598039548,-0.2255562951334648,-0.27714915211311275,-0.16224066063139642,0.9457710980312092,1.1944880919464211,-1.3278610462577245,-1.3250928858946096,-0.44751634352722236,-1.2051274313728604,-0.6456245288212396,-0.3303174598660074,-0.5043466479784757,-0.5043466479784757
-0.8057754538914507,0.20175423129250772,0.029394444029708224,-0.24570495725281044,-0.39637135335296353,-0.17332693603084437,-0.7329285577846504,-0.12402844816688487,-0.796928004594551,-0.8371787100618959,0.43852201219005094,1.3570378302320816,0.44051102323259766,0.8669866228360602,1.5488878680395983,-0.3303174598660074,-0.5043466479784757,-0.5043466479784757
-1.1071770058549637,0.20175423129250772,-0.09242913990074159,0.996632766058145,-0.41364741399806265,-0.37933245920054676,-0.7486450890147034,-0.09523136308120327,-0.848009969014805,-0.8371787100618959,1.3217135414139385,0.4629942581898511,0.44051102323259766,0.8669866228360602,1.5488878680395983,-0.3303174598660074,-0.5043466479784757,-0.5043466479784757
-0.030742891699559686,0.20175423129250772,0.9267780758489599,-0.3893459006503292,1.7631362272844282,1.3441623594933636,1.2316378459719772,-0.15563648408855082,-0.274273825161682,-0.8371787100618959,-0.4446695170338368,0.4629942581898511,1.3285383899924177,0.5216342804679068,-0.6456245288212396,-0.3303174598660074,1.9827632522357468,-0.5043466479784757
0.0984292019990888,-0.2816035990969911,-0.17406319937689588,0.021352189558137842,-0.20633468625687304,0.2074057202010377,-0.02568465243226445,-0.14907159619589505,-0.4215736105441181,-0.8371787100618959,-0.4446695170338368,0.4629942581898511,0.44051102323259766,0.1762819380997534,-0.6456245288212396,-0.3303174598660074,1.9827632522357468,-0.5043466479784757
0.05537183743287264,-0.5232825142917406,-0.46391956447255456,-1.5087400384116214,-0.050850140450980845,-0.3036350535557142,1.6088345954932497,-0.16224066063139642,0.35806033050909086,1.1944880919464211,-0.4446695170338368,-0.43104931385237927,-1.3355437102870424,-0.8597750890047069,-0.6456245288212396,-0.3303174598660074,-0.5043466479784757,-0.5043466479784757
-1.0354147315779367,9.868910839082485,0.21841946590933398,-1.4244560609666037,3.663502898245333,-1.115934339886533,-0.725784679952808,-0.15699541570928913,-0.7567354140720998,-0.8371787100618959,1.3217135414139385,1.3570378302320816,1.3285383899924177,1.557691307572367,1.5488878680395983,-0.3303174598660074,-0.5043466479784757,-0.5043466479784757
-0.6766033601928021,0.6851120616820066,0.3722458193126488,-0.8764613915624508,1.866792591155023,-0.14309321536281036,0.5191550968762403,-0.1576469683898164,-0.5446137755565104,-0.8371787100618959,0.43852201219005094,1.3570378302320816,1.3285383899924177,1.2123389652042138,1.5488878680395983,-0.3303174598660074,-0.5043466479784757,-0.5043466479784757
-0.4900214470725321,-0.5232825142917406,-0.25498949126552894,0.5523863191074395,-0.39637135335296353,1.1095806029946587,0.35151209708900805,-0.16224066063139642,-0.16131197567324615,1.1944880919464211,0.43852201219005094,-0.43104931385237927,0.44051102323259766,0.1762819380997534,-0.6456245288212396,-0.3303174598660074,1.9827632522357468,-0.5043466479784757
2.2800023400207077,-0.5232825142917406,-0.3490860975405098,2.1892954856766873,-0.6382362023843514,0.4731054648067141,-0.528613651793961,-0.16224066063139642,2.4765526320423077,1.1944880919464211,-1.3278610462577245,-1.3250928858946096,-0.44751634352722236,-1.2051274313728604,-0.6456245288212396,-0.3303174598660074,-0.5043466479784757,-0.5043466479784757
-1.1215294607103692,-0.0399246839022417,-0.427845307228176,0.24069371103227344,-0.6900643843196488,-0.8479818632218307,-0.9686765262354456,-0.07550006887578552,-0.8512110966006446,-0.8371787100618959,1.3217135414139385,0.4629942581898511,-0.44751634352722236,0.5216342804679068,-0.6456245288212396,-0.3303174598660074,1.9827632522357468,-0.5043466479784757
-0.5187263567833429,-0.2816035990969911,-0.25609127379868046,0.5053186433913909,-0.25816286819217044,-0.07001570906031743,-0.11998383981258257,-0.1290631144245365,-0.741553190444272,-0.8371787100618959,0.43852201219005094,-0.43104931385237927,0.44051102323259766,0.1762819380997534,-0.6456245288212396,-0.3303174598660074,1.9827632522357468,-0.5043466479784757
-0.43261162765091055,-0.5232825142917406,-0.5233939315435354,-0.33525467116110164,-0.5000277172235583,-0.7059232709386187,-0.02568465243226445,-0.16224066063139642,-0.10664120660142119,1.1944880919464211,0.43852201219005094,-0.43104931385237927,-1.3355437102870424,-0.5144227466365535,-0.6456245288212396,-0.3303174598660074,-0.5043466479784757,1.9827632522357468
0.7299372156369258,-0.2816035990969911,-0.14802173009995673,0.7488938652219427,-0.5173037778686574,0.29547875711918203,-0.5914797767141732,-0.16224066063139642,1.0004418671030342,-0.8371787100618959,-1.3278610462577245,0.4629942581898511,0.44051102323259766,-0.16907040426840003,-0.6456245288212396,-0.3303174598660074,-0.5043466479784757,1.9827632522357468
1.476264868118006,-0.2816035990969911,-0.15393195428441198,0.2779817696828757,-0.10267832238627825,0.27549020012739245,0.16291372232837179,-0.15451241314009104,0.3637274224250726,-0.8371787100618959,-1.3278610462577245,-0.43104931385237927,0.44051102323259766,-0.5144227466365535,-0.6456245288212396,-0.3303174598660074,-0.5043466479784757,1.9827632522357468
1.6628467812382761,-0.5232825142917406,-0.5017960752645385,0.42412690278120696,-0.6555122630294505,-0.5598340642825769,-0.5914797767141732,-0.16224066063139642,1.8888418645201897,1.1944880919464211,-1.3278610462577245,-1.3250928858946096,-1.3355437102870424,-1.5504797737410139,-0.6456245288212396,3.027390681696474,-0.5043466479784757,-0.5043466479784757
-0.3895542630846944,-0.5232825142917406,-0.49515619377336045,-0.9862037026327287,-0.6382362023843514,-0.5149215041281856,-0.528613651793961,-0.16224066063139642,-0.06563812979755249,1.1944880919464211,0.43852201219005094,-0.43104931385237927,-1.3355437102870424,-0.5144227466365535,-0.6456245288212396,-0.3303174598660074,-0.5043466479784757,1.9827632522357468
-0.8344803636022614,0.9267909768767559,1.0685431939721455,0.5020131272342331,0.6574683459980836,0.37272554032978006,-0.34001527703332485,-0.15016302734265868,-0.7228456376652108,-0.8371787100618959,0.43852201219005094,1.3570378302320816,1.3285383899924177,1.2123389652042138,1.5488878680395983,-0.3303174598660074,-0.5043466479784757,-0.5043466479784757
-0.4469640825063159,-0.0399246839022417,-0.4367033469317916,0.2346795080241111,-0.6555122630294505,-0.8679539687263842,-0.9267657762886377,-0.11818194735870517,-0.757062562176515,-0.8371787100618959,0.43852201219005094,0.4629942581898511,-0.44751634352722236,0.1762819380997534,-0.6456245288212396,-0.3303174598660074,1.9827632522357468,-0.5043466479784757
-1.0354147315779367,-0.0399246839022417,0.26388441269123575,2.8057512940132687,-0.5345798385137566,0.7116520297293046,-0.7800781514748094,-0.08981080623613882,-0.8426866343257703,-0.8371787100618959,1.3217135414139385,0.4629942581898511,1.3285383899924177,1.2123389652042138,1.5488878680395983,-0.3303174598660074,-0.5043466479784757,-0.5043466479784757
1.0169863127450336,-0.2816035990969911,0.20827722934588622,0.19859428997514061,-0.2408868075470713,1.5004926169538413,-0.08855077735247653,-0.14441690844380767,-0.2565449282499735,-0.8371787100618959,-1.3278610462577245,-0.43104931385237927,1.3285383899924177,-0.16907040426840003,-0.6456245288212396,-0.3303174598660074,-0.5043466479784757,1.9827632522357468
-0.4182591727955052,-0.2816035990969911,-0.5324051992815628,2.6704317263296287,-0.7591686269000453,-1.0045177642727585,-1.0315426511556578,0.22327308050465206,-0.844696589071058,-0.8371787100618959,0.43852201219005094,0.4629942581898511,-1.3355437102870424,-0.16907040426840003,-0.6456245288212396,-0.3303174598660074,-0.5043466479784757,1.9827632522357468
-0.5043739019279375,-0.5232825142917406,-0.5415988813462709,0.37541185841509667,-0.7073404449647479,-0.8290626529003838,-0.7800781514748094,-0.16224066063139642,-0.17497966794120237,1.1944880919464211,0.43852201219005094,-0.43104931385237927,-1.3355437102870424,-0.5144227466365535,-0.6456245288212396,-0.3303174598660074,-0.5043466479784757,1.9827632522357468
1.0600436773112498,-0.5232825142917406,-0.4715080004624724,-1.2896299447219226,-0.27543892883726956,-0.35496369373216136,0.7915749715304926,-0.16224066063139642,1.3147987892660276,1.1944880919464211,-1.3278610462577245,-1.3250928858946096,-1.3355437102870424,-1.5504797737410139,-0.6456245288212396,3.027390681696474,-0.5043466479784757,-0.5043466479784757
1.2609780452869253,-0.5232825142917406,-0.17150939880336585,0.2835265714806447,-0.08540226174117911,1.6742449993972854,1.4831023456528254,-0.16224066063139642,1.506146481017415,1.1944880919464211,-1.3278610462577245,-1.3250928858946096,0.44051102323259766,-0.8597750890047069,-0.6456245288212396,-0.3303174598660074,-0.5043466479784757,-0.5043466479784757
-0.030742891699559686,-0.5232825142917406,-0.5654586752761086,-0.8659196424694932,-0.7418925662549462,-0.9904517426859436,-0.9058104013152335,-0.16224066063139642,0.2760541769013535,1.1944880919464211,-0.4446695170338368,-0.43104931385237927,-1.3355437102870424,-0.8597750890047069,-0.6456245288212396,-0.3303174598660074,-0.5043466479784757,-0.5043466479784757
-0.9062426378792884,0.20175423129250772,0.4795200365470446,-0.23453901746541814,1.745860166639329,0.5878422496626713,1.215921314741924,-0.15648607841241838,-0.6932400262780108,-0.8371787100618959,1.3217135414139385,1.3570378302320816,1.3285383899924177,1.557691307572367,1.5488878680395983,-0.3303174598660074,-0.5043466479784757,-0.5043466479784757
1.1174534967328713,-0.5232825142917406,-0.47992824578205423,-1.3820951528221601,-0.01629801916078258,-0.41191874254333444,1.7345668453336738,-0.16224066063139642,1.3694695583378524,1.1944880919464211,-1.3278610462577245,-1.3250928858946096,-1.3355437102870424,-1.5504797737410139,-0.6456245288212396,3.027390681696474,-0.5043466479784757,-0.5043466479784757
-0.23167725967523511,-0.2816035990969911,0.9879744341638066,-0.42567998227205145,1.1584741047059586,4.137452151557105,2.4575272819161125,-0.15555733573220912,-0.3756018651601315,-0.8371787100618959,-0.4446695170338368,-0.43104931385237927,1.3285383899924177,0.1762819380997534,-0.6456245288212396,-0.3303174598660074,1.9827632522357468,-0.5043466479784757
-0.7196607247590183,-0.0399246839022417,0.585604912371482,-0.14908070414836863,0.43287955761179486,1.437031004940814,0.39342284703581615,-0.15379759109411933,-0.6413720535797091,-0.8371787100618959,0.43852201219005094,0.4629942581898511,1.3285383899924177,0.8669866228360602,1.5488878680395983,-0.3303174598660074,-0.5043466479784757,-0.5043466479784757
-1.078472096144153,0.4434331464872571,0.4568058045887617,-0.9734388635949974,0.968437437609868,0.1911138123911866,0.18806017229645652,-0.15321493418885881,-0.7986192792096247,-0.8371787100618959,1.3217135414139385,1.3570378302320816,1.3285383899924177,1.557691307572367,1.5488878680395983,-0.3303174598660074,-0.5043466479784757,-0.5043466479784757
2.3804695240085456,-0.5232825142917406,-0.5243570791884096,-0.396811807832875,-0.6900643843196488,-0.7124380598840909,-0.7172120265545973,-0.16224066063139642,2.5722264779180013,1.1944880919464211,-1.3278610462577245,-1.3250928858946096,-1.3355437102870424,-1.5504797737410139,-0.6456245288212396,3.027390681696474,-0.5043466479784757,-0.5043466479784757
1.734609055515303,-0.5232825142917406,-0.4748425343541958,-0.12256415066069823,-0.6209601417392523,-0.3775186827327732,-0.465747526873749,-0.16224066063139642,1.9571803258599707,1.1944880919464211,-1.3278610462577245,-1.3250928858946096,-1.3355437102870424,-1.5504797737410139,-0.6456245288212396,3.027390681696474,-0.5043466479784757,-0.5043466479784757
-0.4182591727955052,-0.5232825142917406,-0.5812192731013226,-0.5772378980777282,-0.7591686269000453,-1.0970573799754877,-0.9686765262354456,-0.16224066063139642,-0.09297351433346496,1.1944880919464211,0.43852201219005094,-0.43104931385237927,-1.3355437102870424,-0.5144227466365535,-0.6456245288212396,-0.3303174598660074,-0.5043466479784757,1.9827632522357468
1.1892157710098983,-0.5232825142917406,-0.5570676162487956,0.28880733509756706,-0.7073404449647479,-0.933694111721603,-0.7800781514748094,-0.16224066063139642,1.4378080196776337,1.1944880919464211,-1.3278610462577245,-1.3250928858946096,-1.3355437102870424,-1.5504797737410139,-0.6456245288212396,3.027390681696474,-0.5043466479784757,-0.5043466479784757
-1.006709821867126,-0.2816035990969911,-0.2660073165970443,2.948803408421688,-0.724616505609847,-0.1035520657909866,-0.9686765262354456,-0.12368928651779158,-0.826823453028346,-0.8371787100618959,1.3217135414139385,0.4629942581898511,0.44051102323259766,0.8669866228360602,1.5488878680395983,-0.3303174598660074,-0.5043466479784757,-0.5043466479784757
0.3711258442517912,-0.2816035990969911,-0.2636505234963294,0.8781992298974202,-0.4827516565784592,-0.09558132022512479,-0.528613651793961,-0.16224066063139642,0.6587495604041281,-0.8371787100618959,-0.4446695170338368,0.4629942581898511,0.44051102323259766,0.1762819380997534,-0.6456245288212396,-0.3303174598660074,1.9827632522357468,-0.5043466479784757
0.8016994899139528,-0.5232825142917406,-0.4775568595352049,-0.7595632103251587,-0.4827516565784592,-0.3958785424881947,0.03718147248794763,-0.16224066063139642,1.0687803284428152,1.1944880919464211,-1.3278610462577245,-1.3250928858946096,-1.3355437102870424,-1.5504797737410139,-0.6456245288212396,3.027390681696474,-0.5043466479784757,-0.5043466479784757
0.31371602483016964,-0.5232825142917406,-0.5658380970756045,1.0105116960769798,-0.7418925662549462,-0.993018174694766,-0.9058104013152335,-0.16224066063139642,0.6040787913323031,1.1944880919464211,-0.4446695170338368,-1.3250928858946096,-1.3355437102870424,-1.2051274313728604,-0.6456245288212396,-0.3303174598660074,-0.5043466479784757,-0.5043466479784757
0.6868798510707097,-0.0399246839022417,-0.15528182030184928,0.3856676572290146,-0.2408868075470713,-0.23343655751952833,-0.423836776926941,-0.14102319674577607,-0.4069635185832247,-0.8371787100618959,-1.3278610462577245,0.4629942581898511,0.44051102323259766,-0.16907040426840003,-0.6456245288212396,-0.3303174598660074,-0.5043466479784757,1.9827632522357468
-0.8344803636022614,0.20175423129250772,0.744670205237067,0.1399558106455632,0.7784007705137775,1.036215195665535,0.335795565858955,-0.15529446709741357,-0.6730155314427931,-0.8371787100618959,0.43852201219005094,1.3570378302320816,1.3285383899924177,1.2123389652042138,1.5488878680395983,-0.3303174598660074,-0.5043466479784757,-0.5043466479784757
-0.8057754538914507,0.20175423129250772,1.6455415989824542,0.32391727698305145,1.0720938014804628,2.5596023493638635,0.6029765967698564,-0.15523131988346828,-0.6601827434536488,-0.8371787100618959,0.43852201219005094,1.3570378302320816,1.3285383899924177,1.2123389652042138,1.5488878680395983,-0.3303174598660074,-0.5043466479784757,-0.5043466479784757
0.06972429228827803,-0.5232825142917406,-0.45447779892356066,1.6420030119339657,-0.6555122630294505,-0.239770380105404,-0.5914797767141732,-0.16224066063139642,0.37172802277704714,1.1944880919464211,-0.4446695170338368,-0.43104931385237927,-0.44751634352722236,-0.5144227466365535,-0.6456245288212396,-0.3303174598660074,-0.5043466479784757,1.9827632522357468
1.6915516909490869,-0.5232825142917406,-0.4807454619655838,-1.0602246627331813,-0.36181923206276523,-0.41744644225464417,0.4772443469294322,-0.16224066063139642,1.916177249056102,1.1944880919464211,-1.3278610462577245,-1.3250928858946096,-1.3355437102870424,-1.5504797737410139,-0.6456245288212396,3.027390681696474,-0.5043466479784757,-0.5043466479784757
-0.705308269903613,-0.5232825142917406,-0.44605025703091156,0.43869977930098336,-0.5691319598039548,-0.18276597683252274,-0.27714915211311275,-0.16224066063139642,-0.3663273596925897,1.1944880919464211,0.43852201219005094,-0.43104931385237927,-0.44751634352722236,-0.16907040426840003,-0.6456245288212396,-0.3303174598660074,-0.5043466479784757,1.9827632522357468
1.2753305001423305,-0.5232825142917406,-0.5359805200845048,-0.4906333747601985,-0.7073404449647479,-0.7910597173851296,-0.7800781514748094,-0.16224066063139642,1.5198141732853712,1.1944880919464211,-1.3278610462577245,-1.3250928858946096,-1.3355437102870424,-1.5504797737410139,-0.6456245288212396,3.027390681696474,-0.5043466479784757,-0.5043466479784757
0.5720602122274666,-0.5232825142917406,-0.5897927464553162,-1.5515387853999352,-0.7591686269000453,-1.1550488724825314,-0.9686765262354456,-0.16224066063139642,0.8500972521555155,1.1944880919464211,-0.4446695170338368,-1.3250928858946096,-1.3355437102870424,-1.2051274313728604,-0.6456245288212396,-0.3303174598660074,-0.5043466479784757,-0.5043466479784757
0.28501111511935884,-0.5232825142917406,-0.457104565227763,0.4886639273687891,-0.5691319598039548,-0.257537986320328,-0.27714915211311275,-0.16224066063139642,0.5767434067963907,1.1944880919464211,-0.4446695170338368,-1.3250928858946096,-0.44751634352722236,-0.8597750890047069,-0.6456245288212396,-0.3303174598660074,-0.5043466479784757,-0.5043466479784757
-0.5330788116387483,-0.5232825142917406,-0.4304209975209078,1.198154829931627,-0.5345798385137566,-0.07704871985372491,-0.1514169022726886,-0.16224066063139642,-0.20231505247711487,1.1944880919464211,0.43852201219005094,-0.43104931385237927,-0.44751634352722236,-0.16907040426840003,-0.6456245288212396,-0.3303174598660074,-0.5043466479784757,1.9827632522357468
-1.1215294607103692,0.6851120616820066,0.18890482785239399,-0.5805688412822485,0.7438486492235793,-0.34978147525280834,-0.16189458975939058,-0.14941737058092322,-0.8245507851254129,-0.8371787100618959,1.3217135414139385,1.3570378302320816,1.3285383899924177,1.557691307572367,1.5488878680395983,-0.3303174598660074,-0.5043466479784757,-0.5043466479784757
2.36611706915314,-0.5232825142917406,-0.5251451090796703,-0.1751454683891983,-0.6727883236745497,-0.7177683417485681,-0.6543459016343852,-0.16224066063139642,2.558558785650045,1.1944880919464211,-1.3278610462577245,-1.3250928858946096,-1.3355437102870424,-1.5504797737410139,-0.6456245288212396,3.027390681696474,-0.5043466479784757,-0.5043466479784757
-0.28908707909685666,-0.2816035990969911,-0.15917819031974934,0.013779456994601714,-0.15450650432157564,0.25774727114332263,0.06861453494805367,-0.1556207277027976,-0.4014728540959057,-0.8371787100618959,0.43852201219005094,0.4629942581898511,0.44051102323259766,0.5216342804679068,-0.6456245288212396,-0.3303174598660074,1.9827632522357468,-0.5043466479784757
-0.030742891699559686,-0.2816035990969911,-0.2944128755477654,-0.9963815846465409,0.41560349696669574,-0.19962052550584644,1.105905596131553,-0.16224066063139642,0.2760541769013535,-0.8371787100618959,-0.4446695170338368,0.4629942581898511,0.44051102323259766,0.1762819380997534,-0.6456245288212396,-0.3303174598660074,1.9827632522357468,-0.5043466479784757
2.17953515603287,-0.5232825142917406,-0.41836705881384595,-1.2159462575445084,-0.4481995352882609,0.0044848508880931184,0.16291372232837179,-0.16224066063139642,2.380878786166614,1.1944880919464211,-1.3278610462577245,-1.3250928858946096,-0.44751634352722236,-1.2051274313728604,-0.6456245288212396,-0.3303174598660074,-0.5043466479784757,-0.5043466479784757
-1.2076441898428014,0.20175423129250772,-0.2581707971228407,0.7465741012045087,-0.2236107469019722,-0.659604108625546,-0.5757632454841202,-0.14368652335746895,-0.8546166882978005,-0.8371787100618959,1.3217135414139385,1.3570378302320816,0.44051102323259766,1.2123389652042138,1.5488878680395983,-0.3303174598660074,-0.5043466479784757,-0.5043466479784757
2.222592520599086,-0.5232825142917406,-0.4550980076342751,-0.37619168323346314,-0.5518558991588557,-0.24396550935059436,-0.21428302719290068,-0.16224066063139642,2.421881862970483,1.1944880919464211,-1.3278610462577245,-1.3250928858946096,-0.44751634352722236,-1.2051274313728604,-0.6456245288212396,-0.3303174598660074,-0.5043466479784757,-0.5043466479784757
-0.8488328184576668,-0.2816035990969911,-0.4595124343399484,-0.6559692829118459,-0.6209601417392523,-0.7579922280406878,-0.7800781514748094,-0.11667994576986343,-0.8109829481434326,-0.8371787100618959,1.3217135414139385,0.4629942581898511,-0.44751634352722236,0.5216342804679068,-0.6456245288212396,-0.3303174598660074,1.9827632522357468,-0.5043466479784757
2.323059704586924,-0.5232825142917406,-0.5408108514550102,-0.9020048605184638,-0.4827516565784592,-0.8237323710359066,0.03718147248794763,-0.16224066063139642,2.5175557088461766,1.1944880919464211,-1.3278610462577245,-1.3250928858946096,-1.3355437102870424,-1.5504797737410139,-0.6456245288212396,3.027390681696474,-0.5043466479784757,-0.5043466479784757
-0.8057754538914507,-0.5232825142917406,-0.5287933956132846,0.9383412599790385,-0.7418925662549462,-0.7424455726026292,-0.9058104013152335,-0.16224066063139642,-0.4620012055682834,1.1944880919464211,0.43852201219005094,-0.43104931385237927,-1.3355437102870424,-0.5144227466365535,-0.6456245288212396,-0.3303174598660074,-0.5043466479784757,1.9827632522357468
-1.078472096144153,-0.5232825142917406,-0.4637809295842772,-0.1314793221786792,-0.5173037778686574,-0.3026973187832599,-0.08855077735247653,-0.16224066063139642,-0.7216873586594519,1.1944880919464211,1.3217135414139385,-0.43104931385237927,-1.3355437102870424,-0.16907040426840003,-0.6456245288212396,-0.3303174598660074,-0.5043466479784757,1.9827632522357468
-0.9923573670117206,0.9267909768767559,0.774826941723923,-0.17258572878375392,0.9857134982549671,0.08890918295852947,-0.1693786522498921,-0.1509478338708455,-0.7746133159523888,-0.8371787100618959,1.3217135414139385,1.3570378302320816,1.3285383899924177,1.557691307572367,1.5488878680395983,-0.3303174598660074,-0.5043466479784757,-0.5043466479784757
-1.2076441898428014,0.20175423129250772,0.3904580656884514,0.0073426343155959676,0.5019838001921915,0.43723710976033603,0.08433106617810669,-0.14255150122710386,-0.8547760081477219,-0.8371787100618959,1.3217135414139385,0.4629942581898511,1.3285383899924177,1.2123389652042138,1.5488878680395983,-0.3303174598660074,-0.5043466479784757,-0.5043466479784757
0.28501111511935884,-0.2816035990969911,0.2296342987136645,-1.0884158161958293,2.3677983498628983,1.572722871663678,4.657841654123535,-0.16035088739053344,0.271990808929799,-0.8371787100618959,-0.4446695170338368,0.4629942581898511,1.3285383899924177,0.5216342804679068,-0.6456245288212396,-0.3303174598660074,1.9827632522357468,-0.5043466479784757
-0.3464968985184782,-0.5232825142917406,-0.5236639047470228,0.0001255907058018667,-0.6900643843196488,-0.7077493860218192,-0.7172120265545973,-0.16224066063139642,-0.02463505299368377,1.1944880919464211,0.43852201219005094,-0.43104931385237927,-1.3355437102870424,-0.5144227466365535,-0.6456245288212396,-0.3303174598660074,-0.5043466479784757,1.9827632522357468
-0.30343953395226203,-0.5232825142917406,-0.5212779253540392,-0.7757065973470667,-0.5864080204490539,-0.6916104770432633,-0.34001527703332485,-0.16224066063139642,0.01636802381018494,1.1944880919464211,0.43852201219005094,-0.43104931385237927,-1.3355437102870424,-0.5144227466365535,-0.6456245288212396,-0.3303174598660074,-0.5043466479784757,1.9827632522357468
-1.1789392801319907,1.410148807266255,2.361619983227208,0.688285946174904,0.9857134982549671,0.9856899364491144,-0.3749409019889982,-0.15195035187379977,-0.8417509657374468,-0.8371787100618959,1.3217135414139385,1.3570378302320816,1.3285383899924177,1.557691307572367,1.5488878680395983,-0.3303174598660074,-0.5043466479784757,-0.5043466479784757
-0.5474312664941536,-0.5232825142917406,-0.4183232793754426,-0.23336699666989041,-0.5000277172235583,0.004780977658341863,-0.02568465243226445,-0.16224066063139642,-0.2159827447450711,1.1944880919464211,0.43852201219005094,-0.43104931385237927,-0.44751634352722236,-0.16907040426840003,-0.6456245288212396,-0.3303174598660074,-0.5043466479784757,1.9827632522357468
1.1318059515882768,-0.0399246839022417,-0.22147633116774768,-1.391021780975204,0.46743167890199316,-0.3826844497248898,0.435333596982624,-0.15865448629524714,0.6244751936398684,-0.8371787100618959,-1.3278610462577245,0.4629942581898511,0.44051102323259766,-0.16907040426840003,-0.6456245288212396,-0.3303174598660074,-0.5043466479784757,1.9827632522357468
-0.40390671794009975,-0.0399246839022417,-0.30216913271822954,-1.1258972361404862,0.6229162247078853,-0.5646214470682647,0.6239319717432603,-0.14677177070493427,-0.6154320736085663,-0.8371787100618959,0.43852201219005094,0.4629942581898511,0.44051102323259766,0.5216342804679068,-0.6456245288212396,-0.3303174598660074,1.9827632522357468,-0.5043466479784757
-1.2076441898428014,-0.5232825142917406,-0.451712397731081,-1.3147295419535654,-0.25816286819217044,-0.22106503911802572,0.8544410964507047,-0.16224066063139642,-0.844696589071058,1.1944880919464211,1.3217135414139385,-0.43104931385237927,-0.44751634352722236,0.1762819380997534,-0.6456245288212396,-0.3303174598660074,1.9827632522357468,-0.5043466479784757
1.0600436773112498,-0.0399246839022417,-0.29360295593730307,-0.8699291111416011,0.12191046600001049,-0.5453074010531529,0.016226097514543677,-0.15086701338004133,-0.029748146503998353,-0.8371787100618959,-1.3278610462577245,0.4629942581898511,0.44051102323259766,-0.16907040426840003,-0.6456245288212396,-0.3303174598660074,-0.5043466479784757,1.9827632522357468
-0.17426744025361357,-0.2816035990969911,-0.04131664556480474,-0.8370514680303167,0.2601189511608036,0.656358581128972,0.8230080339905986,-0.15584082777459246,-0.3368175695685933,-0.8371787100618959,-0.4446695170338368,0.4629942581898511,0.44051102323259766,0.1762819380997534,-0.6456245288212396,-0.3303174598660074,1.9827632522357468,-0.5043466479784757
0.328068479685575,-0.2816035990969911,-0.277455639739526,-1.3461306211211792,0.3810513756764975,-0.1422706410010085,1.0430394712113409,-0.14922331352810128,-0.34172551361026854,-0.8371787100618959,-0.4446695170338368,-0.43104931385237927,0.44051102323259766,-0.16907040426840003,-0.6456245288212396,-0.3303174598660074,-0.5043466479784757,1.9827632522357468
0.6868798510707097,-0.5232825142917406,-0.27649978866771907,0.5719375074817983,-0.3445431714176661,0.9640836498791142,0.5401104718496442,-0.16224066063139642,0.9594387902991655,1.1944880919464211,-1.3278610462577245,-1.3250928858946096,0.44051102323259766,-0.8597750890047069,-0.6456245288212396,-0.3303174598660074,-0.5043466479784757,-0.5043466479784757
-1.006709821867126,-0.2816035990969911,-0.5403949467901782,-1.0463457327143462,-0.6900643843196488,-1.0315393320579553,-0.9058104013152335,-0.1566331880330539,-0.7444668457727123,-0.8371787100618959,1.3217135414139385,0.4629942581898511,-1.3355437102870424,0.1762819380997534,-0.6456245288212396,-0.3303174598660074,1.9827632522357468,-0.5043466479784757
1.031338767600439,-0.5232825142917406,-0.4736313032250359,-1.1979036485200232,-0.29271498948236874,-0.3693258420892249,0.7287088466102805,-0.16224066063139642,1.2874634047301152,1.1944880919464211,-1.3278610462577245,-1.3250928858946096,-1.3355437102870424,-1.5504797737410139,-0.6456245288212396,3.027390681696474,-0.5043466479784757,-0.5043466479784757
-1.1358819155657744,-0.0399246839022417,0.2798347214161977,0.3452885459568253,0.2601189511608036,0.7476149808272902,0.18386909730177575,-0.1414187954684334,-0.8377108796896582,-0.8371787100618959,1.3217135414139385,0.4629942581898511,1.3285383899924177,1.2123389652042138,1.5488878680395983,-0.3303174598660074,-0.5043466479784757,-0.5043466479784757
-0.9062426378792884,0.20175423129250772,0.1657090220716741,-0.8963071945107317,0.968437437609868,0.05718307737694057,0.5086774093895382,-0.15894839452252107,-0.6537716094516693,-0.8371787100618959,1.3217135414139385,1.3570378302320816,1.3285383899924177,1.557691307572367,1.5488878680395983,-0.3303174598660074,-0.5043466479784757,-0.5043466479784757
-0.9205950927346938,1.410148807266255,1.4521897092739617,0.2690044715341071,1.2103022866412558,0.3021964477405655,-0.28413427710424743,-0.153124217450042,-0.7336055863171097,-0.8371787100618959,1.3217135414139385,1.3570378302320816,1.3285383899924177,1.557691307572367,1.5488878680395983,-0.3303174598660074,-0.5043466479784757,-0.5043466479784757
1.1174534967328713,-0.5232825142917406,-0.3546606793638725,1.1277886547361342,-0.5173037778686574,0.43539865606170847,-0.08855077735247653,-0.16224066063139642,1.3694695583378524,1.1944880919464211,-1.3278610462577245,-1.3250928858946096,-0.44751634352722236,-1.2051274313728604,-0.6456245288212396,-0.3303174598660074,-0.5043466479784757,-0.5043466479784757
0.7299372156369258,-0.5232825142917406,-0.4347770516420432,0.4886639273687891,-0.5691319598039548,-0.1065133334934739,-0.27714915211311275,-0.16224066063139642,1.0004418671030342,1.1944880919464211,-1.3278610462577245,-1.3250928858946096,-0.44751634352722236,-1.2051274313728604,-0.6456245288212396,-0.3303174598660074,-0.5043466479784757,-0.5043466479784757
-1.0210622767225315,6.727084941550742,7.90047048827969,-0.15479113915436507,1.9531728943805187,0.6131877558490545,-0.7719663934205885,-0.16017404793805348,-0.7105868404900939,-0.8371787100618959,1.3217135414139385,1.3570378302320816,1.3285383899924177,1.557691307572367,1.5488878680395983,-0.3303174598660074,-0.5043466479784757,-0.5043466479784757
-1.1789392801319907,0.6851120616820066,0.35005694061520637,-0.9927485706121988,1.244854407931454,-0.16810770170521042,0.14195834735496785,-0.15559476718150897,-0.8373170746145949,-0.8371787100618959,1.3217135414139385,1.3570378302320816,1.3285383899924177,1.557691307572367,1.5488878680395983,-0.3303174598660074,-0.5043466479784757,-0.5043466479784757
-1.1789392801319907,1.410148807266255,1.2243104358113435,0.027500583708469185,0.191014708580407,0.1309309817843025,-0.6962566515811933,-0.14259820574476056,-0.8475805975312689,-0.8371787100618959,1.3217135414139385,1.3570378302320816,1.3285383899924177,1.557691307572367,1.5488878680395983,-0.3303174598660074,-0.5043466479784757,-0.5043466479784757
0.3711258442517912,-0.2816035990969911,0.024892458447228167,1.042587445453842,-0.3445431714176661,0.8802797738987228,-0.27714915211311275,-0.13501206772598323,-0.5477740460215206,-0.8371787100618959,-0.4446695170338368,-0.43104931385237927,0.44051102323259766,-0.16907040426840003,-0.6456245288212396,-0.3303174598660074,-0.5043466479784757,1.9827632522357468
-0.8775377281684775,3.34358012882425,1.9356679372816004,0.6231262670218539,-0.11995438303137738,-0.2321901154277624,-0.9501864894942068,-0.13922491489193084,-0.7817871065415452,-0.8371787100618959,1.3217135414139385,1.3570378302320816,1.3285383899924177,1.557691307572367,1.5488878680395983,-0.3303174598660074,-0.5043466479784757,-0.5043466479784757
0.328068479685575,-0.0399246839022417,0.20321340763722948,-0.5449227774368589,0.2601189511608036,0.5748579133616262,0.18386909730177575,-0.1473723620751852,-0.38543558965944114,-0.8371787100618959,-0.4446695170338368,0.4629942581898511,1.3285383899924177,0.5216342804679068,-0.6456245288212396,-0.3303174598660074,1.9827632522357468,-0.5043466479784757
-1.1789392801319907,-0.0399246839022417,0.10024416851249857,1.2847593532491564,0.12191046600001049,0.34269452548661894,0.016226097514543677,-0.13679934976854607,-0.8495076167493786,-0.8371787100618959,1.3217135414139385,0.4629942581898511,1.3285383899924177,1.2123389652042138,1.5488878680395983,-0.3303174598660074,-0.5043466479784757,-0.5043466479784757
2.222592520599086,-0.5232825142917406,-0.5345576883363953,-1.1185161688122875,-0.6900643843196488,-0.7814355973520458,-0.7172120265545973,-0.16224066063139642,2.421881862970483,1.1944880919464211,-1.3278610462577245,-1.3250928858946096,-1.3355437102870424,-1.5504797737410139,-0.6456245288212396,3.027390681696474,-0.5043466479784757,-0.5043466479784757
-0.6048410859157752,-0.5232825142917406,-0.23948427349766807,0.15248540024590018,-0.327267110772567,1.2144588341244185,0.6029765967698564,-0.16224066063139642,-0.27065351381689606,1.1944880919464211,0.43852201219005094,-0.43104931385237927,0.44051102323259766,0.1762819380997534,-0.6456245288212396,-0.3303174598660074,1.9827632522357468,-0.5043466479784757
0.3567733893963858,-0.5232825142917406,-0.530624835453159,-1.2577020098583171,-0.4309234746431618,-0.7548335424913679,0.22577984724858385,-0.16224066063139642,0.6450818681361719,1.1944880919464211,-0.4446695170338368,-1.3250928858946096,-1.3355437102870424,-1.2051274313728604,-0.6456245288212396,-0.3303174598660074,-0.5043466479784757,-0.5043466479784757
-0.9205950927346938,0.9267909768767559,1.9453723794610145,0.9664075406837934,0.7784007705137775,1.2200006351105022,-0.27714915211311275,-0.1482219791355401,-0.7626904354633206,-0.8371787100618959,1.3217135414139385,1.3570378302320816,1.3285383899924177,1.557691307572367,1.5488878680395983,-0.3303174598660074,-0.5043466479784757,-0.5043466479784757
0.514650392805845,-0.2816035990969911,-0.34099419800895325,-0.5076449775547134,-0.30999105012746786,-0.3571599672781728,-0.21428302719290068,-0.14043382274895327,-0.4560908521551131,-0.8371787100618959,-0.4446695170338368,-0.43104931385237927,-0.44751634352722236,-0.5144227466365535,-0.6456245288212396,-0.3303174598660074,-0.5043466479784757,1.9827632522357468
-0.31779198880766746,-0.5232825142917406,-0.4535219478517537,-1.1637867150919052,0.10463440535491135,-0.23330494562163998,2.1746297197751585,-0.16224066063139642,0.0027003315422287027,1.1944880919464211,0.43852201219005094,-0.43104931385237927,-0.44751634352722236,-0.16907040426840003,-0.6456245288212396,-0.3303174598660074,-0.5043466479784757,1.9827632522357468
-0.2747346242414513,1.410148807266255,1.5925327253063444,-0.046616919720325806,1.5385474388981395,0.40767296462280905,-0.1514169022726886,-0.15764078076556856,-0.31371963851026763,-0.8371787100618959,-0.4446695170338368,1.3570378302320816,1.3285383899924177,0.8669866228360602,1.5488878680395983,-0.3303174598660074,-0.5043466479784757,-0.5043466479784757
-1.1071770058549637,-0.2816035990969911,-0.3603301166371092,-0.9587102031668463,-0.5173037778686574,-0.4225546290414348,-0.5914797767141732,-0.14226403949980118,-0.8299638818211832,-0.8371787100618959,1.3217135414139385,0.4629942581898511,-0.44751634352722236,0.5216342804679068,-0.6456245288212396,-0.3303174598660074,1.9827632522357468,-0.5043466479784757
-0.633545995626586,-0.0399246839022417,0.11144440817069459,0.425783877079374,-0.08540226174117911,0.36794755839394155,-0.23523840216630476,-0.13960633113287843,-0.7258617277265124,-0.8371787100618959,0.43852201219005094,0.4629942581898511,1.3285383899924177,0.8669866228360602,1.5488878680395983,-0.3303174598660074,-0.5043466479784757,-0.5043466479784757
-0.7196607247590183,-0.5232825142917406,-0.48559038648222363,-1.3109706650734645,0.1391865266451096,-0.4502178048288373,2.3003619696155826,-0.16224066063139642,-0.37999505196054595,1.1944880919464211,0.43852201219005094,-0.43104931385237927,-1.3355437102870424,-0.5144227466365535,-0.6456245288212396,-0.3303174598660074,-0.5043466479784757,1.9827632522357468
2.36611706915314,-0.5232825142917406,-0.32889647986348813,-1.076155260667844,-0.10267832238627825,0.6096692603530882,1.4202362207326134,-0.16224066063139642,2.558558785650045,1.1944880919464211,-1.3278610462577245,-1.3250928858946096,-0.44751634352722236,-1.2051274313728604,-0.6456245288212396,-0.3303174598660074,-0.5043466479784757,-0.5043466479784757
2.323059704586924,-0.5232825142917406,-0.5125074445272303,-0.339075458954522,-0.6209601417392523,-0.6322864140701003,-0.465747526873749,-0.16224066063139642,2.5175557088461766,1.1944880919464211,-1.3278610462577245,-1.3250928858946096,-1.3355437102870424,-1.5504797737410139,-0.6456245288212396,3.027390681696474,-0.5043466479784757,-0.5043466479784757
-1.1358819155657744,2.135185552850503,2.778779658626805,0.3222884652460964,1.4176150143824455,0.6638686850522245,-0.423836776926941,-0.15621190123162404,-0.814277407672459,-0.8371787100618959,1.3217135414139385,1.3570378302320816,1.3285383899924177,1.557691307572367,1.5488878680395983,-0.3303174598660074,-0.5043466479784757,-0.5043466479784757
1.4045025938409792,-0.0399246839022417,-0.3576814606137052,0.15102741163786093,-0.4309234746431618,-0.6897843619600627,-0.6543459016343852,-0.1418801946493194,-0.2178162156590652,-0.8371787100618959,-1.3278610462577245,0.4629942581898511,-0.44751634352722236,-0.5144227466365535,-0.6456245288212396,-0.3303174598660074,-0.5043466479784757,1.9827632522357468
-0.08815271112118124,-0.5232825142917406,-0.33390192898760696,0.37701564588393993,-0.327267110772567,0.5758120996213165,0.6029765967698564,-0.16224066063139642,0.2213834078295285,1.1944880919464211,-0.4446695170338368,-0.43104931385237927,-0.44751634352722236,-0.5144227466365535,-0.6456245288212396,-0.3303174598660074,-0.5043466479784757,1.9827632522357468
-1.0354147315779367,-0.2816035990969911,-0.2530923822680495,0.9195141896926189,-0.39637135335296353,-0.059873367179298274,-0.37144833949343087,-0.16224066063139642,-0.6806842818555832,-0.8371787100618959,1.3217135414139385,0.4629942581898511,0.44051102323259766,0.8669866228360602,1.5488878680395983,-0.3303174598660074,-0.5043466479784757,-0.5043466479784757
0.17019147627611575,-0.5232825142917406,-0.5236566081739557,-0.8614089902133719,-0.5173037778686574,-0.7077000315601111,-0.08855077735247653,-0.16224066063139642,0.4674018686527408,1.1944880919464211,-0.4446695170338368,-1.3250928858946096,-1.3355437102870424,-1.2051274313728604,-0.6456245288212396,-0.3303174598660074,-0.5043466479784757,-0.5043466479784757
-0.7914229990360452,1.6518277224610043,0.8313899761410797,-0.5486083035925945,0.7611247098686784,-0.27215184243210305,-0.528613651793961,-0.15394627407968145,-0.6705639295655698,-0.8371787100618959,0.43852201219005094,1.3570378302320816,1.3285383899924177,1.2123389652042138,1.5488878680395983,-0.3303174598660074,-0.5043466479784757,-0.5043466479784757
-0.9923573670117206,0.9267909768767559,0.5193739186402475,-0.20119194156740286,0.3464992543862992,-0.1579336319559504,-0.5016710268281559,-0.14591038803781914,-0.7926894916552885,-0.8371787100618959,1.3217135414139385,1.3570378302320816,1.3285383899924177,1.557691307572367,1.5488878680395983,-0.3303174598660074,-0.5043466479784757,-0.5043466479784757
-0.7196607247590183,0.9267909768767559,0.5160612744677257,0.342377143335214,0.7956768311588767,-0.16113462132959142,-0.2681682771245111,-0.1488791048306584,-0.6937641163915843,-0.8371787100618959,0.43852201219005094,1.3570378302320816,1.3285383899924177,1.2123389652042138,1.5488878680395983,-0.3303174598660074,-0.5043466479784757,-0.5043466479784757
-1.1215294607103692,1.410148807266255,1.074489901021937,0.34830662592640416,0.9857134982549671,0.01833151931176069,-0.3749409019889982,-0.153344189682103,-0.8162029255293866,-0.8371787100618959,1.3217135414139385,1.3570378302320816,1.3285383899924177,1.557691307572367,1.5488878680395983,-0.3303174598660074,-0.5043466479784757,-0.5043466479784757
-0.045095346554965075,-0.0399246839022417,1.7780984418947974,1.4779011869969803,0.20829076922550616,4.125730466901426,0.12100297238156366,-0.1487872485506956,-0.4744607040445971,-0.8371787100618959,-0.4446695170338368,0.4629942581898511,1.3285383899924177,0.5216342804679068,-0.6456245288212396,-0.3303174598660074,1.9827632522357468,-0.5043466479784757
-0.9493000024455045,-0.5232825142917406,-0.4380094335108256,0.6135742975383027,-0.5518558991588557,-0.12837736003017208,-0.21428302719290068,-0.16224066063139642,-0.5986781282478457,1.1944880919464211,1.3217135414139385,-0.43104931385237927,-0.44751634352722236,0.1762819380997534,-0.6456245288212396,-0.3303174598660074,1.9827632522357468,-0.5043466479784757
-1.221996644698207,0.20175423129250772,-0.2577475958849414,0.028993765144978655,-0.5173037778686574,-0.6588884689307782,-0.8429442763950215,-0.07222596892116118,-0.8583642813390142,-0.8371787100618959,1.3217135414139385,1.3570378302320816,0.44051102323259766,1.2123389652042138,1.5488878680395983,-0.3303174598660074,-0.5043466479784757,-0.5043466479784757
-0.9780049121563152,-0.5232825142917406,-0.43968034874322093,0.39706298924447897,-0.5864080204490539,-0.13967953176133205,-0.34001527703332485,-0.16224066063139642,-0.6260135127837583,1.1944880919464211,1.3217135414139385,-0.43104931385237927,-0.44751634352722236,0.1762819380997534,-0.6456245288212396,-0.3303174598660074,1.9827632522357468,-0.5043466479784757
-0.820127908746856,1.6518277224610043,2.4481938226698756,-0.2857555098970878,1.72858410599423,0.8214640618811531,-0.17656335224077346,-0.15762372959982698,-0.6276417938120707,-0.8371787100618959,0.43852201219005094,1.3570378302320816,1.3285383899924177,1.2123389652042138,1.5488878680395983,-0.3303174598660074,-0.5043466479784757,-0.5043466479784757
-1.15023437042118,0.9267909768767559,0.5966884068606024,-0.058617787513452375,0.2946710724510018,-0.08322507820462702,-0.528613651793961,-0.14327420919582612,-0.8399237441520891,-0.8371787100618959,1.3217135414139385,1.3570378302320816,1.3285383899924177,1.557691307572367,1.5488878680395983,-0.3303174598660074,-0.5043466479784757,-0.5043466479784757
-1.0210622767225315,1.6518277224610043,1.9583675760937485,0.7142330636749052,1.1411980440608593,0.49014262498835787,-0.39030817696949455,-0.1568369838433461,-0.7503147141062657,-0.8371787100618959,1.3217135414139385,1.3570378302320816,1.3285383899924177,1.557691307572367,1.5488878680395983,-0.3303174598660074,-0.5043466479784757,-0.5043466479784757
2.36611706915314,-0.5232825142917406,-0.5877861888618283,3.3199656512111004,-0.7764446875451444,-1.1414763955127978,-1.0315426511556578,6.84009074654883,-0.8549473582720252,1.1944880919464211,-1.3278610462577245,-1.3250928858946096,-1.3355437102870424,-1.5504797737410139,-0.6456245288212396,3.027390681696474,-0.5043466479784757,-0.5043466479784757
-1.1215294607103692,-0.2816035990969911,-0.053713523206026244,0.3829426865296644,-0.11995438303137738,0.6144319659079222,0.13148065986826574,-0.143549085303588,-0.8322714142820069,-0.8371787100618959,1.3217135414139385,0.4629942581898511,0.44051102323259766,0.8669866228360602,1.5488878680395983,-0.3303174598660074,-0.5043466479784757,-0.5043466479784757
0.6868798510707097,0.20175423129250772,-0.47795087448083523,-1.5067433423046614,0.10463440535491135,-1.0312555439031337,-0.27714915211311275,-0.16224066063139642,0.9594387902991655,-0.8371787100618959,-1.3278610462577245,1.3570378302320816,-1.3355437102870424,-0.5144227466365535,-0.6456245288212396,-0.3303174598660074,-0.5043466479784757,1.9827632522357468
0.31371602483016964,-0.5232825142917406,-0.46775026533284964,0.2733422416480083,-0.5518558991588557,-0.3295461459524784,-0.21428302719290068,-0.16224066063139642,0.6040787913323031,1.1944880919464211,-0.4446695170338368,-1.3250928858946096,-1.3355437102870424,-1.2051274313728604,-0.6456245288212396,-0.3303174598660074,-0.5043466479784757,-0.5043466479784757
-0.6191935407711806,-0.5232825142917406,-0.20048409045333082,1.5369313476149045,-0.5000277172235583,1.4782584319543322,-0.02568465243226445,-0.16224066063139642,-0.2843212060848523,1.1944880919464211,0.43852201219005094,-0.43104931385237927,0.44051102323259766,0.1762819380997534,-0.6456245288212396,-0.3303174598660074,1.9827632522357468,-0.5043466479784757
0.31371602483016964,-0.5232825142917406,-0.5174983005052146,0.4782547298546629,-0.6555122630294505,-0.6660448658784559,-0.5914797767141732,-0.16224066063139642,0.6040787913323031,1.1944880919464211,-0.4446695170338368,-1.3250928858946096,-1.3355437102870424,-1.2051274313728604,-0.6456245288212396,-0.3303174598660074,-0.5043466479784757,-0.5043466479784757
-1.1215294607103692,6.485406026355992,3.7726823589793574,-0.5477389280531196,2.1950377434119064,-0.2556542910318015,-0.7318807890359802,-0.1580495084316043,-0.7984909713393866,-0.8371787100618959,1.3217135414139385,1.3570378302320816,1.3285383899924177,1.557691307572367,1.5488878680395983,-0.3303174598660074,-0.5043466479784757,-0.5043466479784757
0.6725273962153043,-0.0399246839022417,-0.2750550672004078,1.422914188065215,-0.46547559593336,-0.5034877204991374,-0.6962566515811933,-0.12368928651779158,-0.5808049922051337,-0.8371787100618959,-1.3278610462577245,0.4629942581898511,0.44051102323259766,-0.16907040426840003,-0.6456245288212396,-0.3303174598660074,-0.5043466479784757,1.9827632522357468
2.3804695240085456,-0.5232825142917406,-0.4815845678683151,-1.3399481886582438,-0.06812620109607997,-0.42312220535107825,1.5459684705730374,-0.16224066063139642,2.5722264779180013,1.1944880919464211,-1.3278610462577245,-1.3250928858946096,-1.3355437102870424,-1.5504797737410139,-0.6456245288212396,3.027390681696474,-0.5043466479784757,-0.5043466479784757
-0.4182591727955052,-0.0399246839022417,0.8521049470789418,0.1537190829142412,0.968437437609868,2.0379051247499667,1.0430394712113409,-0.15118282134802702,-0.561423381764955,-0.8371787100618959,0.43852201219005094,0.4629942581898511,1.3285383899924177,0.8669866228360602,1.5488878680395983,-0.3303174598660074,-0.5043466479784757,-0.5043466479784757
1.0887485870220606,-0.2816035990969911,-0.05051032762951287,0.5830406514968661,-0.13723044367647652,0.6252652702528549,0.1000475974081597,-0.15836707758648874,0.5589059101077019,-0.8371787100618959,-1.3278610462577245,-0.43104931385237927,0.44051102323259766,-0.5144227466365535,-0.6456245288212396,-0.3303174598660074,-0.5043466479784757,1.9827632522357468
0.772994580203142,0.20175423129250772,0.25372758298165354,0.596919581515701,-0.01629801916078258,0.2060237952732104,-0.3871648707234839,-0.14725991275837352,-0.2528000907918782,-0.8371787100618959,-1.3278610462577245,0.4629942581898511,1.3285383899924177,0.1762819380997534,-0.6456245288212396,-0.3303174598660074,1.9827632522357468,-0.5043466479784757
1.43320750355179,-0.5232825142917406,-0.42383948861426746,-1.503425161334641,0.08735834470981221,-0.03253099539299858,2.111763594854946,-0.16224066063139642,1.6701587882328899,1.1944880919464211,-1.3278610462577245,-1.3250928858946096,-0.44751634352722236,-1.2051274313728604,-0.6456245288212396,-0.3303174598660074,-0.5043466479784757,-0.5043466479784757
-1.1358819155657744,0.6851120616820066,1.1647558064366228,-0.8082853012746708,2.229589864702105,0.7503377019648546,0.7391865340969825,-0.15955623225984947,-0.799067524114958,-0.8371787100618959,1.3217135414139385,1.3570378302320816,1.3285383899924177,1.557691307572367,1.5488878680395983,-0.3303174598660074,-0.5043466479784757,-0.5043466479784757
-0.8488328184576668,0.20175423129250772,-0.17917809709702318,0.6228533536080384,-0.3790952927078644,-0.5260262580125131,-0.7172120265545973,-0.11606147452739919,-0.8115338938782649,-0.8371787100618959,1.3217135414139385,0.4629942581898511,0.44051102323259766,0.8669866228360602,1.5488878680395983,-0.3303174598660074,-0.5043466479784757,-0.5043466479784757
2.3804695240085456,-0.5232825142917406,-0.5157690126882815,-0.9020048605184638,-0.724616505609847,-0.654347858453631,-0.8429442763950215,-0.16224066063139642,2.5722264779180013,1.1944880919464211,-1.3278610462577245,-1.3250928858946096,-1.3355437102870424,-1.5504797737410139,-0.6456245288212396,3.027390681696474,-0.5043466479784757,-0.5043466479784757
-0.5904886310603699,-0.0399246839022417,-0.3620521078809752,-0.07532531976022748,-0.4481995352882609,-0.6996388028144512,-0.6753012766077892,-0.1308655163311466,-0.7485473452034355,-0.8371787100618959,0.43852201219005094,0.4629942581898511,-0.44751634352722236,0.1762819380997534,-0.6456245288212396,-0.3303174598660074,1.9827632522357468,-0.5043466479784757
2.193887610888275,-0.5232825142917406,-0.5635250834132931,-0.5772378980777282,-0.6209601417392523,-0.9773728103332912,-0.465747526873749,-0.16224066063139642,2.3945464784345702,1.1944880919464211,-1.3278610462577245,-1.3250928858946096,-1.3355437102870424,-1.5504797737410139,-0.6456245288212396,3.027390681696474,-0.5043466479784757,-0.5043466479784757
0.18454393113152112,-0.2816035990969911,0.03521710933735671,0.3727606995380291,0.03553016277451482,0.9151980555572192,0.4143782220092201,-0.16224066063139642,0.481069560920697,-0.8371787100618959,-0.4446695170338368,0.4629942581898511,0.44051102323259766,0.1762819380997534,-0.6456245288212396,-0.3303174598660074,1.9827632522357468,-0.5043466479784757
0.7873470350585474,-0.5232825142917406,-0.4879982555944092,-0.16586641231946284,-0.6209601417392523,-0.46650477719251765,-0.465747526873749,-0.16224066063139642,1.055112636174859,1.1944880919464211,-1.3278610462577245,-1.3250928858946096,-1.3355437102870424,-1.5504797737410139,-0.6456245288212396,3.027390681696474,-0.5043466479784757,-0.5043466479784757
-0.28908707909685666,-0.5232825142917406,-0.5406576234205984,-1.5154535673509646,-0.5000277172235583,-0.8226959273400359,-0.02568465243226445,-0.16224066063139642,0.030035716078141178,1.1944880919464211,0.43852201219005094,-0.43104931385237927,-1.3355437102870424,-0.5144227466365535,-0.6456245288212396,-0.3303174598660074,-0.5043466479784757,1.9827632522357468
-0.08815271112118124,-0.0399246839022417,0.49010006749452617,0.3030515001168976,0.20829076922550616,1.2216974885082765,0.12100297238156366,-0.15560515139002445,-0.3036993725195574,-0.8371787100618959,-0.4446695170338368,0.4629942581898511,1.3285383899924177,0.5216342804679068,-0.6456245288212396,-0.3303174598660074,1.9827632522357468,-0.5043466479784757
0.5577077573720612,-0.5232825142917406,-0.38880134474543543,0.5534322674566845,-0.4827516565784592,0.20446912972940456,0.03718147248794763,-0.16224066063139642,0.8364295598875592,1.1944880919464211,-0.4446695170338368,-1.3250928858946096,-0.44751634352722236,-0.8597750890047069,-0.6456245288212396,-0.3303174598660074,-0.5043466479784757,-0.5043466479784757
0.9021666739017905,-0.5232825142917406,-0.5049627879757158,-1.0201019377696403,-0.46547559593336,-0.5812539006639019,0.1000475974081597,-0.16224066063139642,1.164454174318509,1.1944880919464211,-1.3278610462577245,-1.3250928858946096,-1.3355437102870424,-1.5504797737410139,-0.6456245288212396,3.027390681696474,-0.5043466479784757,-0.5043466479784757
-1.15023437042118,-0.2816035990969911,1.1088713533147183,0.2271517969741601,1.6594798634138332,4.546329189578044,3.3690860932591877,-0.1606518767285327,-0.8026535791598448,-0.8371787100618959,1.3217135414139385,0.4629942581898511,1.3285383899924177,1.2123389652042138,1.5488878680395983,-0.3303174598660074,-0.5043466479784757,-0.5043466479784757
-0.5474312664941536,0.20175423129250772,0.3099184921723815,0.5282819639680084,0.22556682987060528,0.3010434726767728,-0.16713343350274162,-0.14466339075582274,-0.6752291941521446,-0.8371787100618959,0.43852201219005094,1.3570378302320816,1.3285383899924177,1.2123389652042138,1.5488878680395983,-0.3303174598660074,-0.5043466479784757,-0.5043466479784757
1.734609055515303,-0.5232825142917406,-0.5367466602565638,-0.01097755330926598,-0.5691319598039548,-0.7962419358644826,-0.27714915211311275,-0.16224066063139642,1.9571803258599707,1.1944880919464211,-1.3278610462577245,-1.3250928858946096,-1.3355437102870424,-1.5504797737410139,-0.6456245288212396,3.027390681696474,-0.5043466479784757,-0.5043466479784757
0.2563062054085481,-0.2816035990969911,-0.23421614774312893,0.9065013617005351,-0.20633468625687304,0.003966629040157885,-0.02568465243226445,-0.15034602178642745,-0.3363812923639216,-0.8371787100618959,-0.4446695170338368,0.4629942581898511,0.44051102323259766,0.1762819380997534,-0.6456245288212396,-0.3303174598660074,1.9827632522357468,-0.5043466479784757
-1.0497671864333422,1.1684698920715055,0.812542927908428,1.3062002789248555,0.22556682987060528,-0.04558525051479697,-0.6307711047893058,-0.14918404551270673,-0.801072311010321,-0.8371787100618959,1.3217135414139385,1.3570378302320816,1.3285383899924177,1.557691307572367,1.5488878680395983,-0.3303174598660074,-0.5043466479784757,-0.5043466479784757
-1.006709821867126,1.410148807266255,0.6828244519192368,1.7177819698368044,0.43287955761179486,-0.2760294579736378,-0.5984649017053078,-0.14598495549258433,-0.796596825897289,-0.8371787100618959,1.3217135414139385,1.3570378302320816,1.3285383899924177,1.557691307572367,1.5488878680395983,-0.3303174598660074,-0.5043466479784757,-0.5043466479784757
1.3757976841301682,-0.2816035990969911,-0.4384618210409938,-0.9686237246088711,-0.3445431714176661,-0.6867984170267214,-0.27714915211311275,-0.16224066063139642,1.6154880191610648,-0.8371787100618959,-1.3278610462577245,0.4629942581898511,-0.44751634352722236,-0.5144227466365535,-0.6456245288212396,-0.3303174598660074,-0.5043466479784757,1.9827632522357468
0.08407674714368342,-0.2816035990969911,-0.5125804102579025,0.16852327493433167,-0.6382362023843514,-0.9374697280422742,-0.8115112139349154,-0.12106078373731852,-0.6774537364104299,-0.8371787100618959,-0.4446695170338368,0.4629942581898511,-1.3355437102870424,-0.5144227466365535,-0.6456245288212396,-0.3303174598660074,-0.5043466479784757,1.9827632522357468
-1.078472096144153,5.277011450382245,5.277053311115227,-0.431161668861103,5.391108962755246,0.348672995948196,-0.1941658672184328,-0.15992737961968642,-0.7556018666299928,-0.8371787100618959,1.3217135414139385,1.3570378302320816,1.3285383899924177,1.557691307572367,1.5488878680395983,-0.3303174598660074,-0.5043466479784757,-0.5043466479784757
-0.11685762083199201,-0.2816035990969911,0.2967846606513699,0.3081387019095154,0.17373864793530788,1.7998274272136028,0.6658427216900684,-0.16224066063139642,0.19404802329361603,-0.8371787100618959,-0.4446695170338368,0.4629942581898511,1.3285383899924177,0.5216342804679068,-0.6456245288212396,-0.3303174598660074,1.9827632522357468,-0.5043466479784757
-1.0928245509995584,0.20175423129250772,-0.14245444484966127,-0.8572094174231899,0.0009780414843165532,-0.46392600656826827,-0.37144833949343087,-0.1524029894062341,-0.8071852584670322,-0.8371787100618959,1.3217135414139385,1.3570378302320816,0.44051102323259766,1.2123389652042138,1.5488878680395983,-0.3303174598660074,-0.5043466479784757,-0.5043466479784757
-0.7340131796144237,0.20175423129250772,-0.3584476007857642,-0.3336626762471764,-0.39637135335296353,-0.829173700439227,-0.7329285577846504,-0.11591806090595819,-0.7972892221759184,-0.8371787100618959,0.43852201219005094,1.3570378302320816,-0.44751634352722236,0.5216342804679068,-0.6456245288212396,-0.3303174598660074,1.9827632522357468,-0.5043466479784757
2.17953515603287,-0.5232825142917406,-0.6005187088641424,-1.6597944395468471,-0.7764446875451444,-1.227599931193471,-1.0315426511556578,6.84009074654883,-0.8551250382715087,1.1944880919464211,-1.3278610462577245,-1.3250928858946096,-1.3355437102870424,-1.5504797737410139,-0.6456245288212396,3.027390681696474,-0.5043466479784757,-0.5043466479784757
-0.8775377281684775,0.20175423129250772,0.043257932857442685,0.9221029118570018,-0.25816286819217044,-0.1498835667194863,-0.6071963079442262,-0.1309682172944862,-0.7983034364432066,-0.8371787100618959,1.3217135414139385,1.3570378302320816,0.44051102323259766,1.2123389652042138,1.5488878680395983,-0.3303174598660074,-0.5043466479784757,-0.5043466479784757
1.074396132166655,-0.5232825142917406,-0.5281731869025701,1.2270230043708037,-0.5864080204490539,-0.7382504433574388,-0.34001527703332485,-0.16224066063139642,1.328466481533984,1.1944880919464211,-1.3278610462577245,-1.3250928858946096,-1.3355437102870424,-1.5504797737410139,-0.6456245288212396,3.027390681696474,-0.5043466479784757,-0.5043466479784757
-0.820127908746856,-0.5232825142917406,-0.5542584356179127,-1.5230504553612743,-0.46547559593336,-0.914692643963976,0.1000475974081597,-0.16224066063139642,-0.4756688978362396,1.1944880919464211,0.43852201219005094,-0.43104931385237927,-1.3355437102870424,-0.5144227466365535,-0.6456245288212396,-0.3303174598660074,-0.5043466479784757,1.9827632522357468
1.0026338578896283,-0.5232825142917406,-0.5442402407966076,-1.190686604910229,-0.5864080204490539,-0.846928968038724,-0.34001527703332485,-0.16224066063139642,1.2601280201942027,1.1944880919464211,-1.3278610462577245,-1.3250928858946096,-1.3355437102870424,-1.5504797737410139,-0.6456245288212396,3.027390681696474,-0.5043466479784757,-0.5043466479784757
0.18454393113152112,-0.5232825142917406,-0.5053349132021444,0.09635283883639026,-0.6382362023843514,-0.5837709782110161,-0.528613651793961,-0.16224066063139642,0.481069560920697,1.1944880919464211,-0.4446695170338368,-1.3250928858946096,-1.3355437102870424,-1.2051274313728604,-0.6456245288212396,-0.3303174598660074,-0.5043466479784757,-0.5043466479784757
-0.705308269903613,-0.2816035990969911,-0.42988834768700007,1.0105116960769798,-0.6036840810941531,-0.6578026707731995,-0.7486450890147034,-0.1367521488207486,-0.7522386707878247,-0.8371787100618959,0.43852201219005094,0.4629942581898511,-0.44751634352722236,0.1762819380997534,-0.6456245288212396,-0.3303174598660074,1.9827632522357468,-0.5043466479784757
0.514650392805845,-0.5232825142917406,0.3692768437315933,2.266277284181158,-0.27543892883726956,5.332155864340938,0.7915749715304926,-0.16224066063139642,0.7954264830836905,1.1944880919464211,-0.4446695170338368,-1.3250928858946096,1.3285383899924177,-0.16907040426840003,-0.6456245288212396,-0.3303174598660074,-0.5043466479784757,1.9827632522357468
-0.9349475475900991,-0.0399246839022417,-0.2604911073582194,0.41616692821158136,-0.5345798385137566,-0.4706505519759998,-0.7800781514748094,-0.1613644930379054,-0.6153830854642367,-0.8371787100618959,1.3217135414139385,0.4629942581898511,0.44051102323259766,0.8669866228360602,1.5488878680395983,-0.3303174598660074,-0.5043466479784757,-0.5043466479784757
-1.006709821867126,-0.5232825142917406,-0.5846121795775839,-0.7937492063715519,-0.7764446875451444,-1.1200072046697644,-1.0315426511556578,6.84009074654883,-0.8581592659549949,1.1944880919464211,1.3217135414139385,-0.43104931385237927,-1.3355437102870424,-0.16907040426840003,-0.6456245288212396,-0.3303174598660074,-0.5043466479784757,1.9827632522357468
-0.33214444366307283,-0.5232825142917406,-0.43802402665696005,0.2578771481984495,-0.6727883236745497,-0.12847606895358823,-0.6543459016343852,-0.16224066063139642,-0.010967360725727534,1.1944880919464211,0.43852201219005094,-0.43104931385237927,-0.44751634352722236,-0.16907040426840003,-0.6456245288212396,-0.3303174598660074,-0.5043466479784757,1.9827632522357468
-0.030742891699559686,-0.2816035990969911,-0.44035893003847315,-0.709938377354588,-0.327267110772567,-0.6932144970487772,-0.24571608965300673,-0.1337360082564886,-0.6344659014231523,-0.8371787100618959,-0.4446695170338368,-0.43104931385237927,-0.44751634352722236,-0.5144227466365535,-0.6456245288212396,-0.3303174598660074,-0.5043466479784757,1.9827632522357468
-0.43261162765091055,0.20175423129250772,0.19535499844382423,0.5865103840015747,-0.3790952927078644,0.1073148718569659,-0.7172120265545973,-0.1384993451948656,-0.6870156393032394,-0.8371787100618959,0.43852201219005094,1.3570378302320816,1.3285383899924177,1.2123389652042138,1.5488878680395983,-0.3303174598660074,-0.5043466479784757,-0.5043466479784757
0.6725273962153043,-0.5232825142917406,-0.5461227566479526,0.5774890794893323,-0.7418925662549462,-0.8596624191594195,-0.9058104013152335,-0.16224066063139642,0.9457710980312092,1.1944880919464211,-1.3278610462577245,-1.3250928858946096,-1.3355437102870424,-1.5504797737410139,-0.6456245288212396,3.027390681696474,-0.5043466479784757,-0.5043466479784757
-0.8488328184576668,0.4434331464872571,0.5193301392018441,0.2952383640567894,0.6747444066431828,0.2756974888665667,-0.02568465243226445,-0.15572197373582325,-0.6742399295427126,-0.8371787100618959,1.3217135414139385,1.3570378302320816,1.3285383899924177,1.557691307572367,1.5488878680395983,-0.3303174598660074,-0.5043466479784757,-0.5043466479784757
0.6725273962153043,-0.2816035990969911,-0.5063491368584893,0.17222432293935427,-0.5864080204490539,-0.9163953728929062,-0.7172120265545973,-0.1201846161438275,-0.6006306557146966,-0.8371787100618959,-1.3278610462577245,-0.43104931385237927,-1.3355437102870424,-1.2051274313728604,-0.6456245288212396,-0.3303174598660074,-0.5043466479784757,-0.5043466479784757
0.18454393113152112,0.20175423129250772,0.07791665492677884,0.06849758279858835,-0.050850140450980845,-0.09127514344109112,-0.41859793318358995,-0.14384114116808502,-0.48886529037081805,-0.8371787100618959,-0.4446695170338368,1.3570378302320816,0.44051102323259766,0.5216342804679068,-0.6456245288212396,-0.3303174598660074,1.9827632522357468,-0.5043466479784757
0.15583902142071035,-0.2816035990969911,-0.2175726645767804,-0.439457974618022,-0.27543892883726956,0.06025539261827119,-0.1514169022726886,-0.14756485344042186,-0.4342516485394025,-0.8371787100618959,-0.4446695170338368,0.4629942581898511,0.44051102323259766,0.1762819380997534,-0.6456245288212396,-0.3303174598660074,1.9827632522357468,-0.5043466479784757
0.12713411170989958,-0.5232825142917406,-0.140593818717518,-1.1726439958857435,0.7784007705137775,1.8833598536545995,4.626408591663429,-0.16224066063139642,0.4263987918488721,1.1944880919464211,-0.4446695170338368,-1.3250928858946096,0.44051102323259766,-0.5144227466365535,-0.6456245288212396,-0.3303174598660074,-0.5043466479784757,1.9827632522357468
0.15583902142071035,-0.0399246839022417,-0.44988095789120663,1.371363876566686,-0.724616505609847,-0.8976653546746737,-1.0105872761822539,0.0017779128701223706,-0.8045897543831209,-0.8371787100618959,-0.4446695170338368,0.4629942581898511,-0.44751634352722236,-0.16907040426840003,-0.6456245288212396,-0.3303174598660074,-0.5043466479784757,1.9827632522357468
0.06972429228827803,-0.0399246839022417,-0.3228111379254194,-1.2010840406192542,0.12191046600001049,-0.611162704459024,0.016226097514543677,-0.14302539892586927,-0.5295838498241222,-0.8371787100618959,-0.4446695170338368,0.4629942581898511,-0.44751634352722236,-0.16907040426840003,-0.6456245288212396,-0.3303174598660074,-0.5043466479784757,1.9827632522357468
-0.5761361762049644,-0.5232825142917406,-0.5644736379120328,-0.3607265897839043,-0.7418925662549462,-0.9837888903553471,-0.9058104013152335,-0.16224066063139642,-0.24331812928098356,1.1944880919464211,0.43852201219005094,-0.43104931385237927,-1.3355437102870424,-0.5144227466365535,-0.6456245288212396,-0.3303174598660074,-0.5043466479784757,1.9827632522357468
0.7299372156369258,-0.5232825142917406,-0.2920560824470506,0.48126183135874384,-0.327267110772567,0.8588599375173975,0.6029765967698564,-0.16224066063139642,1.0004418671030342,1.1944880919464211,-1.3278610462577245,-1.3250928858946096,0.44051102323259766,-0.8597750890047069,-0.6456245288212396,-0.3303174598660074,-0.5043466479784757,-0.5043466479784757
-0.016390436844154296,-0.5232825142917406,-0.4581406786033094,0.8373026494419202,-0.5345798385137566,-0.2645463198828813,-0.1514169022726886,-0.16224066063139642,0.2897218691693097,1.1944880919464211,-0.4446695170338368,-0.43104931385237927,-0.44751634352722236,-0.5144227466365535,-0.6456245288212396,-0.3303174598660074,-0.5043466479784757,1.9827632522357468
-0.40390671794009975,-0.5232825142917406,-0.48914381756596403,-1.4093205730892864,0.07008228406471309,-0.47425342768069284,2.048897469934734,-0.16224066063139642,-0.07930582206550872,1.1944880919464211,0.43852201219005094,-0.43104931385237927,-1.3355437102870424,-0.5144227466365535,-0.6456245288212396,-0.3303174598660074,-0.5043466479784757,1.9827632522357468
0.8016994899139528,-0.5232825142917406,-0.5155501154962646,1.8043864931543336,-0.724616505609847,-0.6528672246023873,-0.8429442763950215,-0.16224066063139642,1.0687803284428152,1.1944880919464211,-1.3278610462577245,-1.3250928858946096,-1.3355437102870424,-1.5504797737410139,-0.6456245288212396,3.027390681696474,-0.5043466479784757,-0.5043466479784757
2.337412159442329,-0.5232825142917406,-0.4951197109080243,-0.9621468906000815,-0.6382362023843514,-0.514674731819645,-0.528613651793961,-0.16224066063139642,2.531223401114133,1.1944880919464211,-1.3278610462577245,-1.3250928858946096,-1.3355437102870424,-1.5504797737410139,-0.6456245288212396,3.027390681696474,-0.5043466479784757,-0.5043466479784757
1.2609780452869253,-0.5232825142917406,-0.4106837673740542,0.28880733509756706,-0.5864080204490539,0.05645509906674587,-0.34001527703332485,-0.16224066063139642,1.506146481017415,1.1944880919464211,-1.3278610462577245,-1.3250928858946096,-0.44751634352722236,-1.2051274313728604,-0.6456245288212396,-0.3303174598660074,-0.5043466479784757,-0.5043466479784757
-0.40390671794009975,0.9267909768767559,0.47385789584687515,-1.0528808509436873,1.0029895589000664,-0.20191550797527416,-0.1603977772612903,-0.15623265427602942,-0.43887126480712674,-0.8371787100618959,0.43852201219005094,1.3570378302320816,1.3285383899924177,1.2123389652042138,1.5488878680395983,-0.3303174598660074,-0.5043466479784757,-0.5043466479784757
0.4572405733842235,-0.5232825142917406,-0.3966232710735045,-0.6605114781907374,-0.5691319598039548,0.15156114677829766,-0.27714915211311275,-0.16224066063139642,0.7407557140118656,1.1944880919464211,-0.4446695170338368,-1.3250928858946096,-0.44751634352722236,-0.8597750890047069,-0.6456245288212396,-0.3303174598660074,-0.5043466479784757,-0.5043466479784757
-0.5187263567833429,-0.5232825142917406,-0.5445904763038346,0.07229602680374327,-0.724616505609847,-0.849297982200714,-0.8429442763950215,-0.16224066063139642,-0.18864736020915862,1.1944880919464211,0.43852201219005094,-0.43104931385237927,-1.3355437102870424,-0.5144227466365535,-0.6456245288212396,-0.3303174598660074,-0.5043466479784757,1.9827632522357468
-0.6909558150482076,-0.5232825142917406,-0.5808106650095577,-1.0102605146653758,-0.7764446875451444,-1.0942935301198329,-1.0315426511556578,6.84009074654883,-0.8578585767250999,1.1944880919464211,0.43852201219005094,-0.43104931385237927,-1.3355437102870424,-0.5144227466365535,-0.6456245288212396,-0.3303174598660074,-0.5043466479784757,1.9827632522357468
-0.6048410859157752,0.4434331464872571,0.08281995202795653,-0.06926905938837218,-0.11995438303137738,-0.31481877457877466,-0.6040530016982155,-0.1354402401246123,-0.7365218051454044,-0.8371787100618959,0.43852201219005094,1.3570378302320816,1.3285383899924177,1.2123389652042138,1.5488878680395983,-0.3303174598660074,-0.5043466479784757,-0.5043466479784757
-0.9923573670117206,0.6851120616820066,-0.05655918670224541,-0.3713746869131088,0.12191046600001049,-0.6265037163066319,-0.5390913392806631,-0.13502105406027543,-0.813582764010557,-0.8371787100618959,1.3217135414139385,1.3570378302320816,0.44051102323259766,1.2123389652042138,1.5488878680395983,-0.3303174598660074,-0.5043466479784757,-0.5043466479784757
1.6341418715274654,-0.0399246839022417,-0.31088124096050057,0.6627814130596266,-0.41364741399806265,-0.5842645228280973,-0.6333905266609813,-0.149557091658955,0.10972531167436067,-0.8371787100618959,-1.3278610462577245,0.4629942581898511,0.44051102323259766,-0.16907040426840003,-0.6456245288212396,-0.3303174598660074,-0.5043466479784757,1.9827632522357468
0.8160519447693582,-0.5232825142917406,-0.3945437477493444,1.2926324917325684,-0.41364741399806265,0.16562716836511235,0.28864597216879595,-0.16224066063139642,1.0824480207107716,1.1944880919464211,-1.3278610462577245,-1.3250928858946096,-0.44751634352722236,-1.2051274313728604,-0.6456245288212396,-0.3303174598660074,-0.5043466479784757,-0.5043466479784757
-0.7196607247590183,-0.0399246839022417,-0.24127193389913906,1.818820580373922,-0.6555122630294505,-0.4273173345962686,-0.9267657762886377,-0.11217394100333819,-0.7996171829942901,-0.8371787100618959,0.43852201219005094,0.4629942581898511,0.44051102323259766,0.5216342804679068,-0.6456245288212396,-0.3303174598660074,1.9827632522357468,-0.5043466479784757
0.08407674714368342,-0.5232825142917406,-0.5090780551856328,-0.6043018116144561,-0.6555122630294505,-0.6090898170672828,-0.5914797767141732,-0.16224066063139642,0.38539571504500336,1.1944880919464211,-0.4446695170338368,-1.3250928858946096,-1.3355437102870424,-1.2051274313728604,-0.6456245288212396,-0.3303174598660074,-0.5043466479784757,-0.5043466479784757
0.18454393113152112,-0.5232825142917406,-0.5613434080661917,-0.8659196424694932,-0.6900643843196488,-0.9626158262825627,-0.7172120265545973,-0.16224066063139642,0.481069560920697,1.1944880919464211,-0.4446695170338368,-1.3250928858946096,-1.3355437102870424,-1.2051274313728604,-0.6456245288212396,-0.3303174598660074,-0.5043466479784757,-0.5043466479784757
-0.11685762083199201,-0.0399246839022417,1.1550075848188055,1.1959150577768634,0.10463440535491135,2.7208557143797267,-0.004729277458860497,-0.14859089180648372,-0.5012958208386576,-0.8371787100618959,-0.4446695170338368,0.4629942581898511,1.3285383899924177,0.5216342804679068,-0.6456245288212396,-0.3303174598660074,1.9827632522357468,-0.5043466479784757
-0.7483656344698291,-0.5232825142917406,-0.5918357869141403,-1.2267718229591995,-0.7764446875451444,-1.1688681217608057,-1.0315426511556578,6.84009074654883,-0.8579132474941716,1.1944880919464211,0.43852201219005094,-0.43104931385237927,-1.3355437102870424,-0.5144227466365535,-0.6456245288212396,-0.3303174598660074,-0.5043466479784757,1.9827632522357468
2.17953515603287,-0.2816035990969911,-0.31485787328214015,-0.6223444206389414,-0.41364741399806265,-0.2687661263589258,-0.40288140195353694,-0.15766935144796504,1.1022302068880767,-0.8371787100618959,-1.3278610462577245,-0.43104931385237927,-0.44751634352722236,-0.8597750890047069,-0.6456245288212396,-0.3303174598660074,-0.5043466479784757,-0.5043466479784757
-0.11685762083199201,-0.2816035990969911,-0.44615970562692,0.28880733509756706,-0.6382362023843514,-0.7128328955777559,-0.8115112139349154,-0.0886425827781508,-0.7668501678926986,-0.8371787100618959,-0.4446695170338368,-0.43104931385237927,-0.44751634352722236,-0.5144227466365535,-0.6456245288212396,-0.3303174598660074,-0.5043466479784757,1.9827632522357468
0.41418320881800735,-0.5232825142917406,-0.4844667142298705,3.3199656512111004,-0.7764446875451444,-0.4426172177257865,-1.0315426511556578,6.84009074654883,-0.8568061644204673,1.1944880919464211,-0.4446695170338368,-1.3250928858946096,-1.3355437102870424,-1.2051274313728604,-0.6456245288212396,-0.3303174598660074,-0.5043466479784757,-0.5043466479784757
1.0026338578896283,-0.2816035990969911,-0.4412710016718767,-0.20195163036843353,-0.5518558991588557,-0.696299150905535,-0.6543459016343852,-0.1322006288545615,-0.4575684405084056,-0.8371787100618959,-1.3278610462577245,-0.43104931385237927,-0.44751634352722236,-0.8597750890047069,-0.6456245288212396,-0.3303174598660074,-0.5043466479784757,-0.5043466479784757
-0.28908707909685666,-0.5232825142917406,-0.5363015692994628,1.58787518486051,-0.6727883236745497,-0.7932313137002871,-0.6543459016343852,-0.16224066063139642,0.030035716078141178,1.1944880919464211,0.43852201219005094,-0.43104931385237927,-1.3355437102870424,-0.5144227466365535,-0.6456245288212396,-0.3303174598660074,-0.5043466479784757,1.9827632522357468
-0.7914229990360452,-0.2816035990969911,-0.4330696535443117,-1.27548686732531,-0.2236107469019722,-0.6685619434255702,-0.05711771489237049,-0.13276548415292933,-0.7795898973315817,-0.8371787100618959,0.43852201219005094,-0.43104931385237927,-0.44751634352722236,-0.16907040426840003,-0.6456245288212396,-0.3303174598660074,-0.5043466479784757,1.9827632522357468
-0.11685762083199201,-0.2816035990969911,-0.2929900437996558,0.37701564588393993,-0.327267110772567,-0.19480846548930456,-0.24571608965300673,-0.15711845008483355,-0.2503038386623834,-0.8371787100618959,-0.4446695170338368,0.4629942581898511,0.44051102323259766,0.1762819380997534,-0.6456245288212396,-0.3303174598660074,1.9827632522357468,-0.5043466479784757
-0.3464968985184782,-0.0399246839022417,-0.06788346810258428,-0.05400223636765408,-0.18905862561177392,-0.03638064340623198,-0.3609706520067289,-0.12418995371407214,-0.7286730680408517,-0.8371787100618959,0.43852201219005094,0.4629942581898511,0.44051102323259766,0.5216342804679068,-0.6456245288212396,-0.3303174598660074,1.9827632522357468,-0.5043466479784757
-0.5761361762049644,-0.0399246839022417,-0.4629053408162098,-1.3453375394058174,-0.08540226174117911,-0.9270312593910065,-0.23523840216630476,-0.14206743603979832,-0.6997674748334843,-0.8371787100618959,0.43852201219005094,0.4629942581898511,-0.44751634352722236,0.1762819380997534,-0.6456245288212396,-0.3303174598660074,1.9827632522357468,-0.5043466479784757
2.2369449754544917,-0.0399246839022417,-0.03315907687564313,-0.7488627156277105,0.20829076922550616,0.04191198435008588,0.12100297238156366,-0.16172145020562398,2.2083830837503386,-0.8371787100618959,-1.3278610462577245,0.4629942581898511,0.44051102323259766,-0.16907040426840003,-0.6456245288212396,-0.3303174598660074,-0.5043466479784757,1.9827632522357468
0.06972429228827803,-0.5232825142917406,-0.5965420765425028,2.453920418035805,-0.7764446875451444,-1.2007017495625445,-1.0315426511556578,6.84009074654883,-0.8571341890348981,1.1944880919464211,-0.4446695170338368,-0.43104931385237927,-1.3355437102870424,-0.8597750890047069,-0.6456245288212396,-0.3303174598660074,-0.5043466479784757,-0.5043466479784757
-1.0928245509995584,-0.2816035990969911,-0.20166613529022187,1.0715789881598534,-0.3790952927078644,0.11405175588012463,-0.34001527703332485,-0.15102571543471136,-0.8110530388730119,-0.8371787100618959,1.3217135414139385,0.4629942581898511,0.44051102323259766,0.8669866228360602,1.5488878680395983,-0.3303174598660074,-0.5043466479784757,-0.5043466479784757
-0.9062426378792884,0.4434331464872571,0.9821444722830911,-1.2638880472381406,4.544581991145389,0.9017983192034639,2.7907177439932367,-0.15963041134245443,-0.6392662466526873,-0.8371787100618959,1.3217135414139385,1.3570378302320816,1.3285383899924177,1.557691307572367,1.5488878680395983,-0.3303174598660074,-0.5043466479784757,-0.5043466479784757
-0.2747346242414513,-0.5232825142917406,-0.3646277981737069,-0.9867266768073514,0.5883641034176871,0.3679804613684136,3.9348812175410965,-0.16224066063139642,0.043703408346097414,1.1944880919464211,-0.4446695170338368,-0.43104931385237927,-0.44751634352722236,-0.5144227466365535,-0.6456245288212396,-0.3303174598660074,-0.5043466479784757,1.9827632522357468
-0.2747346242414513,-0.5232825142917406,-0.39347115150846174,0.9725272560254316,-0.46547559593336,0.17288227423620617,0.1000475974081597,-0.16224066063139642,0.043703408346097414,1.1944880919464211,-0.4446695170338368,-0.43104931385237927,-0.44751634352722236,-0.5144227466365535,-0.6456245288212396,-0.3303174598660074,-0.5043466479784757,1.9827632522357468
0.5290028476612504,-0.2816035990969911,-0.178375474059628,-0.26634986565582724,-0.20633468625687304,0.19282147676628766,-0.02568465243226445,-0.1482219791355401,-0.3025447957754606,-0.8371787100618959,-0.4446695170338368,-0.43104931385237927,0.44051102323259766,-0.16907040426840003,-0.6456245288212396,-0.3303174598660074,-0.5043466479784757,1.9827632522357468
-0.00203798198874891,-0.2816035990969911,-0.3237742855702936,-0.910596579101552,0.24284289051570443,-0.2989217024625885,0.7915749715304926,-0.14426509322945166,-0.5324423887954425,-0.8371787100618959,-0.4446695170338368,-0.43104931385237927,-0.44751634352722236,-0.5144227466365535,-0.6456245288212396,-0.3303174598660074,-0.5043466479784757,1.9827632522357468
-0.9349475475900991,0.20175423129250772,0.9939503275058673,-0.3267289463328081,0.9338853163196698,1.4577516531146075,0.4772443469294322,-0.1488645020374335,-0.7643744204705473,-0.8371787100618959,1.3217135414139385,0.4629942581898511,1.3285383899924177,1.2123389652042138,1.5488878680395983,-0.3303174598660074,-0.5043466479784757,-0.5043466479784757
0.6868798510707097,-0.5232825142917406,-0.5318652528745879,-0.9269869345523665,-0.5691319598039548,-0.7632238009817486,-0.27714915211311275,-0.16224066063139642,0.9594387902991655,1.1944880919464211,-1.3278610462577245,-1.3250928858946096,-1.3355437102870424,-1.5504797737410139,-0.6456245288212396,3.027390681696474,-0.5043466479784757,-0.5043466479784757
0.4572405733842235,-0.5232825142917406,-0.475550301941717,0.974426478028009,-0.5864080204490539,-0.3823060655184611,-0.34001527703332485,-0.16224066063139642,0.7407557140118656,1.1944880919464211,-0.4446695170338368,-1.3250928858946096,-1.3355437102870424,-1.2051274313728604,-0.6456245288212396,-0.3303174598660074,-0.5043466479784757,-0.5043466479784757
-0.10250516597658663,-0.2816035990969911,0.44532099858094376,-0.3193704971884549,0.5883641034176871,2.302181815709725,1.4202362207326134,-0.15881564185684063,-0.1422189399096127,-0.8371787100618959,-0.4446695170338368,0.4629942581898511,1.3285383899924177,0.5216342804679068,-0.6456245288212396,-0.3303174598660074,1.9827632522357468,-0.5043466479784757
0.19889638598692652,0.4434331464872571,-0.08393592885048742,-1.341155155642729,1.6422038027687342,-0.5404081481542601,0.6784159466741108,-0.1558967636253602,-0.1480983595603715,-0.8371787100618959,-0.4446695170338368,1.3570378302320816,0.44051102323259766,0.5216342804679068,-0.6456245288212396,-0.3303174598660074,1.9827632522357468,-0.5043466479784757
2.222592520599086,-0.5232825142917406,-0.34935607074399727,-0.5215635616593163,-0.2236107469019722,0.47127934972351354,0.9801733462911288,-0.16224066063139642,2.421881862970483,1.1944880919464211,-1.3278610462577245,-1.3250928858946096,-0.44751634352722236,-1.2051274313728604,-0.6456245288212396,-0.3303174598660074,-0.5043466479784757,-0.5043466479784757
-0.28908707909685666,-0.5232825142917406,-0.4858384699665094,-1.0442230728291126,-0.033574079805881715,-0.45189585652691344,1.6717007204134617,-0.16224066063139642,0.030035716078141178,1.1944880919464211,0.43852201219005094,-0.43104931385237927,-1.3355437102870424,-0.5144227466365535,-0.6456245288212396,-0.3303174598660074,-0.5043466479784757,1.9827632522357468
0.8734617641909798,-0.2816035990969911,-0.3399216017680706,-0.4798078093455074,-0.46547559593336,-0.3535324143426257,-0.49718058933385506,-0.12793178223364282,-0.519844831773741,-0.8371787100618959,-1.3278610462577245,-0.43104931385237927,-0.44751634352722236,-0.8597750890047069,-0.6456245288212396,-0.3303174598660074,-0.5043466479784757,-0.5043466479784757
-0.9923573670117206,-0.2816035990969911,-0.36767046914274126,1.7096627957757857,-0.5173037778686574,-0.4473799232806203,-0.5914797767141732,-0.08513791240418674,-0.8401406916484059,-0.8371787100618959,1.3217135414139385,0.4629942581898511,-0.44751634352722236,0.5216342804679068,-0.6456245288212396,-0.3303174598660074,1.9827632522357468,-0.5043466479784757
-0.28908707909685666,-0.2816035990969911,-0.5288809544900913,-1.4774691272994165,-0.5518558991588557,-0.9925986617702469,-0.6543459016343852,-0.09214725315211489,-0.777600645210182,-0.8371787100618959,0.43852201219005094,-0.43104931385237927,-1.3355437102870424,-0.5144227466365535,-0.6456245288212396,-0.3303174598660074,-0.5043466479784757,1.9827632522357468
2.337412159442329,-0.5232825142917406,-0.5394463922914384,-0.6700284587750812,-0.6727883236745497,-0.8145030866964877,-0.6543459016343852,-0.16224066063139642,2.531223401114133,1.1944880919464211,-1.3278610462577245,-1.3250928858946096,-1.3355437102870424,-1.5504797737410139,-0.6456245288212396,3.027390681696474,-0.5043466479784757,-0.5043466479784757
1.6628467812382761,-0.2816035990969911,-0.4911065957210486,1.0465969141259504,-0.724616505609847,-0.8648446376387725,-0.9686765262354456,-0.09214725315211489,-0.6086182680790866,-0.8371787100618959,-1.3278610462577245,-0.43104931385237927,-1.3355437102870424,-1.2051274313728604,-0.6456245288212396,-0.3303174598660074,-0.5043466479784757,-0.5043466479784757
1.7059041458044921,-0.2816035990969911,-0.4502968625560386,-0.3787691988083896,-0.5864080204490539,-0.7268248854720084,-0.7172120265545973,-0.13738936161601478,-0.24495825235313828,-0.8371787100618959,-1.3278610462577245,-0.43104931385237927,-0.44751634352722236,-0.8597750890047069,-0.6456245288212396,-0.3303174598660074,-0.5043466479784757,-0.5043466479784757
0.2276012956977373,-0.5232825142917406,-0.3801986850991729,1.2460152243965779,-0.46547559593336,0.26265804008328053,0.1000475974081597,-0.16224066063139642,0.5220726377245657,1.1944880919464211,-0.4446695170338368,-1.3250928858946096,-0.44751634352722236,-0.8597750890047069,-0.6456245288212396,-0.3303174598660074,-0.5043466479784757,-0.5043466479784757
2.294354794876113,-0.5232825142917406,-0.5783736096051034,-1.2700740846179643,-0.7073404449647479,-1.07780913990932,-0.7800781514748094,-0.16224066063139642,2.490220324310264,1.1944880919464211,-1.3278610462577245,-1.3250928858946096,-1.3355437102870424,-1.5504797737410139,-0.6456245288212396,3.027390681696474,-0.5043466479784757,-0.5043466479784757
0.8160519447693582,-0.2816035990969911,-0.2942231646480175,-0.6686537838017871,-0.050850140450980845,-0.19897891750364088,0.25721290970868993,-0.14471730876157604,-0.30384648075336124,-0.8371787100618959,-1.3278610462577245,-0.43104931385237927,0.44051102323259766,-0.5144227466365535,-0.6456245288212396,-0.3303174598660074,-0.5043466479784757,1.9827632522357468
-0.7340131796144237,-0.2816035990969911,-0.4164626532432993,1.0105116960769798,-0.6555122630294505,-0.6123965660017271,-0.8429442763950215,-0.12281311892430055,-0.788220653095918,-0.8371787100618959,0.43852201219005094,0.4629942581898511,-0.44751634352722236,0.1762819380997534,-0.6456245288212396,-0.3303174598660074,1.9827632522357468,-0.5043466479784757
2.17953515603287,-0.5232825142917406,-0.35978287365706707,-0.02049453389360985,-0.4309234746431618,0.4007518239426067,0.22577984724858385,-0.16224066063139642,2.380878786166614,1.1944880919464211,-1.3278610462577245,-1.3250928858946096,-0.44751634352722236,-1.2051274313728604,-0.6456245288212396,-0.3303174598660074,-0.5043466479784757,-0.5043466479784757
0.012314472866656477,-0.5232825142917406,-0.5689610303483784,0.43314820729344944,-0.7418925662549462,-1.0141418843058423,-0.9058104013152335,-0.16224066063139642,0.31705725370522214,1.1944880919464211,-0.4446695170338368,-0.43104931385237927,-1.3355437102870424,-0.8597750890047069,-0.6456245288212396,-0.3303174598660074,-0.5043466479784757,-0.5043466479784757
-0.9923573670117206,3.101901213629501,1.8034175504380807,0.36683932945727005,0.9857134982549671,-0.22497638020839433,-0.6897080969020045,-0.15408693772054124,-0.7572749347533757,-0.8371787100618959,1.3217135414139385,1.3570378302320816,1.3285383899924177,1.557691307572367,1.5488878680395983,-0.3303174598660074,-0.5043466479784757,-0.5043466479784757
-1.0210622767225315,0.6851120616820066,0.12629293436250486,-0.16990306383002565,-0.06812620109607997,-0.42036658123904125,-0.6543459016343852,-0.1383122215264003,-0.8150120699265906,-0.8371787100618959,1.3217135414139385,1.3570378302320816,1.3285383899924177,1.557691307572367,1.5488878680395983,-0.3303174598660074,-0.5043466479784757,-0.5043466479784757
-0.820127908746856,-0.0399246839022417,-0.1862192901068988,0.2707647260730816,-0.2236107469019722,-0.30319086340034107,-0.40288140195353694,-0.15583212051900497,-0.6584487824942813,-0.8371787100618959,0.43852201219005094,0.4629942581898511,0.44051102323259766,0.5216342804679068,-0.6456245288212396,-0.3303174598660074,1.9827632522357468,-0.5043466479784757
-1.2076441898428014,-0.2816035990969911,-0.29772551972028727,2.4394863308162176,-0.5691319598039548,-0.21082398831359025,-0.6857789640944912,-0.11868261455498574,-0.8564697497375153,-0.8371787100618959,1.3217135414139385,0.4629942581898511,0.44051102323259766,0.8669866228360602,1.5488878680395983,-0.3303174598660074,-0.5043466479784757,-0.5043466479784757
1.6628467812382761,-0.5232825142917406,-0.4154411330138873,0.6929617772460382,-0.5345798385137566,0.02427599003305024,-0.1514169022726886,-0.16224066063139642,1.8888418645201897,1.1944880919464211,-1.3278610462577245,-1.3250928858946096,-0.44751634352722236,-1.2051274313728604,-0.6456245288212396,-0.3303174598660074,-0.5043466479784757,-0.5043466479784757
-0.43261162765091055,0.20175423129250772,-0.17803983169853546,-0.9654650715701019,0.018254102129415688,-0.5241014340058963,-0.35573180826337786,-0.13998292948446667,-0.6783297634396747,-0.8371787100618959,0.43852201219005094,1.3570378302320816,0.44051102323259766,0.8669866228360602,1.5488878680395983,-0.3303174598660074,-0.5043466479784757,-0.5043466479784757
-0.6191935407711806,0.20175423129250772,0.8599560596992798,0.5159917360537626,1.5385474388981395,1.2311653194126178,1.0273229399812878,-0.15642439915971137,-0.544643065793135,-0.8371787100618959,0.43852201219005094,1.3570378302320816,1.3285383899924177,1.2123389652042138,1.5488878680395983,-0.3303174598660074,-0.5043466479784757,-0.5043466479784757
-1.0210622767225315,0.20175423129250772,0.04902952215362054,-0.903573783042332,0.709296527933381,-0.14012372191670516,0.27292944093874294,-0.1528778186104413,-0.7764435508079516,-0.8371787100618959,1.3217135414139385,1.3570378302320816,0.44051102323259766,1.2123389652042138,1.5488878680395983,-0.3303174598660074,-0.5043466479784757,-0.5043466479784757
-0.07380025626577585,-0.5232825142917406,-0.5842838337895585,-0.14421528149008053,-0.7591686269000453,-1.117786253892899,-0.9686765262354456,-0.16224066063139642,0.23505110009748473,1.1944880919464211,-0.4446695170338368,-0.43104931385237927,-1.3355437102870424,-0.8597750890047069,-0.6456245288212396,-0.3303174598660074,-0.5043466479784757,-0.5043466479784757
-0.23167725967523511,-0.5232825142917406,-0.5624670803185449,-1.5154535673509646,-0.5864080204490539,-0.9702164133856135,-0.34001527703332485,-0.16224066063139642,0.08470648514996613,1.1944880919464211,-0.4446695170338368,-0.43104931385237927,-1.3355437102870424,-0.8597750890047069,-0.6456245288212396,-0.3303174598660074,-0.5043466479784757,-0.5043466479784757
-0.6909558150482076,-0.2816035990969911,-0.3359814523117671,0.018168199730287313,-0.7073404449647479,-0.3402067096814328,-0.9372434637753396,-0.12118595053638866,-0.7846156918098337,-0.8371787100618959,0.43852201219005094,0.4629942581898511,-0.44751634352722236,0.1762819380997534,-0.6456245288212396,-0.3303174598660074,1.9827632522357468,-0.5043466479784757
1.777666420081519,-0.2816035990969911,-0.11223203920520017,1.0465969141259504,-0.4309234746431618,0.4165205744583518,-0.43431446441364296,-0.1602379918462741,1.3633950284409833,-0.8371787100618959,-1.3278610462577245,-0.43104931385237927,0.44051102323259766,-0.5144227466365535,-0.6456245288212396,-0.3303174598660074,-0.5043466479784757,1.9827632522357468
-0.4182591727955052,-0.5232825142917406,-0.34638636550563523,-1.3363010730372515,0.6229162247078853,0.49136661563871925,4.060613467381521,-0.16224066063139642,-0.09297351433346496,1.1944880919464211,0.43852201219005094,-0.43104931385237927,-0.44751634352722236,-0.16907040426840003,-0.6456245288212396,-0.3303174598660074,-0.5043466479784757,1.9827632522357468
-0.8775377281684775,-0.5232825142917406,-0.5596214168223257,2.453920418035805,-0.7764446875451444,-0.9509681733194458,-1.0315426511556578,6.84009074654883,-0.8580362567245833,1.1944880919464211,1.3217135414139385,-0.43104931385237927,-1.3355437102870424,-0.16907040426840003,-0.6456245288212396,-0.3303174598660074,-0.5043466479784757,1.9827632522357468
2.17953515603287,-0.5232825142917406,-0.5102819897417255,-1.4734940114800685,-0.06812620109607997,-0.6172333032491231,1.5459684705730374,-0.16224066063139642,2.380878786166614,1.1944880919464211,-1.3278610462577245,-1.3250928858946096,-1.3355437102870424,-1.5504797737410139,-0.6456245288212396,3.027390681696474,-0.5043466479784757,-0.5043466479784757
-0.21732480481982971,-0.2816035990969911,-0.39865901495926137,0.21239157922915855,-0.6036840810941531,-0.5521841227178178,-0.7486450890147034,-0.11361335919264486,-0.7378303022830223,-0.8371787100618959,-0.4446695170338368,0.4629942581898511,-0.44751634352722236,-0.16907040426840003,-0.6456245288212396,-0.3303174598660074,-0.5043466479784757,1.9827632522357468
0.6007651219382774,-0.5232825142917406,-0.48534230299793796,2.8869430346234526,-0.724616505609847,-0.4485397531307611,-0.8429442763950215,-0.16224066063139642,0.877432636691428,1.1944880919464211,-0.4446695170338368,-1.3250928858946096,-1.3355437102870424,-1.2051274313728604,-0.6456245288212396,-0.3303174598660074,-0.5043466479784757,-0.5043466479784757
-1.0354147315779367,-0.5232825142917406,-0.2690718772852802,-0.1740789102202632,-0.29271498948236874,1.0143264918979833,0.7287088466102805,-0.16224066063139642,-0.6806842818555832,1.1944880919464211,1.3217135414139385,-0.43104931385237927,0.44051102323259766,0.5216342804679068,-0.6456245288212396,-0.3303174598660074,1.9827632522357468,-0.5043466479784757
-0.8057754538914507,-0.0399246839022417,0.37473395072857363,-0.05915726751750701,0.5538119821274888,0.961583023819236,0.5401104718496442,-0.15428411167428877,-0.6727258787628492,-0.8371787100618959,0.43852201219005094,0.4629942581898511,1.3285383899924177,0.8669866228360602,1.5488878680395983,-0.3303174598660074,-0.5043466479784757,-0.5043466479784757
-0.820127908746856,0.20175423129250772,-0.1523558945018906,0.18428463454192767,-0.3445431714176661,-0.4806695077027488,-0.6857789640944912,-0.1316999616582809,-0.7869278097518296,-0.8371787100618959,0.43852201219005094,1.3570378302320816,0.44051102323259766,0.8669866228360602,1.5488878680395983,-0.3303174598660074,-0.5043466479784757,-0.5043466479784757
-0.5761361762049644,0.20175423129250772,0.8586572696933131,0.7982457075536231,-0.3790952927078644,1.2289690458666065,-0.7172120265545973,-0.12082182893909368,-0.7693444435411414,-0.8371787100618959,0.43852201219005094,1.3570378302320816,1.3285383899924177,1.2123389652042138,1.5488878680395983,-0.3303174598660074,-0.5043466479784757,-0.5043466479784757
-0.9349475475900991,-0.5232825142917406,-0.5663342640441761,0.14446646290168466,-0.7418925662549462,-0.9963742780909182,-0.9058104013152335,-0.16224066063139642,-0.5850104359798896,1.1944880919464211,1.3217135414139385,-0.43104931385237927,-1.3355437102870424,-0.16907040426840003,-0.6456245288212396,-0.3303174598660074,-0.5043466479784757,1.9827632522357468
2.294354794876113,-0.5232825142917406,-0.4830584756278953,-0.5575550518691987,-0.6036840810941531,-0.43309180661611885,-0.40288140195353694,-0.16224066063139642,2.490220324310264,1.1944880919464211,-1.3278610462577245,-1.3250928858946096,-1.3355437102870424,-1.5504797737410139,-0.6456245288212396,3.027390681696474,-0.5043466479784757,-0.5043466479784757
-1.1789392801319907,0.4434331464872571,-0.20586166480387835,-0.5981906053319691,-0.327267110772567,-0.7053507591828044,-0.7549317015067245,-0.11854910330264426,-0.8526956532094472,-0.8371787100618959,1.3217135414139385,1.3570378302320816,0.44051102323259766,1.2123389652042138,1.5488878680395983,-0.3303174598660074,-0.5043466479784757,-0.5043466479784757
-1.1215294607103692,-0.5232825142917406,-0.5766224320689685,-0.5772378980777282,-0.7764446875451444,-1.0659640690993708,-1.0315426511556578,6.84009074654883,-0.8582686074931386,1.1944880919464211,1.3217135414139385,-0.43104931385237927,-1.3355437102870424,-0.16907040426840003,-0.6456245288212396,-0.3303174598660074,-0.5043466479784757,1.9827632522357468
1.5910845069612491,-0.0399246839022417,0.03242252185260819,1.1830931737024915,-0.41364741399806265,0.18977795162762037,-0.6333905266609813,-0.14439870236394292,-0.10278621647456171,-0.8371787100618959,-1.3278610462577245,0.4629942581898511,0.44051102323259766,-0.16907040426840003,-0.6456245288212396,-0.3303174598660074,-0.5043466479784757,1.9827632522357468
2.3804695240085456,-0.5232825142917406,-0.5236857944662245,-1.1946960735823366,-0.327267110772567,-0.7078974494069437,0.6029765967698564,-0.16224066063139642,2.5722264779180013,1.1944880919464211,-1.3278610462577245,-1.3250928858946096,-1.3355437102870424,-1.5504797737410139,-0.6456245288212396,3.027390681696474,-0.5043466479784757,-0.5043466479784757
0.3567733893963858,0.4434331464872571,0.35539073552735045,0.058327555300915934,0.17373864793530788,0.05391827973494833,-0.39030817696949455,-0.15180283799589472,-0.2543597147376294,-0.8371787100618959,-0.4446695170338368,1.3570378302320816,1.3285383899924177,0.8669866228360602,1.5488878680395983,-0.3303174598660074,-0.5043466479784757,-0.5043466479784757
0.5290028476612504,-0.5232825142917406,-0.4889322169470144,-1.2600812550044032,0.03553016277451482,-0.4728221482911573,1.92316522009431,-0.16224066063139642,0.8090941753516467,1.1944880919464211,-0.4446695170338368,-1.3250928858946096,-1.3355437102870424,-1.2051274313728604,-0.6456245288212396,-0.3303174598660074,-0.5043466479784757,-0.5043466479784757
-0.33214444366307283,-0.2816035990969911,-0.5098587885038262,3.3199656512111004,-0.6900643843196488,-0.9282651209337096,-0.9058104013152335,-0.05429681311330285,-0.8066937373991797,-0.8371787100618959,0.43852201219005094,0.4629942581898511,-1.3355437102870424,-0.16907040426840003,-0.6456245288212396,-0.3303174598660074,-0.5043466479784757,1.9827632522357468
0.27065866026395347,-0.5232825142917406,-0.46348906666158807,-0.5880634634924193,-0.4481995352882609,-0.30072314031493497,0.16291372232837179,-0.16224066063139642,0.5630757145284344,1.1944880919464211,-0.4446695170338368,-1.3250928858946096,-0.44751634352722236,-0.8597750890047069,-0.6456245288212396,-0.3303174598660074,-0.5043466479784757,-0.5043466479784757
2.2800023400207077,-0.5232825142917406,-0.5164184076912648,-1.4553115372693468,-0.4827516565784592,-0.6587404055456539,0.03718147248794763,-0.16224066063139642,2.4765526320423077,1.1944880919464211,-1.3278610462577245,-1.3250928858946096,-1.3355437102870424,-1.5504797737410139,-0.6456245288212396,3.027390681696474,-0.5043466479784757,-0.5043466479784757
-0.5904886310603699,0.4434331464872571,0.3991118013461847,-0.13950851391847555,0.5883641034176871,0.11306466664596224,-0.08855077735247653,-0.1496084421406248,-0.6437547133354975,-0.8371787100618959,0.43852201219005094,1.3570378302320816,1.3285383899924177,1.2123389652042138,1.5488878680395983,-0.3303174598660074,-0.5043466479784757,-0.5043466479784757
1.8781336040693568,-0.5232825142917406,-0.5003586503702945,0.1264238538771992,-0.6555122630294505,-0.5501112353260766,-0.5914797767141732,-0.16224066063139642,2.0938572485395333,1.1944880919464211,-1.3278610462577245,-1.3250928858946096,-1.3355437102870424,-1.5504797737410139,-0.6456245288212396,3.027390681696474,-0.5043466479784757,-0.5043466479784757
-1.15023437042118,0.4434331464872571,-0.022265293286270686,1.460954762757234,-0.30999105012746786,-0.45697936608285006,-0.7423584765226822,-0.11142294020891731,-0.8500808314796469,-0.8371787100618959,1.3217135414139385,1.3570378302320816,0.44051102323259766,1.2123389652042138,1.5488878680395983,-0.3303174598660074,-0.5043466479784757,-0.5043466479784757
1.4906173229734114,-0.5232825142917406,-0.5387897007153879,-1.522014516087141,-0.41364741399806265,-0.8100611851427567,0.28864597216879595,-0.16224066063139642,1.7248295573047148,1.1944880919464211,-1.3278610462577245,-1.3250928858946096,-1.3355437102870424,-1.5504797737410139,-0.6456245288212396,3.027390681696474,-0.5043466479784757,-0.5043466479784757
0.12713411170989958,0.20175423129250772,0.39084478406101447,1.5369313476149045,-0.3790952927078644,0.4378910563779689,-0.7172120265545973,-0.13653974455565984,-0.5830579085130386,-0.8371787100618959,-0.4446695170338368,1.3570378302320816,1.3285383899924177,0.8669866228360602,1.5488878680395983,-0.3303174598660074,-0.5043466479784757,-0.5043466479784757
1.5910845069612491,-0.5232825142917406,-0.46517457504011783,-0.43289702588184553,-0.5864080204490539,-0.31212402096951125,-0.34001527703332485,-0.16224066063139642,1.8205034031804084,1.1944880919464211,-1.3278610462577245,-1.3250928858946096,-1.3355437102870424,-1.5504797737410139,-0.6456245288212396,3.027390681696474,-0.5043466479784757,-0.5043466479784757
0.8878142190463851,-0.5232825142917406,0.10827769545951732,0.6228533536080384,-0.25816286819217044,3.5667418335952337,0.8544410964507047,-0.16224066063139642,1.1507864820505527,1.1944880919464211,-1.3278610462577245,-1.3250928858946096,1.3285383899924177,-0.5144227466365535,-0.6456245288212396,-0.3303174598660074,-0.5043466479784757,1.9827632522357468
-0.00203798198874891,-0.5232825142917406,-0.13717172594898772,-0.15006693847099473,-0.15450650432157564,1.906507096195709,1.2316378459719772,-0.16224066063139642,0.3033895614372659,1.1944880919464211,-0.4446695170338368,-0.43104931385237927,0.44051102323259766,-0.16907040426840003,-0.6456245288212396,-0.3303174598660074,-0.5043466479784757,1.9827632522357468
-0.1455625305428028,-0.5232825142917406,-0.4790818433062557,-0.7347006677459637,-0.6036840810941531,-0.4061936249851923,-0.40288140195353694,-0.16224066063139642,0.16671263875770356,1.1944880919464211,-0.4446695170338368,-0.43104931385237927,-1.3355437102870424,-0.8597750890047069,-0.6456245288212396,-0.3303174598660074,-0.5043466479784757,-0.5043466479784757
-0.9780049121563152,-0.5232825142917406,-0.5055611069672286,-0.9211087994855659,-0.5000277172235583,-0.5853009665239679,-0.02568465243226445,-0.16224066063139642,-0.6260135127837583,1.1944880919464211,1.3217135414139385,-0.43104931385237927,-1.3355437102870424,-0.16907040426840003,-0.6456245288212396,-0.3303174598660074,-0.5043466479784757,1.9827632522357468
-0.2747346242414513,0.9267909768767559,0.9043046308018958,-1.2527531799544585,2.0741053188962124,0.2140227433886198,0.3964164720320167,-0.15830331490262198,-0.28075572114538544,-0.8371787100618959,-0.4446695170338368,1.3570378302320816,1.3285383899924177,0.8669866228360602,1.5488878680395983,-0.3303174598660074,-0.5043466479784757,-0.5043466479784757
0.7299372156369258,-0.5232825142917406,-0.5343387911443784,-1.2944316068010195,-0.5173037778686574,-0.7799549635008021,-0.08855077735247653,-0.16224066063139642,1.0004418671030342,1.1944880919464211,-1.3278610462577245,-1.3250928858946096,-1.3355437102870424,-1.5504797737410139,-0.6456245288212396,3.027390681696474,-0.5043466479784757,-0.5043466479784757
2.2800023400207077,-0.5232825142917406,-0.5158492749920209,-1.2832530338184578,-0.39637135335296353,-0.6548907575324203,0.35151209708900805,-0.16224066063139642,2.4765526320423077,1.1944880919464211,-1.3278610462577245,-1.3250928858946096,-1.3355437102870424,-1.5504797737410139,-0.6456245288212396,3.027390681696474,-0.5043466479784757,-0.5043466479784757
0.5720602122274666,-0.5232825142917406,-0.39675460938871465,-0.14421528149008053,-0.3790952927078644,0.15067276646755115,0.4143782220092201,-0.16224066063139642,0.8500972521555155,1.1944880919464211,-0.4446695170338368,-1.3250928858946096,-0.44751634352722236,-0.8597750890047069,-0.6456245288212396,-0.3303174598660074,-0.5043466479784757,-0.5043466479784757
1.074396132166655,-0.5232825142917406,-0.32861191351386615,-0.05400223636765408,-0.3790952927078644,0.6115940843597052,0.4143782220092201,-0.16224066063139642,1.328466481533984,1.1944880919464211,-1.3278610462577245,-1.3250928858946096,-0.44751634352722236,-1.2051274313728604,-0.6456245288212396,-0.3303174598660074,-0.5043466479784757,-0.5043466479784757
-0.9780049121563152,-0.5232825142917406,-0.57274795177027,0.33210959675633167,-0.7073404449647479,-1.0397568499323577,-0.7800781514748094,-0.16224066063139642,-0.6260135127837583,1.1944880919464211,1.3217135414139385,-0.43104931385237927,-1.3355437102870424,-0.16907040426840003,-0.6456245288212396,-0.3303174598660074,-0.5043466479784757,1.9827632522357468
2.1651827011774647,-0.5232825142917406,-0.3881519497424521,0.46201638173262627,-0.6209601417392523,0.2088616768214274,-0.465747526873749,-0.16224066063139642,2.367211093898658,1.1944880919464211,-1.3278610462577245,-1.3250928858946096,-0.44751634352722236,-1.2051274313728604,-0.6456245288212396,-0.3303174598660074,-0.5043466479784757,-0.5043466479784757
-1.1789392801319907,1.1684698920715055,0.8693759355290721,0.08104395845197843,0.0009780414843165532,0.0024674872657736322,-0.7329285577846504,-0.14500340430230782,-0.8465108845048576,-0.8371787100618959,1.3217135414139385,1.3570378302320816,1.3285383899924177,1.557691307572367,1.5488878680395983,-0.3303174598660074,-0.5043466479784757,-0.5043466479784757
-1.15023437042118,2.618543383240002,0.5139963442897,2.034866272950985,-0.5518558991588557,-0.7026447245537221,-1.0315426511556578,-0.12228741836820595,-0.8481645109897932,-0.8371787100618959,1.3217135414139385,1.3570378302320816,1.3285383899924177,1.557691307572367,1.5488878680395983,-0.3303174598660074,-0.5043466479784757,-0.5043466479784757
-0.7340131796144237,0.20175423129250772,-0.2497724415224605,0.5053186433913909,-0.46547559593336,-0.6454023622690338,-0.7957946827048624,-0.1423808618456,-0.7371377933971416,-0.8371787100618959,0.43852201219005094,1.3570378302320816,0.44051102323259766,0.8669866228360602,1.5488878680395983,-0.3303174598660074,-0.5043466479784757,-0.5043466479784757
0.31371602483016964,-0.5232825142917406,-0.47591513059507845,-1.5230504553612743,0.191014708580407,-0.3847737886038672,2.4889603443762187,-0.16224066063139642,0.6040787913323031,1.1944880919464211,-0.4446695170338368,-1.3250928858946096,-1.3355437102870424,-1.2051274313728604,-0.6456245288212396,-0.3303174598660074,-0.5043466479784757,-0.5043466479784757
-0.9493000024455045,1.410148807266255,0.45912611482414045,-0.9952133967144535,2.315970167927601,-0.4441526898678169,0.16291372232837179,-0.15601919151792532,-0.7207892762106334,-0.8371787100618959,1.3217135414139385,1.3570378302320816,1.3285383899924177,1.557691307572367,1.5488878680395983,-0.3303174598660074,-0.5043466479784757,-0.5043466479784757
-0.43261162765091055,-0.2816035990969911,-0.29802467921604364,-0.5992559972262526,0.15646258729020876,-0.21183575477860683,0.6344096592299624,-0.16224066063139642,-0.10664120660142119,-0.8371787100618959,0.43852201219005094,0.4629942581898511,0.44051102323259766,0.5216342804679068,-0.6456245288212396,-0.3303174598660074,1.9827632522357468,-0.5043466479784757
-1.1358819155657744,0.9267909768767559,1.5051628297420416,-0.3162214875235072,1.2966825898667516,0.79462863092297,-0.007722902455061061,-0.15515300322706685,-0.8175889994062782,-0.8371787100618959,1.3217135414139385,1.3570378302320816,1.3285383899924177,1.557691307572367,1.5488878680395983,-0.3303174598660074,-0.5043466479784757,-0.5043466479784757
0.11278165685449419,-0.5232825142917406,-0.5685232359643447,-1.0102605146653758,-0.7591686269000453,-1.0111806166033548,-0.9686765262354456,-0.16224066063139642,0.4127310995809158,1.1944880919464211,-0.4446695170338368,-1.3250928858946096,-1.3355437102870424,-1.2051274313728604,-0.6456245288212396,-0.3303174598660074,-0.5043466479784757,-0.5043466479784757
-0.5761361762049644,-0.5232825142917406,-0.39929381681611026,-0.30978275253829873,-0.5000277172235583,0.1334974137931248,-0.02568465243226445,-0.16224066063139642,-0.24331812928098356,1.1944880919464211,0.43852201219005094,-0.43104931385237927,-0.44751634352722236,-0.16907040426840003,-0.6456245288212396,-0.3303174598660074,-0.5043466479784757,1.9827632522357468
2.294354794876113,-0.5232825142917406,-0.43844722789485935,0.5233612524158763,-0.5864080204490539,-0.1313386277326594,-0.34001527703332485,-0.16224066063139642,2.490220324310264,1.1944880919464211,-1.3278610462577245,-1.3250928858946096,-0.44751634352722236,-1.2051274313728604,-0.6456245288212396,-0.3303174598660074,-0.5043466479784757,-0.5043466479784757
-1.15023437042118,0.6851120616820066,1.2880022221151821,0.11050390473794694,1.2621304685765533,0.8892787374168367,0.1524360348416697,-0.15270132115196758,-0.8294189180146458,-0.8371787100618959,1.3217135414139385,1.3570378302320816,1.3285383899924177,1.557691307572367,1.5488878680395983,-0.3303174598660074,-0.5043466479784757,-0.5043466479784757
-0.7770705441806398,-0.2816035990969911,-0.38567111489959427,-1.4687550498758262,0.0009780414843165532,-0.508258651797589,0.35151209708900805,-0.14752104506074729,-0.7216873586594519,-0.8371787100618959,0.43852201219005094,0.4629942581898511,-0.44751634352722236,0.1762819380997534,-0.6456245288212396,-0.3303174598660074,1.9827632522357468,-0.5043466479784757
-1.1071770058549637,1.1684698920715055,0.0866214665959826,0.5441796474441287,-0.30999105012746786,-0.6593573363170055,-0.8743773388551275,-0.13955253136836582,-0.832556961777159,-0.8371787100618959,1.3217135414139385,1.3570378302320816,1.3285383899924177,1.557691307572367,1.5488878680395983,-0.3303174598660074,-0.5043466479784757,-0.5043466479784757
-0.9923573670117206,-0.2816035990969911,0.5091951992114635,0.7016893648671845,0.2773950118059027,2.518206294606176,0.8544410964507047,-0.1502010871114257,-0.7778964827051594,-0.8371787100618959,1.3217135414139385,0.4629942581898511,1.3285383899924177,1.2123389652042138,1.5488878680395983,-0.3303174598660074,-0.5043466479784757,-0.5043466479784757
-0.4182591727955052,-0.2816035990969911,-0.3900928381783349,-1.4011837101958908,0.2946710724510018,-0.52321305369515,0.8858741589108107,-0.14851814846291736,-0.5995893077323761,-0.8371787100618959,0.43852201219005094,-0.43104931385237927,-0.44751634352722236,-0.16907040426840003,-0.6456245288212396,-0.3303174598660074,-0.5043466479784757,1.9827632522357468
-1.0497671864333422,-0.0399246839022417,-0.28776569748352016,-0.041114658493021566,-0.5691319598039548,-0.5321462112643202,-0.8219889014216175,-0.1299976931909269,-0.8290763693362508,-0.8371787100618959,1.3217135414139385,0.4629942581898511,0.44051102323259766,0.8669866228360602,1.5488878680395983,-0.3303174598660074,-0.5043466479784757,-0.5043466479784757
-0.9062426378792884,0.6851120616820066,0.35290260411142543,-0.3241727325394926,0.07008228406471309,-0.16489966169418246,-0.5705244017407691,-0.1425960609036504,-0.7792902970067553,-0.8371787100618959,1.3217135414139385,1.3570378302320816,1.3285383899924177,1.557691307572367,1.5488878680395983,-0.3303174598660074,-0.5043466479784757,-0.5043466479784757
-1.1071770058549637,1.1684698920715055,1.541069265805874,-0.14421528149008053,0.3464992543862992,0.5703892781411366,-0.5757632454841202,-0.15429674111707786,-0.8071104353341784,-0.8371787100618959,1.3217135414139385,1.3570378302320816,1.3285383899924177,1.557691307572367,1.5488878680395983,-0.3303174598660074,-0.5043466479784757,-0.5043466479784757
-1.0928245509995584,-0.0399246839022417,0.6764618402046134,0.4249639310349205,0.6056401640627862,1.6418849240039934,0.6029765967698564,-0.1541361103916045,-0.8013165223075448,-0.8371787100618959,1.3217135414139385,0.4629942581898511,1.3285383899924177,1.2123389652042138,1.5488878680395983,-0.3303174598660074,-0.5043466479784757,-0.5043466479784757
-1.078472096144153,-0.2816035990969911,-0.3141792919868879,-1.2538357364959276,0.7956768311588767,-0.2664711438894981,1.7974329702538858,-0.1457040606144397,-0.8176772205413411,-0.8371787100618959,1.3217135414139385,-0.43104931385237927,-0.44751634352722236,0.1762819380997534,-0.6456245288212396,-0.3303174598660074,1.9827632522357468,-0.5043466479784757
0.9165191287571959,-0.2816035990969911,-0.3017240417611285,-0.472991712602924,-0.3445431714176661,-0.2243471108216158,-0.27714915211311275,-0.13528165775474968,-0.4381369809734392,-0.8371787100618959,-1.3278610462577245,-0.43104931385237927,0.44051102323259766,-0.5144227466365535,-0.6456245288212396,-0.3303174598660074,-0.5043466479784757,1.9827632522357468
-1.078472096144153,-0.5232825142917406,-0.5673193014082519,-0.4473311131014339,-0.724616505609847,-1.0030371304215149,-0.8429442763950215,-0.16224066063139642,-0.7216873586594519,1.1944880919464211,1.3217135414139385,-0.43104931385237927,-1.3355437102870424,-0.16907040426840003,-0.6456245288212396,-0.3303174598660074,-0.5043466479784757,1.9827632522357468
0.9882814030342228,-0.5232825142917406,-0.481708609610458,0.3281730275146259,-0.6036840810941531,-0.42396123120011625,-0.40288140195353694,-0.16224066063139642,1.2464603279262465,1.1944880919464211,-1.3278610462577245,-1.3250928858946096,-1.3355437102870424,-1.5504797737410139,-0.6456245288212396,3.027390681696474,-0.5043466479784757,-0.5043466479784757
-0.07380025626577585,-0.5232825142917406,0.6133464831730854,1.8996514688036163,-0.36181923206276523,6.983057673031457,0.4772443469294322,-0.16224066063139642,0.23505110009748473,1.1944880919464211,-0.4446695170338368,-0.43104931385237927,1.3285383899924177,0.1762819380997534,-0.6456245288212396,-0.3303174598660074,1.9827632522357468,-0.5043466479784757
0.27065866026395347,-0.2816035990969911,-0.25285159535683094,0.41371770526708074,-0.36181923206276523,-0.05905901856111429,-0.3085822145732188,-0.16167991337156218,0.45778386298269724,-0.8371787100618959,-0.4446695170338368,0.4629942581898511,0.44051102323259766,0.1762819380997534,-0.6456245288212396,-0.3303174598660074,1.9827632522357468,-0.5043466479784757
0.18454393113152112,-0.2816035990969911,-0.3463425860672318,1.5157047487625686,-0.7073404449647479,-0.3752483774941994,-0.9372434637753396,-0.14121263838761197,-0.5235058207740865,-0.8371787100618959,-0.4446695170338368,0.4629942581898511,-0.44751634352722236,-0.16907040426840003,-0.6456245288212396,-0.3303174598660074,-0.5043466479784757,1.9827632522357468
0.19889638598692652,-0.5232825142917406,-0.3383528385586165,1.1077848925568137,-0.39637135335296353,0.5457058779793619,0.35151209708900805,-0.16224066063139642,0.49473725318865325,1.1944880919464211,-0.4446695170338368,-1.3250928858946096,-0.44751634352722236,-0.8597750890047069,-0.6456245288212396,-0.3303174598660074,-0.5043466479784757,-0.5043466479784757
-0.9780049121563152,-0.2816035990969911,0.3202796259278462,-0.13599333307385933,0.3810513756764975,1.8792881105636796,1.0430394712113409,-0.1549617298547018,-0.744380885443983,-0.8371787100618959,1.3217135414139385,0.4629942581898511,1.3285383899924177,1.2123389652042138,1.5488878680395983,-0.3303174598660074,-0.5043466479784757,-0.5043466479784757
-0.07380025626577585,0.20175423129250772,-0.12306745021003467,-0.9395629446102495,-0.13723044367647652,-0.43114230537864795,-0.49718058933385506,-0.1380000238781449,-0.6131122331663417,-0.8371787100618959,-0.4446695170338368,0.4629942581898511,0.44051102323259766,0.1762819380997534,-0.6456245288212396,-0.3303174598660074,1.9827632522357468,-0.5043466479784757
-0.43261162765091055,0.20175423129250772,0.1983465934013879,-0.42311120403805696,0.8993331950294715,0.11237370418204831,0.44581128446932616,-0.15103769721376767,-0.5690498084959276,-0.8371787100618959,0.43852201219005094,1.3570378302320816,1.3285383899924177,1.2123389652042138,1.5488878680395983,-0.3303174598660074,-0.5043466479784757,-0.5043466479784757
0.2563062054085481,-0.2816035990969911,-0.349888720577905,-1.4873193295500722,1.0029895589000664,-0.3872415116892733,2.1746297197751585,-0.16020375819182756,0.2324261790658904,-0.8371787100618959,-0.4446695170338368,0.4629942581898511,-0.44751634352722236,-0.16907040426840003,-0.6456245288212396,-0.3303174598660074,-0.5043466479784757,1.9827632522357468
-0.30343953395226203,-0.2816035990969911,-0.39484290724510085,0.4647227730862989,-0.5691319598039548,-0.539277930981144,-0.6857789640944912,-0.12439022059258441,-0.7216873586594519,-0.8371787100618959,0.43852201219005094,0.4629942581898511,-0.44751634352722236,0.1762819380997534,-0.6456245288212396,-0.3303174598660074,1.9827632522357468,-0.5043466479784757
-0.00203798198874891,0.4434331464872571,0.249021293353291,-0.08940229204860625,0.41560349696669574,-0.08997958882125297,-0.21428302719290068,-0.1553211832263904,-0.27373976690966034,-0.8371787100618959,-0.4446695170338368,1.3570378302320816,1.3285383899924177,0.8669866228360602,1.5488878680395983,-0.3303174598660074,-0.5043466479784757,-0.5043466479784757
-0.9780049121563152,-0.5232825142917406,-0.07104288424069433,-1.2295655172597648,1.7976883485746264,2.353806582656421,8.335509961955943,-0.16224066063139642,-0.6260135127837583,1.1944880919464211,1.3217135414139385,-0.43104931385237927,0.44051102323259766,0.5216342804679068,-0.6456245288212396,-0.3303174598660074,1.9827632522357468,-0.5043466479784757
-0.7483656344698291,0.20175423129250772,-0.11410725848347789,-0.36802472377133655,0.4847077395470923,-0.41599048563425445,0.06861453494805367,-0.15284177190122003,-0.6656896291732622,-0.8371787100618959,0.43852201219005094,1.3570378302320816,0.44051102323259766,0.8669866228360602,1.5488878680395983,-0.3303174598660074,-0.5043466479784757,-0.5043466479784757
-0.375201808229289,0.6851120616820066,-0.01480089903849575,-0.48764701188718035,-0.41364741399806265,-0.5794277855807014,-0.8638996513684255,-0.11667994576986343,-0.7508451021644252,-0.8371787100618959,0.43852201219005094,1.3570378302320816,0.44051102323259766,0.8669866228360602,1.5488878680395983,-0.3303174598660074,-0.5043466479784757,-0.5043466479784757
1.031338767600439,-0.5232825142917406,-0.5194391889410975,-0.8724805912056696,-0.6036840810941531,-0.6791731526928165,-0.40288140195353694,-0.16224066063139642,1.2874634047301152,1.1944880919464211,-1.3278610462577245,-1.3250928858946096,-1.3355437102870424,-1.5504797737410139,-0.6456245288212396,3.027390681696474,-0.5043466479784757,-0.5043466479784757
-0.8918901830238829,0.9267909768767559,0.9592624191442619,1.5294514984955097,-0.033574079805881715,0.26712814418655906,-0.6992502765773939,-0.15398772717012618,-0.7139929541234172,-0.8371787100618959,1.3217135414139385,1.3570378302320816,1.3285383899924177,1.557691307572367,1.5488878680395983,-0.3303174598660074,-0.5043466479784757,-0.5043466479784757
0.4715930282396289,-0.2816035990969911,-0.5130327977880706,1.2360443088830462,-0.6555122630294505,-0.938999716355226,-0.8429442763950215,-0.09114591875955372,-0.7136269247578366,-0.8371787100618959,-0.4446695170338368,-0.43104931385237927,-1.3355437102870424,-0.8597750890047069,-0.6456245288212396,-0.3303174598660074,-0.5043466479784757,-0.5043466479784757
0.17019147627611575,-0.5232825142917406,-0.35469716222920866,0.1913772463653465,-0.4481995352882609,0.4351518837531681,0.16291372232837179,-0.16224066063139642,0.4674018686527408,1.1944880919464211,-0.4446695170338368,-1.3250928858946096,-0.44751634352722236,-0.8597750890047069,-0.6456245288212396,-0.3303174598660074,-0.5043466479784757,-0.5043466479784757
0.6007651219382774,-0.5232825142917406,-0.4847585771525596,-0.023931221326845137,-0.6382362023843514,-0.4445913961941114,-0.528613651793961,-0.16224066063139642,0.877432636691428,1.1944880919464211,-0.4446695170338368,-1.3250928858946096,-1.3355437102870424,-1.2051274313728604,-0.6456245288212396,-0.3303174598660074,-0.5043466479784757,-0.5043466479784757
-1.1789392801319907,-0.2816035990969911,-0.3772435730069452,-1.1921300136321877,0.2946710724510018,-0.4797564501611485,0.8858741589108107,-0.15371578674878109,-0.8398628930250736,-0.8371787100618959,1.3217135414139385,0.4629942581898511,-0.44751634352722236,0.5216342804679068,-0.6456245288212396,-0.3303174598660074,1.9827632522357468,-0.5043466479784757
0.38547829910719655,-0.0399246839022417,-0.3607460213019412,-1.059951634601663,0.12191046600001049,-0.6966939865992,0.016226097514543677,-0.14658646629435687,-0.3849266935005302,-0.8371787100618959,-0.4446695170338368,0.4629942581898511,-0.44751634352722236,-0.16907040426840003,-0.6456245288212396,-0.3303174598660074,-0.5043466479784757,1.9827632522357468
-0.6048410859157752,-0.5232825142917406,-0.46195678631747,0.18055168095065516,-0.6209601417392523,-0.2903587033562293,-0.465747526873749,-0.16224066063139642,-0.27065351381689606,1.1944880919464211,0.43852201219005094,-0.43104931385237927,-0.44751634352722236,-0.16907040426840003,-0.6456245288212396,-0.3303174598660074,-0.5043466479784757,1.9827632522357468
0.05537183743287264,-0.2816035990969911,-0.432121099045572,-1.3942617029600821,-0.050850140450980845,-0.6653539034145423,0.25721290970868993,-0.1488959542074563,-0.43946309050390514,-0.8371787100618959,-0.4446695170338368,-0.43104931385237927,-0.44751634352722236,-0.5144227466365535,-0.6456245288212396,-0.3303174598660074,-0.5043466479784757,1.9827632522357468
0.4572405733842235,-0.5232825142917406,-0.41863703201733343,-0.34629250256431615,-0.5345798385137566,0.002658735804892572,-0.1514169022726886,-0.16224066063139642,0.7407557140118656,1.1944880919464211,-0.4446695170338368,-1.3250928858946096,-0.44751634352722236,-0.8597750890047069,-0.6456245288212396,-0.3303174598660074,-0.5043466479784757,-0.5043466479784757
-0.9493000024455045,1.410148807266255,1.1799253818433912,-0.938528804622741,2.9379083511511697,0.0975728494986904,0.4143782220092201,-0.15747516372045747,-0.7037779687910954,-0.8371787100618959,1.3217135414139385,1.3570378302320816,1.3285383899924177,1.557691307572367,1.5488878680395983,-0.3303174598660074,-0.5043466479784757,-0.5043466479784757
-0.1312100756873974,-0.5232825142917406,-0.4747695686235236,-0.9753393359083075,-0.25816286819217044,-0.37702513811569205,0.8544410964507047,-0.16224066063139642,0.18038033102565978,1.1944880919464211,-0.4446695170338368,-0.43104931385237927,-1.3355437102870424,-0.8597750890047069,-0.6456245288212396,-0.3303174598660074,-0.5043466479784757,-0.5043466479784757
0.9021666739017905,-0.5232825142917406,-0.5282461526332425,3.3199656512111004,-0.7764446875451444,-0.73874398797452,-1.0315426511556578,6.84009074654883,-0.8563414628833567,1.1944880919464211,-1.3278610462577245,-1.3250928858946096,-1.3355437102870424,-1.5504797737410139,-0.6456245288212396,3.027390681696474,-0.5043466479784757,-0.5043466479784757
-0.016390436844154296,-0.0399246839022417,0.19512150810567297,-0.03595962734316864,0.1391865266451096,0.5566132140168567,0.03718147248794763,-0.14299467417098352,-0.5518616438729912,-0.8371787100618959,-0.4446695170338368,0.4629942581898511,1.3285383899924177,0.5216342804679068,-0.6456245288212396,-0.3303174598660074,1.9827632522357468,-0.5043466479784757
1.1605108612990875,-0.2816035990969911,-0.14249092771499738,0.5362488302905084,-0.2408868075470713,0.31418409810656045,-0.08855077735247653,-0.15523131988346828,0.2760541769013535,-0.8371787100618959,-1.3278610462577245,-0.43104931385237927,0.44051102323259766,-0.5144227466365535,-0.6456245288212396,-0.3303174598660074,-0.5043466479784757,1.9827632522357468
-0.9923573670117206,0.20175423129250772,-0.2849638134257043,-0.2229466663241982,-0.4481995352882609,-0.7049115044736022,-0.7800781514748094,-0.09748770324577445,-0.8370045390039758,-0.8371787100618959,1.3217135414139385,1.3570378302320816,0.44051102323259766,1.2123389652042138,1.5488878680395983,-0.3303174598660074,-0.5043466479784757,-0.5043466479784757
-0.5187263567833429,-0.2816035990969911,0.257988781652915,0.944527297358862,0.41560349696669574,1.6686185907625595,1.105905596131553,-0.16152956809175154,-0.250331813471119,-0.8371787100618959,0.43852201219005094,0.4629942581898511,1.3285383899924177,0.8669866228360602,1.5488878680395983,-0.3303174598660074,-0.5043466479784757,-0.5043466479784757
1.1174534967328713,-0.5232825142917406,-0.5332661949034958,-1.0449023239923876,-0.36181923206276523,-0.7726998576297082,0.4772443469294322,-0.16224066063139642,1.3694695583378524,1.1944880919464211,-1.3278610462577245,-1.3250928858946096,-1.3355437102870424,-1.5504797737410139,-0.6456245288212396,3.027390681696474,-0.5043466479784757,-0.5043466479784757
-1.0354147315779367,0.9267909768767559,0.3401481943899099,1.9384173030505105,-0.5000277172235583,-0.3311184380897513,-0.9417339012696404,-0.1065164016853676,-0.838511767430251,-0.8371787100618959,1.3217135414139385,1.3570378302320816,1.3285383899924177,1.557691307572367,1.5488878680395983,-0.3303174598660074,-0.5043466479784757,-0.5043466479784757
-0.6048410859157752,-0.0399246839022417,-0.30518261739499497,-0.26912565165959423,-0.4309234746431618,-0.5714159112967495,-0.6543459016343852,-0.13896964934827497,-0.7223201221903758,-0.8371787100618959,0.43852201219005094,0.4629942581898511,0.44051102323259766,0.5216342804679068,-0.6456245288212396,-0.3303174598660074,1.9827632522357468,-0.5043466479784757
0.8734617641909798,-0.5232825142917406,-0.14266604546861086,-0.28679589914698883,-0.08540226174117911,1.8693431865294932,1.4831023456528254,-0.16224066063139642,1.1371187897825965,1.1944880919464211,-1.3278610462577245,-1.3250928858946096,0.44051102323259766,-0.8597750890047069,-0.6456245288212396,-0.3303174598660074,-0.5043466479784757,-0.5043466479784757
1.2322731355761145,-0.2816035990969911,-0.044271757657032396,-0.5357782858512512,-0.08540226174117911,0.6463643026330771,0.19434678478847783,-0.15934549814855653,0.7956367552724282,-0.8371787100618959,-1.3278610462577245,-0.43104931385237927,0.44051102323259766,-0.5144227466365535,-0.6456245288212396,-0.3303174598660074,-0.5043466479784757,1.9827632522357468
0.27065866026395347,-0.2816035990969911,-0.3776448845256428,0.18055168095065516,-0.6382362023843514,-0.4811136978581219,-0.8115112139349154,-0.09588556821767655,-0.7225579123070923,-0.8371787100618959,-0.4446695170338368,-0.43104931385237927,-0.44751634352722236,-0.5144227466365535,-0.6456245288212396,-0.3303174598660074,-0.5043466479784757,1.9827632522357468
-0.40390671794009975,-0.2816035990969911,0.050532616205469685,0.7799971688387791,0.2773950118059027,0.9669955631198935,0.8544410964507047,-0.1511956388467824,-0.555906291268124,-0.8371787100618959,0.43852201219005094,0.4629942581898511,0.44051102323259766,0.5216342804679068,-0.6456245288212396,-0.3303174598660074,1.9827632522357468,-0.5043466479784757
0.2276012956977373,0.6851120616820066,0.10464400207203743,0.059744646612796895,0.2601189511608036,-0.44477236255370783,-0.455269839387047,-0.15162357096909349,-0.30941860592191817,-0.8371787100618959,-0.4446695170338368,1.3570378302320816,1.3285383899924177,0.8669866228360602,1.5488878680395983,-0.3303174598660074,-0.5043466479784757,-0.5043466479784757
-0.20297234996442434,-0.2816035990969911,-0.3711801207880782,-0.10813006344111004,-0.6036840810941531,-0.4592496713214237,-0.7486450890147034,-0.11891019055329512,-0.7232444375254216,-0.8371787100618959,-0.4446695170338368,0.4629942581898511,-0.44751634352722236,-0.16907040426840003,-0.6456245288212396,-0.3303174598660074,-0.5043466479784757,1.9827632522357468
-0.5187263567833429,-0.0399246839022417,-0.28112581599234204,0.4511908163179349,-0.36181923206276523,-0.517175357879523,-0.5705244017407691,-0.14432790094224668,-0.6700063972712423,-0.8371787100618959,0.43852201219005094,0.4629942581898511,0.44051102323259766,0.5216342804679068,-0.6456245288212396,-0.3303174598660074,1.9827632522357468,-0.5043466479784757
-1.0497671864333422,0.4434331464872571,0.7268373806607601,0.6702796401866857,0.0009780414843165532,0.5564157961700245,-0.5160404268099187,-0.15269782322759062,-0.7889100900181754,-0.8371787100618959,1.3217135414139385,1.3570378302320816,1.3285383899924177,1.557691307572367,1.5488878680395983,-0.3303174598660074,-0.5043466479784757,-0.5043466479784757
-0.40390671794009975,-0.5232825142917406,-0.5424452838220695,1.4579683998842157,-0.7073404449647479,-0.834787770458526,-0.7800781514748094,-0.16224066063139642,-0.07930582206550872,1.1944880919464211,0.43852201219005094,-0.43104931385237927,-1.3355437102870424,-0.5144227466365535,-0.6456245288212396,-0.3303174598660074,-0.5043466479784757,1.9827632522357468
1.0600436773112498,-0.5232825142917406,-0.5802707186025828,1.371363876566686,-0.7418925662549462,-1.0906412999534318,-0.9058104013152335,-0.16224066063139642,1.3147987892660276,1.1944880919464211,-1.3278610462577245,-1.3250928858946096,-1.3355437102870424,-1.5504797737410139,-0.6456245288212396,3.027390681696474,-0.5043466479784757,-0.5043466479784757
-1.0354147315779367,0.20175423129250772,0.44056363294111067,-0.440069243133815,1.244854407931454,0.521966381897755,0.7601419090703865,-0.1611892595192072,-0.7038599339621177,-0.8371787100618959,1.3217135414139385,1.3570378302320816,1.3285383899924177,1.557691307572367,1.5488878680395983,-0.3303174598660074,-0.5043466479784757,-0.5043466479784757
-0.9205950927346938,0.4434331464872571,0.2406448274721125,0.4715766213196262,0.4847077395470923,-0.1013113732294378,-0.16399012725673098,-0.14766861012912474,-0.7651436109985948,-0.8371787100618959,1.3217135414139385,1.3570378302320816,1.3285383899924177,1.557691307572367,1.5488878680395983,-0.3303174598660074,-0.5043466479784757,-0.5043466479784757
-0.23167725967523511,-0.0399246839022417,-0.2880867466984782,0.6947660381484867,-0.29271498948236874,-0.532870076702706,-0.48670290184715304,-0.13058557338268864,-0.6873982359521231,-0.8371787100618959,-0.4446695170338368,0.4629942581898511,0.44051102323259766,0.1762819380997534,-0.6456245288212396,-0.3303174598660074,1.9827632522357468,-0.5043466479784757
0.48594548309503427,-0.5232825142917406,0.32940034226188203,1.012573708536921,-0.18905862561177392,5.06242879565988,1.105905596131553,-0.16224066063139642,0.768091098547778,1.1944880919464211,-0.4446695170338368,-1.3250928858946096,1.3285383899924177,-0.16907040426840003,-0.6456245288212396,-0.3303174598660074,-0.5043466479784757,1.9827632522357468
1.3183878647085467,-0.2816035990969911,-0.2820232944796111,-0.025134061928477294,-0.46547559593336,-0.15771858751565074,-0.49718058933385506,-0.1345722103106274,-0.3693807803056438,-0.8371787100618959,-1.3278610462577245,-0.43104931385237927,0.44051102323259766,-0.5144227466365535,-0.6456245288212396,-0.3303174598660074,-0.5043466479784757,1.9827632522357468
0.3711258442517912,-0.2816035990969911,-0.40058531024900973,1.0311318206763915,-0.5691319598039548,-0.5586989116632901,-0.6857789640944912,-0.1282723170068215,-0.5988579663040031,-0.8371787100618959,-0.4446695170338368,0.4629942581898511,-0.44751634352722236,-0.16907040426840003,-0.6456245288212396,-0.3303174598660074,-0.5043466479784757,1.9827632522357468
1.2035682258653038,-0.5232825142917406,-0.5249262118876534,-0.6236331784264046,-0.5518558991588557,-0.7162877078973243,-0.21428302719290068,-0.16224066063139642,1.4514757119455899,1.1944880919464211,-1.3278610462577245,-1.3250928858946096,-1.3355437102870424,-1.5504797737410139,-0.6456245288212396,3.027390681696474,-0.5043466479784757,-0.5043466479784757
-0.5904886310603699,-0.5232825142917406,-0.15590202901256375,0.735798423188042,-0.25816286819217044,1.7798141929909588,0.8544410964507047,-0.16224066063139642,-0.2569858215489398,1.1944880919464211,0.43852201219005094,-0.43104931385237927,0.44051102323259766,0.1762819380997534,-0.6456245288212396,-0.3303174598660074,1.9827632522357468,-0.5043466479784757
-0.9780049121563152,-0.5232825142917406,-0.3868166768711493,0.012153996722125368,-0.4827516565784592,0.2178935433140137,0.03718147248794763,-0.16224066063139642,-0.6260135127837583,1.1944880919464211,1.3217135414139385,-0.43104931385237927,-0.44751634352722236,0.1762819380997534,-0.6456245288212396,-0.3303174598660074,1.9827632522357468,-0.5043466479784757
-0.9923573670117206,-0.0399246839022417,-0.38775793479682175,-1.3224396103448426,-0.11995438303137738,-0.7575973923470227,-0.27714915211311275,-0.16073865904255466,-0.6782723361612379,-0.8371787100618959,1.3217135414139385,0.4629942581898511,-0.44751634352722236,0.5216342804679068,-0.6456245288212396,-0.3303174598660074,1.9827632522357468,-0.5043466479784757
-0.1312100756873974,0.6851120616820066,0.8261875195441456,1.1056454527515385,0.45015561825689404,0.3686549723450912,-0.34001527703332485,-0.14870538194574207,-0.5039690606498902,-0.8371787100618959,-0.4446695170338368,1.3570378302320816,1.3285383899924177,0.8669866228360602,1.5488878680395983,-0.3303174598660074,-0.5043466479784757,-0.5043466479784757
0.9595764933234121,-0.5232825142917406,-0.20480366170913022,3.1867279230302854,-0.5691319598039548,1.4490405906231234,-0.27714915211311275,-0.16224066063139642,1.219124943390334,1.1944880919464211,-1.3278610462577245,-1.3250928858946096,0.44051102323259766,-0.8597750890047069,-0.6456245288212396,-0.3303174598660074,-0.5043466479784757,-0.5043466479784757
-1.0928245509995584,0.9267909768767559,0.6467647878209927,-0.5676577516930456,0.6747444066431828,-0.034836553818506664,-0.3310344020447231,-0.15448031908904739,-0.7999870194487605,-0.8371787100618959,1.3217135414139385,1.3570378302320816,1.3285383899924177,1.557691307572367,1.5488878680395983,-0.3303174598660074,-0.5043466479784757,-0.5043466479784757
-0.633545995626586,-0.2816035990969911,-0.1281020856264225,-0.030804596193315707,-0.13723044367647652,0.36284759735076877,0.1000475974081597,-0.151299250683411,-0.6395510365539244,-0.8371787100618959,0.43852201219005094,0.4629942581898511,0.44051102323259766,0.5216342804679068,-0.6456245288212396,-0.3303174598660074,1.9827632522357468,-0.5043466479784757
-0.8488328184576668,2.3768644680452526,0.9866756441578401,0.07911528060827314,0.8993331950294715,-0.415202712495452,-0.6204949112927326,-0.14994649947828434,-0.7293286621176177,-0.8371787100618959,1.3217135414139385,1.3570378302320816,1.3285383899924177,1.557691307572367,1.5488878680395983,-0.3303174598660074,-0.5043466479784757,-0.5043466479784757
1.0169863127450336,-0.5232825142917406,-0.4422414458898182,-0.012425789485144495,-0.39637135335296353,-0.15700294782088292,0.35151209708900805,-0.16224066063139642,1.2737957124621588,1.1944880919464211,-1.3278610462577245,-1.3250928858946096,-0.44751634352722236,-1.2051274313728604,-0.6456245288212396,-0.3303174598660074,-0.5043466479784757,-0.5043466479784757
-1.0210622767225315,0.9267909768767559,3.0052798797797173,0.5334480653350767,1.8840686518001222,2.244183272565295,0.2976268471573976,-0.15578541796630846,-0.7587532401597942,-0.8371787100618959,1.3217135414139385,1.3570378302320816,1.3285383899924177,1.557691307572367,1.5488878680395983,-0.3303174598660074,-0.5043466479784757,-0.5043466479784757
1.2609780452869253,-0.5232825142917406,-0.5249626947529895,-0.008895713806440664,-0.6555122630294505,-0.7165344802058651,-0.5914797767141732,-0.16224066063139642,1.506146481017415,1.1944880919464211,-1.3278610462577245,-1.3250928858946096,-1.3355437102870424,-1.5504797737410139,-0.6456245288212396,3.027390681696474,-0.5043466479784757,-0.5043466479784757
-0.6191935407711806,-0.0399246839022417,0.026563373679623505,-0.533133742684542,0.03553016277451482,0.1765674073770793,-0.08855077735247653,-0.13605482161083465,-0.7371519985164223,-0.8371787100618959,0.43852201219005094,0.4629942581898511,0.44051102323259766,0.5216342804679068,-0.6456245288212396,-0.3303174598660074,1.9827632522357468,-0.5043466479784757
0.2276012956977373,-0.5232825142917406,-0.4925294274691581,-1.4801361198987806,0.018254102129415688,-0.49715389791326164,1.8602990951740979,-0.16224066063139642,0.5220726377245657,1.1944880919464211,-0.4446695170338368,-1.3250928858946096,-1.3355437102870424,-1.2051274313728604,-0.6456245288212396,-0.3303174598660074,-0.5043466479784757,-0.5043466479784757
-1.1932917349873962,-0.2816035990969911,0.055501582464252366,1.265411534210134,-0.11995438303137738,0.9838007573315091,0.13148065986826574,-0.154317058046782,-0.8455333865568513,-0.8371787100618959,1.3217135414139385,0.4629942581898511,0.44051102323259766,0.8669866228360602,1.5488878680395983,-0.3303174598660074,-0.5043466479784757,-0.5043466479784757
-0.9923573670117206,0.4434331464872571,0.4541352588461559,0.2224105338874607,0.32922319374120007,0.1875010657941522,-0.27714915211311275,-0.1405495926411863,-0.8049565333348552,-0.8371787100618959,1.3217135414139385,1.3570378302320816,1.3285383899924177,1.557691307572367,1.5488878680395983,-0.3303174598660074,-0.5043466479784757,-0.5043466479784757
-1.078472096144153,1.6518277224610043,0.7073993100096629,-0.8182414358165545,2.1950377434119064,-0.3560198792127152,-0.00682481495620078,-0.15707923698974025,-0.7796498232513082,-0.8371787100618959,1.3217135414139385,1.3570378302320816,1.3285383899924177,1.557691307572367,1.5488878680395983,-0.3303174598660074,-0.5043466479784757,-0.5043466479784757
-0.016390436844154296,-0.5232825142917406,-0.4844156382183999,-0.9831966011286477,-0.10267832238627825,-0.44227173649382967,1.4202362207326134,-0.16224066063139642,0.2897218691693097,1.1944880919464211,-0.4446695170338368,-0.43104931385237927,-1.3355437102870424,-0.8597750890047069,-0.6456245288212396,-0.3303174598660074,-0.5043466479784757,-0.5043466479784757
1.4906173229734114,-0.2816035990969911,-0.26170233848737934,-0.12689437682657462,-0.36181923206276523,-0.08899249958709043,-0.3085822145732188,-0.16224066063139642,1.7248295573047148,-0.8371787100618959,-1.3278610462577245,-0.43104931385237927,0.44051102323259766,-0.5144227466365535,-0.6456245288212396,-0.3303174598660074,-0.5043466479784757,1.9827632522357468
-0.030742891699559686,-0.5232825142917406,-0.512595003404037,0.09935994034047124,-0.6555122630294505,-0.6328786676105979,-0.5914797767141732,-0.16224066063139642,0.2760541769013535,1.1944880919464211,-0.4446695170338368,-0.43104931385237927,-1.3355437102870424,-0.8597750890047069,-0.6456245288212396,-0.3303174598660074,-0.5043466479784757,-0.5043466479784757
-0.1312100756873974,0.20175423129250772,0.2041984450013053,1.8971770538516863,-0.327267110772567,0.1222692737545268,-0.6700624328644382,-0.12740011397257708,-0.6843873511892659,-0.8371787100618959,-0.4446695170338368,1.3570378302320816,1.3285383899924177,0.8669866228360602,1.5488878680395983,-0.3303174598660074,-0.5043466479784757,-0.5043466479784757
-1.1358819155657744,-0.5232825142917406,-0.5433062794440024,3.3199656512111004,-0.7764446875451444,-0.8406115969400844,-1.0315426511556578,6.84009074654883,-0.8582822751854066,1.1944880919464211,1.3217135414139385,-0.43104931385237927,-1.3355437102870424,-0.16907040426840003,-0.6456245288212396,-0.3303174598660074,-0.5043466479784757,1.9827632522357468
-1.0497671864333422,0.6851120616820066,0.8384165760048208,-0.016370508973727507,0.3983274363215966,0.38244131864889347,-0.37144833949343087,-0.14714361902047426,-0.8063603790511807,-0.8371787100618959,1.3217135414139385,1.3570378302320816,1.3285383899924177,1.557691307572367,1.5488878680395983,-0.3303174598660074,-0.5043466479784757,-0.5043466479784757
-1.15023437042118,-0.5232825142917406,-0.46454706975633625,0.5865103840015747,-0.5173037778686574,-0.30787953726261263,-0.08855077735247653,-0.16224066063139642,-0.790025819999233,1.1944880919464211,1.3217135414139385,-0.43104931385237927,-1.3355437102870424,-0.16907040426840003,-0.6456245288212396,-0.3303174598660074,-0.5043466479784757,1.9827632522357468
-0.4900214470725321,-0.2816035990969911,-0.4659042323468407,-1.408486670991516,0.08735834470981221,-0.7796094822688453,0.5086774093895382,-0.138026574411281,-0.7018831514956786,-0.8371787100618959,0.43852201219005094,-0.43104931385237927,-1.3355437102870424,-0.5144227466365535,-0.6456245288212396,-0.3303174598660074,-0.5043466479784757,1.9827632522357468
1.3183878647085467,-0.5232825142917406,-0.5593295538996366,0.7218299516852147,-0.7764446875451444,-0.9489939948511209,-1.0315426511556578,6.84009074654883,-0.855945099807586,1.1944880919464211,-1.3278610462577245,-1.3250928858946096,-1.3355437102870424,-1.5504797737410139,-0.6456245288212396,3.027390681696474,-0.5043466479784757,-0.5043466479784757
-0.07380025626577585,-0.2816035990969911,-0.3238326581548314,-0.49251608178884054,-0.46547559593336,-0.29911912030942106,-0.49718058933385506,-0.16224066063139642,0.23505110009748473,-0.8371787100618959,-0.4446695170338368,0.4629942581898511,-0.44751634352722236,-0.16907040426840003,-0.6456245288212396,-0.3303174598660074,-0.5043466479784757,1.9827632522357468
-0.07380025626577585,0.20175423129250772,-0.051524551285857645,-0.5463077111786103,-0.25816286819217044,-0.3101621811166133,-0.6071963079442262,-0.1280185852150413,-0.6724836664948094,-0.8371787100618959,-0.4446695170338368,0.4629942581898511,0.44051102323259766,0.1762819380997534,-0.6456245288212396,-0.3303174598660074,1.9827632522357468,-0.5043466479784757
-0.6909558150482076,-0.2816035990969911,-0.2427458416587193,-0.3527076524396886,-0.3445431714176661,-0.024881053828239713,-0.27714915211311275,-0.13609042784104908,-0.7514673710806898,-0.8371787100618959,0.43852201219005094,0.4629942581898511,0.44051102323259766,0.5216342804679068,-0.6456245288212396,-0.3303174598660074,1.9827632522357468,-0.5043466479784757
0.05537183743287264,-0.5232825142917406,-0.4664076958884795,-0.3607265897839043,-0.6036840810941531,-0.32046492499818385,-0.40288140195353694,-0.16224066063139642,0.35806033050909086,1.1944880919464211,-0.4446695170338368,-0.43104931385237927,-1.3355437102870424,-0.8597750890047069,-0.6456245288212396,-0.3303174598660074,-0.5043466479784757,-0.5043466479784757
-0.31779198880766746,0.4434331464872571,-0.05539173501148889,0.42593116368365536,-0.3445431714176661,-0.5017932173138251,-0.7675049264907671,-0.12090972035913043,-0.7335099124712341,-0.8371787100618959,0.43852201219005094,1.3570378302320816,0.44051102323259766,0.8669866228360602,1.5488878680395983,-0.3303174598660074,-0.5043466479784757,-0.5043466479784757
1.5336746875396277,-0.5232825142917406,-0.516681084321685,-1.2522437415820022,-0.5000277172235583,-0.6605171661671463,-0.02568465243226445,-0.16224066063139642,1.7658326341085835,1.1944880919464211,-1.3278610462577245,-1.3250928858946096,-1.3355437102870424,-1.5504797737410139,-0.6456245288212396,3.027390681696474,-0.5043466479784757,-0.5043466479784757
0.4285356636734127,-0.5232825142917406,-0.24119167159539956,-0.6909063349319857,-0.13723044367647652,1.202909890084718,1.2945039708921893,-0.16224066063139642,0.713420329475953,1.1944880919464211,-0.4446695170338368,-1.3250928858946096,0.44051102323259766,-0.5144227466365535,-0.6456245288212396,-0.3303174598660074,-0.5043466479784757,1.9827632522357468
-0.7196607247590183,-0.0399246839022417,-0.1225858763875976,-0.15305247774697123,0.03553016277451482,-0.1597174432148297,-0.08855077735247653,-0.1474918394742976,-0.70425875778085,-0.8371787100618959,0.43852201219005094,0.4629942581898511,0.44051102323259766,0.5216342804679068,-0.6456245288212396,-0.3303174598660074,1.9827632522357468,-0.5043466479784757
-0.9780049121563152,0.20175423129250772,-0.11055382739973753,-0.39921748903613974,-0.15450650432157564,-0.4099815799212906,-0.512897120563908,-0.1251230153071405,-0.8214565780305981,-0.8371787100618959,1.3217135414139385,0.4629942581898511,0.44051102323259766,0.8669866228360602,1.5488878680395983,-0.3303174598660074,-0.5043466479784757,-0.5043466479784757
-1.0928245509995584,0.4434331464872571,0.3578934600894099,-0.942966459384863,2.2641419859923033,0.057303995808125695,1.1310520460996376,-0.15646826236839675,-0.7909076065971657,-0.8371787100618959,1.3217135414139385,1.3570378302320816,1.3285383899924177,1.557691307572367,1.5488878680395983,-0.3303174598660074,-0.5043466479784757,-0.5043466479784757
2.3948219788639507,-0.5232825142917406,-0.5389721150420687,-0.3607265897839043,-0.6900643843196488,-0.8112950466854597,-0.7172120265545973,-0.16224066063139642,2.585894170185958,1.1944880919464211,-1.3278610462577245,-1.3250928858946096,-1.3355437102870424,-1.5504797737410139,-0.6456245288212396,3.027390681696474,-0.5043466479784757,-0.5043466479784757
1.7059041458044921,-0.5232825142917406,-0.16994793216697884,-0.18409894354420595,-0.13723044367647652,1.684806854202824,1.2945039708921893,-0.16224066063139642,1.9298449413240584,1.1944880919464211,-1.3278610462577245,-1.3250928858946096,0.44051102323259766,-0.8597750890047069,-0.6456245288212396,-0.3303174598660074,-0.5043466479784757,-0.5043466479784757
-0.8488328184576668,-0.2816035990969911,-0.4746163405891118,1.371363876566686,-0.724616505609847,-0.8090740959085942,-0.9686765262354456,-0.10476406649838557,-0.8197381944947901,-0.8371787100618959,1.3217135414139385,0.4629942581898511,-1.3355437102870424,0.1762819380997534,-0.6456245288212396,-0.3303174598660074,1.9827632522357468,-0.5043466479784757
-0.07380025626577585,-0.5232825142917406,-0.5025038428520597,-0.02049453389360985,-0.6727883236745497,-0.5646214470682647,-0.6543459016343852,-0.16224066063139642,0.23505110009748473,1.1944880919464211,-0.4446695170338368,-0.43104931385237927,-1.3355437102870424,-0.8597750890047069,-0.6456245288212396,-0.3303174598660074,-0.5043466479784757,-0.5043466479784757
-1.1071770058549637,1.6518277224610043,0.883480211268025,-1.2556399973983758,2.7996998659903762,-0.23691769221867454,0.21320662226454148,-0.15751570113000754,-0.793050450734072,-0.8371787100618959,1.3217135414139385,1.3570378302320816,1.3285383899924177,1.557691307572367,1.5488878680395983,-0.3303174598660074,-0.5043466479784757,-0.5043466479784757
-0.28908707909685666,0.6851120616820066,0.48416795359086917,0.4244529740286375,0.36377531503139837,-0.016918534005995935,-0.3924037144668349,-0.14642690406594874,-0.5855223345667043,-0.8371787100618959,0.43852201219005094,1.3570378302320816,1.3285383899924177,1.2123389652042138,1.5488878680395983,-0.3303174598660074,-0.5043466479784757,-0.5043466479784757
-0.4182591727955052,-0.0399246839022417,-0.3929166119553524,-0.7196795482710333,-0.2236107469019722,-0.7692285938229037,-0.40288140195353694,-0.15201081197225805,-0.5471614420070876,-0.8371787100618959,0.43852201219005094,0.4629942581898511,-0.44751634352722236,0.1762819380997534,-0.6456245288212396,-0.3303174598660074,1.9827632522357468,-0.5043466479784757
-1.2076441898428014,-0.5232825142917406,-0.35812655157080614,0.43314820729344944,-0.4827516565784592,0.41195528675035065,0.03718147248794763,-0.16224066063139642,-0.844696589071058,1.1944880919464211,1.3217135414139385,-0.43104931385237927,-0.44751634352722236,0.1762819380997534,-0.6456245288212396,-0.3303174598660074,1.9827632522357468,-0.5043466479784757
-1.0928245509995584,-0.2816035990969911,0.0999012295783388,0.6088675299666978,-0.4309234746431618,1.1339617070784713,-0.43431446441364296,-0.08736815718761842,-0.8478343083076706,-0.8371787100618959,1.3217135414139385,-0.43104931385237927,1.3285383899924177,0.8669866228360602,1.5488878680395983,-0.3303174598660074,-0.5043466479784757,-0.5043466479784757
-0.3895542630846944,-0.2816035990969911,-0.26414669046490097,0.16611759373106696,-0.29271498948236874,-0.09725937192320097,-0.18284996473279463,-0.14725517351513623,-0.6057372660126142,-0.8371787100618959,0.43852201219005094,0.4629942581898511,0.44051102323259766,0.5216342804679068,-0.6456245288212396,-0.3303174598660074,1.9827632522357468,-0.5043466479784757
1.4906173229734114,-0.5232825142917406,-0.5716242795179169,-0.5772378980777282,-0.6727883236745497,-1.0321562628293068,-0.6543459016343852,-0.16224066063139642,1.7248295573047148,1.1944880919464211,-1.3278610462577245,-1.3250928858946096,-1.3355437102870424,-1.5504797737410139,-0.6456245288212396,3.027390681696474,-0.5043466479784757,-0.5043466479784757
-0.5761361762049644,-0.2816035990969911,-0.3860359435529558,-1.5265567113660325,0.6747444066431828,-0.5094925133402922,1.5774015330331435,-0.14650858473049103,-0.6687952618690733,-0.8371787100618959,0.43852201219005094,-0.43104931385237927,-0.44751634352722236,-0.16907040426840003,-0.6456245288212396,-0.3303174598660074,-0.5043466479784757,1.9827632522357468
-1.0210622767225315,2.135185552850503,0.7122004550878994,0.659282240400332,0.3983274363215966,-0.5010035459264952,-0.7329285577846504,-0.14396912070421292,-0.8053114945294396,-0.8371787100618959,1.3217135414139385,1.3570378302320816,1.3285383899924177,1.557691307572367,1.5488878680395983,-0.3303174598660074,-0.5043466479784757,-0.5043466479784757
0.8304043996247635,-0.5232825142917406,-0.415718402790442,-0.3401064651844926,-0.4309234746431618,0.022400520488141618,0.22577984724858385,-0.16224066063139642,1.0961157129787278,1.1944880919464211,-1.3278610462577245,-1.3250928858946096,-0.44751634352722236,-1.2051274313728604,-0.6456245288212396,-0.3303174598660074,-0.5043466479784757,-0.5043466479784757
-0.6191935407711806,-0.2816035990969911,0.3711878162179006,-1.1286077975886948,2.4369025924432948,2.051461150232464,4.783573903963959,-0.15860176883885502,-0.48049278922493005,-0.8371787100618959,0.43852201219005094,0.4629942581898511,1.3285383899924177,0.8669866228360602,1.5488878680395983,-0.3303174598660074,-0.5043466479784757,-0.5043466479784757
0.15583902142071035,-0.0399246839022417,0.9769347191130899,-1.080334714030182,2.488730774378592,2.3193571683841516,2.887112468870895,-0.15812267294198865,-0.03184556781221178,-0.8371787100618959,-0.4446695170338368,0.4629942581898511,1.3285383899924177,0.5216342804679068,-0.6456245288212396,-0.3303174598660074,1.9827632522357468,-0.5043466479784757
-0.9349475475900991,0.6851120616820066,0.8335643549151137,0.0689905106465855,1.1411980440608593,0.37697119914290983,0.07909222243475576,-0.14978560130238563,-0.7599266084950081,-0.8371787100618959,1.3217135414139385,1.3570378302320816,1.3285383899924177,1.557691307572367,1.5488878680395983,-0.3303174598660074,-0.5043466479784757,-0.5043466479784757
1.361445229274763,-0.5232825142917406,-0.39555797140568916,-1.0783069258434348,-0.20633468625687304,0.15876689818768341,1.0430394712113409,-0.16224066063139642,1.6018203268931086,1.1944880919464211,-1.3278610462577245,-1.3250928858946096,-0.44751634352722236,-1.2051274313728604,-0.6456245288212396,-0.3303174598660074,-0.5043466479784757,-0.5043466479784757
2.193887610888275,-0.5232825142917406,-0.4780822127960454,-1.20708897675067,-0.050850140450980845,-0.3994320637311795,1.6088345954932497,-0.16224066063139642,2.3945464784345702,1.1944880919464211,-1.3278610462577245,-1.3250928858946096,-1.3355437102870424,-1.5504797737410139,-0.6456245288212396,3.027390681696474,-0.5043466479784757,-0.5043466479784757
0.0984292019990888,-0.2816035990969911,-0.18061552199126724,-1.1704195646361495,1.5212713782530403,0.18524556689409077,3.1176215935783396,-0.15513463932142788,-0.23395669622073956,-0.8371787100618959,-0.4446695170338368,-0.43104931385237927,0.44051102323259766,-0.16907040426840003,-0.6456245288212396,-0.3303174598660074,-0.5043466479784757,1.9827632522357468
1.8781336040693568,-0.5232825142917406,-0.5021973867832361,0.07229602680374327,-0.6900643843196488,-0.5625485596765235,-0.7172120265545973,-0.16224066063139642,2.0938572485395333,1.1944880919464211,-1.3278610462577245,-1.3250928858946096,-1.3355437102870424,-1.5504797737410139,-0.6456245288212396,3.027390681696474,-0.5043466479784757,-0.5043466479784757
0.17019147627611575,1.1684698920715055,0.045446904777611284,1.3976076715113916,-0.3790952927078644,-0.6941707397443722,-0.9058104013152335,-0.13026054346897423,-0.6200242993180246,-0.8371787100618959,-0.4446695170338368,1.3570378302320816,0.44051102323259766,0.5216342804679068,-0.6456245288212396,-0.3303174598660074,1.9827632522357468,-0.5043466479784757
-0.9062426378792884,-0.5232825142917406,-0.40215407345846393,-0.47619928754061036,-0.5345798385137566,0.11415046480354078,-0.1514169022726886,-0.16224066063139642,-0.557675051443977,1.1944880919464211,1.3217135414139385,-0.43104931385237927,-0.44751634352722236,0.1762819380997534,-0.6456245288212396,-0.3303174598660074,1.9827632522357468,-0.5043466479784757
-0.1312100756873974,-0.2816035990969911,-0.3761417904737937,-0.966074533380922,-0.01629801916078258,-0.4760301883021853,0.32007903462890197,-0.13726988421690237,-0.6306942293138802,-0.8371787100618959,-0.4446695170338368,-0.43104931385237927,-0.44751634352722236,-0.5144227466365535,-0.6456245288212396,-0.3303174598660074,-0.5043466479784757,1.9827632522357468
-0.5187263567833429,-0.5232825142917406,-0.38189149005076994,0.2617434215608391,-0.5173037778686574,0.25120780496699624,-0.08855077735247653,-0.16224066063139642,-0.18864736020915862,1.1944880919464211,0.43852201219005094,-0.43104931385237927,-0.44751634352722236,-0.16907040426840003,-0.6456245288212396,-0.3303174598660074,-0.5043466479784757,1.9827632522357468
1.0026338578896283,0.20175423129250772,-0.16832809294605414,0.45479933812283213,-0.29271498948236874,-0.5076787368725186,-0.6386293704043322,-0.1400041313621071,-0.35062645700460693,-0.8371787100618959,-1.3278610462577245,0.4629942581898511,0.44051102323259766,-0.16907040426840003,-0.6456245288212396,-0.3303174598660074,-0.5043466479784757,1.9827632522357468
0.4285356636734127,-0.2816035990969911,-0.4418474309441879,0.13291919312601377,-0.36181923206276523,-0.6982486521430058,-0.3085822145732188,-0.16224066063139642,0.713420329475953,-0.8371787100618959,-0.4446695170338368,0.4629942581898511,-0.44751634352722236,-0.16907040426840003,-0.6456245288212396,-0.3303174598660074,-0.5043466479784757,1.9827632522357468
1.4045025938409792,-0.5232825142917406,-0.5042404272420602,0.28880733509756706,-0.6036840810941531,-0.5763678089547978,-0.40288140195353694,-0.16224066063139642,1.6428234036969773,1.1944880919464211,-1.3278610462577245,-1.3250928858946096,-1.3355437102870424,-1.5504797737410139,-0.6456245288212396,3.027390681696474,-0.5043466479784757,-0.5043466479784757
-1.0497671864333422,-0.5232825142917406,-0.5231385514861824,2.453920418035805,-0.7764446875451444,-0.7041958647788344,-1.0315426511556578,6.84009074654883,-0.8582002690317988,1.1944880919464211,1.3217135414139385,-0.43104931385237927,-1.3355437102870424,-0.16907040426840003,-0.6456245288212396,-0.3303174598660074,-0.5043466479784757,1.9827632522357468
-0.6191935407711806,0.20175423129250772,-0.4053280827427083,-0.03595962734316864,-0.5173037778686574,-0.9084493045578984,-0.8429442763950215,-0.11691359046146102,-0.7814835123317604,-0.8371787100618959,0.43852201219005094,1.3570378302320816,-0.44751634352722236,0.5216342804679068,-0.6456245288212396,-0.3303174598660074,1.9827632522357468,-0.5043466479784757
-0.633545995626586,-0.0399246839022417,0.6768266688579748,0.8733878674908911,0.6574683459980836,1.6427074983657952,0.6658427216900684,-0.15003338180073503,-0.6539650637743737,-0.8371787100618959,0.43852201219005094,0.4629942581898511,1.3285383899924177,0.8669866228360602,1.5488878680395983,-0.3303174598660074,-0.5043466479784757,-0.5043466479784757
-0.31779198880766746,-0.0399246839022417,0.2156394715707199,0.6718658036174093,-0.050850140450980845,0.6028747961246034,-0.19332765221949663,-0.14890916940494484,-0.5616460701434508,-0.8371787100618959,0.43852201219005094,0.4629942581898511,1.3285383899924177,0.8669866228360602,1.5488878680395983,-0.3303174598660074,-0.5043466479784757,-0.5043466479784757
-1.0928245509995584,1.8935066376557537,0.9893315967543113,-0.22449475535183547,0.07008228406471309,-0.26321374941676207,-0.8086536628021784,-0.1436021863698602,-0.8247468519097554,-0.8371787100618959,1.3217135414139385,1.3570378302320816,1.3285383899924177,1.557691307572367,1.5488878680395983,-0.3303174598660074,-0.5043466479784757,-0.5043466479784757
-0.8488328184576668,-0.5232825142917406,-0.5789573354504817,-1.587624003448906,-0.6382362023843514,-1.0817574968459698,-0.528613651793961,-0.16224066063139642,-0.5030042823721521,1.1944880919464211,1.3217135414139385,-0.43104931385237927,-1.3355437102870424,-0.16907040426840003,-0.6456245288212396,-0.3303174598660074,-0.5043466479784757,1.9827632522357468
0.7873470350585474,-0.5232825142917406,-0.38793305255043525,0.23786349785196165,-0.5000277172235583,0.21034231067267112,-0.02568465243226445,-0.16224066063139642,1.055112636174859,1.1944880919464211,-1.3278610462577245,-1.3250928858946096,-0.44751634352722236,-1.2051274313728604,-0.6456245288212396,-0.3303174598660074,-0.5043466479784757,-0.5043466479784757
-1.1789392801319907,8.660516263108738,13.787783433303808,0.16110028871917856,9.623743820804535,1.2536842416912122,-0.12240176769412918,-0.16070942988420306,-0.824712606249595,-0.8371787100618959,1.3217135414139385,1.3570378302320816,1.3285383899924177,1.557691307572367,1.5488878680395983,-0.3303174598660074,-0.5043466479784757,-0.5043466479784757
1.5336746875396277,-0.5232825142917406,-0.5079981623716829,0.07229602680374327,-0.7073404449647479,-0.6017853567344807,-0.7800781514748094,-0.16224066063139642,1.7658326341085835,1.1944880919464211,-1.3278610462577245,-1.3250928858946096,-1.3355437102870424,-1.5504797737410139,-0.6456245288212396,3.027390681696474,-0.5043466479784757,-0.5043466479784757
-1.0210622767225315,0.20175423129250772,-0.09598257098448194,-1.2609578190055928,1.1930262259961568,-0.3853413649135106,0.7129923153802274,-0.152257660172226,-0.779433358491567,-0.8371787100618959,1.3217135414139385,1.3570378302320816,0.44051102323259766,1.2123389652042138,1.5488878680395983,-0.3303174598660074,-0.5043466479784757,-0.5043466479784757
0.7155847607815204,-0.5232825142917406,-0.12056472564797527,0.31587124863429505,-0.2408868075470713,2.0188378510433953,0.9173072213709167,-0.16224066063139642,0.9867741748350779,1.1944880919464211,-1.3278610462577245,-1.3250928858946096,0.44051102323259766,-0.8597750890047069,-0.6456245288212396,-0.3303174598660074,-0.5043466479784757,-0.5043466479784757
-1.0928245509995584,0.20175423129250772,0.9042024787789543,0.2773111594359478,0.847505013094174,1.305986683362131,0.3986616907791671,-0.14753356174065432,-0.8186610138862769,-0.8371787100618959,1.3217135414139385,1.3570378302320816,1.3285383899924177,1.557691307572367,1.5488878680395983,-0.3303174598660074,-0.5043466479784757,-0.5043466479784757
-1.221996644698207,0.6851120616820066,0.5839704800044229,0.07457509320683567,0.17373864793530788,0.09559318720128686,-0.507658276820557,-0.1526214589666865,-0.8583642813390142,-0.8371787100618959,1.3217135414139385,1.3570378302320816,1.3285383899924177,1.557691307572367,1.5488878680395983,-0.3303174598660074,-0.5043466479784757,-0.5043466479784757
0.06972429228827803,-0.5232825142917406,-0.5268233208851328,-1.5069629278100303,-0.5000277172235583,-0.7291198679414362,-0.02568465243226445,-0.16224066063139642,0.37172802277704714,1.1944880919464211,-0.4446695170338368,-0.43104931385237927,-1.3355437102870424,-0.8597750890047069,-0.6456245288212396,-0.3303174598660074,-0.5043466479784757,-0.5043466479784757
1.3757976841301682,-0.5232825142917406,-0.4963163488910498,-0.43289702588184553,-0.6382362023843514,-0.522768863539777,-0.528613651793961,-0.16224066063139642,1.6154880191610648,1.1944880919464211,-1.3278610462577245,-1.3250928858946096,-1.3355437102870424,-1.5504797737410139,-0.6456245288212396,3.027390681696474,-0.5043466479784757,-0.5043466479784757
-1.0928245509995584,-0.2816035990969911,-0.2294660786763631,0.9383412599790385,-0.39637135335296353,0.02003150632615166,-0.37144833949343087,-0.11859158415566201,-0.841344136250616,-0.8371787100618959,1.3217135414139385,0.4629942581898511,0.44051102323259766,0.8669866228360602,1.5488878680395983,-0.3303174598660074,-0.5043466479784757,-0.5043466479784757
0.7873470350585474,-0.2816035990969911,-0.4254374381159906,-1.2451202389163034,0.191014708580407,-0.6427495599522223,0.6972757841501744,-0.16224066063139642,1.055112636174859,-0.8371787100618959,-1.3278610462577245,0.4629942581898511,-0.44751634352722236,-0.5144227466365535,-0.6456245288212396,-0.3303174598660074,-0.5043466479784757,1.9827632522357468
1.3327403195639522,-0.5232825142917406,-0.4639633439109579,0.866170823881097,-0.6900643843196488,-0.30393118032596295,-0.7172120265545973,-0.16224066063139642,1.574484942357196,1.1944880919464211,-1.3278610462577245,-1.3250928858946096,-1.3355437102870424,-1.5504797737410139,-0.6456245288212396,3.027390681696474,-0.5043466479784757,-0.5043466479784757
-1.2076441898428014,1.6518277224610043,1.5738235823046638,-0.6781789809984973,3.2143253214727556,0.23003474089421194,0.3640853220730504,-0.15672822994150037,-0.8507134858569514,-0.8371787100618959,1.3217135414139385,1.3570378302320816,1.3285383899924177,1.557691307572367,1.5488878680395983,-0.3303174598660074,-0.5043466479784757,-0.5043466479784757
0.31371602483016964,-0.5232825142917406,-0.40092095261010224,1.536324873361981,-0.4309234746431618,0.12249136883221343,0.22577984724858385,-0.16224066063139642,0.6040787913323031,1.1944880919464211,-0.4446695170338368,-1.3250928858946096,-0.44751634352722236,-0.8597750890047069,-0.6456245288212396,-0.3303174598660074,-0.5043466479784757,-0.5043466479784757
-0.23167725967523511,-0.5232825142917406,0.2416225682631211,-0.08407325140846264,0.3810513756764975,4.468694621311168,3.1804877184985516,-0.16224066063139642,0.08470648514996613,1.1944880919464211,-0.4446695170338368,-0.43104931385237927,1.3285383899924177,0.1762819380997534,-0.6456245288212396,-0.3303174598660074,1.9827632522357468,-0.5043466479784757
1.3901501389855737,-0.5232825142917406,0.04755561439404036,0.08555182118907986,0.052806223419613954,3.15601400326024,1.9860313450145222,-0.16224066063139642,1.6291557114290212,1.1944880919464211,-1.3278610462577245,-1.3250928858946096,0.44051102323259766,-0.8597750890047069,-0.6456245288212396,-0.3303174598660074,-0.5043466479784757,-0.5043466479784757
-1.1932917349873962,0.4434331464872571,0.05429764790815965,-1.0833503193760297,1.3312347111569498,-0.3534040927421847,0.45209789696134745,-0.15379350639671377,-0.8459680023052865,-0.8371787100618959,1.3217135414139385,1.3570378302320816,0.44051102323259766,1.2123389652042138,1.5488878680395983,-0.3303174598660074,-0.5043466479784757,-0.5043466479784757
-0.9780049121563152,0.20175423129250772,0.09815734861527116,0.6565799683637878,0.191014708580407,-0.05704782424650832,-0.19856649596284767,-0.1487087389097018,-0.7790787110263202,-0.8371787100618959,1.3217135414139385,1.3570378302320816,1.3285383899924177,1.557691307572367,1.5488878680395983,-0.3303174598660074,-0.5043466479784757,-0.5043466479784757
0.7299372156369258,-0.5232825142917406,-0.4285968542541006,-1.2187528856149838,0.10463440535491135,-0.06471010442669435,2.1746297197751585,-0.16224066063139642,1.0004418671030342,1.1944880919464211,-1.3278610462577245,-1.3250928858946096,-0.44751634352722236,-1.2051274313728604,-0.6456245288212396,-0.3303174598660074,-0.5043466479784757,-0.5043466479784757
0.31371602483016964,-0.2816035990969911,-0.2804764209893587,0.19175054172447348,-0.327267110772567,-0.15248701457458977,-0.24571608965300673,-0.12944695927501826,-0.6008271364660779,-0.8371787100618959,-0.4446695170338368,-0.43104931385237927,0.44051102323259766,-0.16907040426840003,-0.6456245288212396,-0.3303174598660074,-0.5043466479784757,1.9827632522357468
-0.08815271112118124,-0.5232825142917406,-0.5466335167626587,0.5486209050501555,-0.7073404449647479,-0.8631172314789881,-0.7800781514748094,-0.16224066063139642,0.2213834078295285,1.1944880919464211,-0.4446695170338368,-0.43104931385237927,-1.3355437102870424,-0.8597750890047069,-0.6456245288212396,-0.3303174598660074,-0.5043466479784757,-0.5043466479784757
1.6771992360936814,-0.0399246839022417,-0.0872777593152781,1.2964176544649773,-0.4309234746431618,-0.08010869647962851,-0.6543459016343852,-0.15074534180479424,0.1874212634061223,-0.8371787100618959,-1.3278610462577245,0.4629942581898511,0.44051102323259766,-0.16907040426840003,-0.6456245288212396,-0.3303174598660074,-0.5043466479784757,1.9827632522357468
-1.006709821867126,-0.0399246839022417,-0.40837805028480995,-0.8054525203333803,-0.2236107469019722,-0.804089295276074,-0.40288140195353694,-0.16146184499273775,-0.6738504357216051,-0.8371787100618959,1.3217135414139385,0.4629942581898511,-0.44751634352722236,0.5216342804679068,-0.6456245288212396,-0.3303174598660074,1.9827632522357468,-0.5043466479784757
1.3757976841301682,-0.5232825142917406,-0.5208036481046692,-0.31742432812513954,-0.7073404449647479,-0.6884024370322354,-0.7800781514748094,-0.16224066063139642,1.6154880191610648,1.1944880919464211,-1.3278610462577245,-1.3250928858946096,-1.3355437102870424,-1.5504797737410139,-0.6456245288212396,3.027390681696474,-0.5043466479784757,-0.5043466479784757
2.1364777914666537,-0.5232825142917406,-0.5953162522672083,3.3199656512111004,-0.7764446875451444,-1.1924101999955798,-1.0315426511556578,6.84009074654883,-0.8551660413483124,1.1944880919464211,-1.3278610462577245,-1.3250928858946096,-1.3355437102870424,-1.5504797737410139,-0.6456245288212396,3.027390681696474,-0.5043466479784757,-0.5043466479784757
-1.1789392801319907,-0.2816035990969911,-0.45002688935255114,0.20904001098931585,-0.46547559593336,-0.7259118279304083,-0.49718058933385506,-0.15951480589609102,-0.8288420660402287,-0.8371787100618959,1.3217135414139385,0.4629942581898511,-0.44751634352722236,0.5216342804679068,-0.6456245288212396,-0.3303174598660074,1.9827632522357468,-0.5043466479784757
0.06972429228827803,-0.5232825142917406,-0.49428060500529303,0.31045846592694937,-0.6209601417392523,-0.5089989687232108,-0.465747526873749,-0.16224066063139642,0.37172802277704714,1.1944880919464211,-0.4446695170338368,-0.43104931385237927,-1.3355437102870424,-0.8597750890047069,-0.6456245288212396,-0.3303174598660074,-0.5043466479784757,-0.5043466479784757
-0.7340131796144237,-0.5232825142917406,-0.5555353359046776,0.866170823881097,-0.6900643843196488,-0.9233296747628973,-0.7172120265545973,-0.16224066063139642,-0.39366274422850217,1.1944880919464211,0.43852201219005094,-0.43104931385237927,-1.3355437102870424,-0.5144227466365535,-0.6456245288212396,-0.3303174598660074,-0.5043466479784757,1.9827632522357468
-0.28908707909685666,0.20175423129250772,0.012743664290292375,-0.7808616284969196,0.43287955761179486,-0.2014836564353282,0.02146494125789461,-0.14754638002730608,-0.5714491070758863,-0.8371787100618959,0.43852201219005094,1.3570378302320816,0.44051102323259766,0.8669866228360602,1.5488878680395983,-0.3303174598660074,-0.5043466479784757,-0.5043466479784757
-0.23167725967523511,0.20175423129250772,0.15721581102142002,0.11368789456579785,0.20829076922550616,0.04282092901987715,-0.18284996473279463,-0.14382806403982396,-0.5983406543646863,-0.8371787100618959,-0.4446695170338368,1.3570378302320816,1.3285383899924177,0.8669866228360602,1.5488878680395983,-0.3303174598660074,-0.5043466479784757,-0.5043466479784757
-0.4469640825063159,0.4434331464872571,0.22644569628328548,-0.9236559913478462,1.4521671356726438,-0.12052012972623896,0.5401104718496442,-0.16005255955135536,-0.2958946551827184,-0.8371787100618959,0.43852201219005094,1.3570378302320816,1.3285383899924177,1.2123389652042138,1.5488878680395983,-0.3303174598660074,-0.5043466479784757,-0.5043466479784757
-0.9493000024455045,0.6851120616820066,0.03796791738370191,0.5211609342421583,-0.29271498948236874,-0.519939207735178,-0.7905558389615115,-0.1331518965274946,-0.8079397855931563,-0.8371787100618959,1.3217135414139385,1.3570378302320816,0.44051102323259766,1.2123389652042138,1.5488878680395983,-0.3303174598660074,-0.5043466479784757,-0.5043466479784757
-1.006709821867126,4.068616874408498,5.08484698337829,0.6031936183735302,0.41560349696669574,0.681376357768819,-0.8743773388551275,-0.15484548461294012,-0.7586023310796015,-0.8371787100618959,1.3217135414139385,1.3570378302320816,1.3285383899924177,1.557691307572367,1.5488878680395983,-0.3303174598660074,-0.5043466479784757,-0.5043466479784757
-0.7483656344698291,0.9267909768767559,0.9199922628964374,0.5554070803847383,0.5538119821274888,0.22918161377040014,-0.3939005269649352,-0.15112057869295403,-0.6839820099318633,-0.8371787100618959,0.43852201219005094,1.3570378302320816,1.3285383899924177,1.2123389652042138,1.5488878680395983,-0.3303174598660074,-0.5043466479784757,-0.5043466479784757
1.1318059515882768,-0.5232825142917406,-0.48322629680844154,-0.3773813058065061,-0.5691319598039548,-0.4342269592354058,-0.27714915211311275,-0.16224066063139642,1.3831372506058088,1.1944880919464211,-1.3278610462577245,-1.3250928858946096,-1.3355437102870424,-1.5504797737410139,-0.6456245288212396,3.027390681696474,-0.5043466479784757,-0.5043466479784757
-0.8344803636022614,1.6518277224610043,1.0879228920387052,0.28880733509756706,0.7784007705137775,-0.09863142595868658,-0.5223270393019399,-0.1497036283993298,-0.726030736085712,-0.8371787100618959,0.43852201219005094,1.3570378302320816,1.3285383899924177,1.2123389652042138,1.5488878680395983,-0.3303174598660074,-0.5043466479784757,-0.5043466479784757
-0.9780049121563152,2.135185552850503,0.8317693979405756,-0.42057524410902636,0.7611247098686784,-0.4336059155922451,-0.6229128391742792,-0.14977322667811438,-0.7747454206790106,-0.8371787100618959,1.3217135414139385,1.3570378302320816,1.3285383899924177,1.557691307572367,1.5488878680395983,-0.3303174598660074,-0.5043466479784757,-0.5043466479784757
-0.23167725967523511,0.4434331464872571,-0.09357470187229644,-0.657005222185979,0.018254102129415688,-0.5534475969375457,-0.5034672018258762,-0.14121263838761197,-0.6225965897167691,-0.8371787100618959,-0.4446695170338368,1.3570378302320816,0.44051102323259766,0.5216342804679068,-0.6456245288212396,-0.3303174598660074,1.9827632522357468,-0.5043466479784757
2.3804695240085456,-0.5232825142917406,-0.34003105036407905,-0.6223444206389414,-0.39637135335296353,0.5343543517864937,0.35151209708900805,-0.16224066063139642,2.5722264779180013,1.1944880919464211,-1.3278610462577245,-1.3250928858946096,-0.44751634352722236,-1.2051274313728604,-0.6456245288212396,-0.3303174598660074,-0.5043466479784757,-0.5043466479784757
-0.11685762083199201,-0.5232825142917406,-0.5514346618408952,-1.112148189156587,-0.5173037778686574,-0.8955924672829326,-0.08855077735247653,-0.16224066063139642,0.19404802329361603,1.1944880919464211,-0.4446695170338368,-0.43104931385237927,-1.3355437102870424,-0.8597750890047069,-0.6456245288212396,-0.3303174598660074,-0.5043466479784757,-0.5043466479784757
2.337412159442329,-0.5232825142917406,-0.4698662715223459,0.39706298924447897,-0.6209601417392523,-0.3438589398478339,-0.465747526873749,-0.16224066063139642,2.531223401114133,1.1944880919464211,-1.3278610462577245,-1.3250928858946096,-1.3355437102870424,-1.5504797737410139,-0.6456245288212396,3.027390681696474,-0.5043466479784757,-0.5043466479784757
-0.4182591727955052,-0.2816035990969911,-0.48249663950171867,0.48126183135874384,-0.6555122630294505,-0.8357255052309803,-0.8429442763950215,-0.051843543851528,-0.8126693101745038,-0.8371787100618959,0.43852201219005094,0.4629942581898511,-1.3355437102870424,-0.16907040426840003,-0.6456245288212396,-0.3303174598660074,-0.5043466479784757,1.9827632522357468
-1.15023437042118,2.135185552850503,0.7415910514026964,0.8425083858161985,-0.46547559593336,-0.4844368982798021,-0.9948707449522006,-0.14705375567755208,-0.836783714600136,-0.8371787100618959,1.3217135414139385,1.3570378302320816,1.3285383899924177,1.557691307572367,1.5488878680395983,-0.3303174598660074,-0.5043466479784757,-0.5043466479784757
-0.705308269903613,-0.0399246839022417,-0.4573234624197798,2.280711371400746,-0.7073404449647479,-0.9144458716554352,-0.9896319012088497,0.20224505826086758,-0.8490805658362516,-0.8371787100618959,0.43852201219005094,0.4629942581898511,-0.44751634352722236,0.1762819380997534,-0.6456245288212396,-0.3303174598660074,1.9827632522357468,-0.5043466479784757
1.1318059515882768,-0.2816035990969911,-0.43368256568195895,1.8353166800534513,-0.6727883236745497,-0.6706348308173112,-0.8743773388551275,-0.1061659346479712,-0.6093085555673673,-0.8371787100618959,-1.3278610462577245,-0.43104931385237927,-0.44751634352722236,-0.8597750890047069,-0.6456245288212396,-0.3303174598660074,-0.5043466479784757,-0.5043466479784757
-0.8918901830238829,0.4434331464872571,2.200752436814018,0.3333569870098764,2.7133195627648807,2.5503459200705056,1.4579558956847407,-0.15835945542386595,-0.6560388154787897,-0.8371787100618959,1.3217135414139385,1.3570378302320816,1.3285383899924177,1.557691307572367,1.5488878680395983,-0.3303174598660074,-0.5043466479784757,-0.5043466479784757
0.0984292019990888,-0.0399246839022417,-0.1865038564565207,-0.41167042702950996,-0.20633468625687304,-0.30383247140254666,-0.38192602698013284,-0.14694755354500774,-0.4631727220483939,-0.8371787100618959,-0.4446695170338368,0.4629942581898511,0.44051102323259766,0.1762819380997534,-0.6456245288212396,-0.3303174598660074,1.9827632522357468,-0.5043466479784757
0.7299372156369258,-0.5232825142917406,-0.5052473543253377,-1.2618817648446845,-0.15450650432157564,-0.5831787246705187,1.2316378459719772,-0.16224066063139642,1.0004418671030342,1.1944880919464211,-1.3278610462577245,-1.3250928858946096,-1.3355437102870424,-1.5504797737410139,-0.6456245288212396,3.027390681696474,-0.5043466479784757,-0.5043466479784757
-0.08815271112118124,-0.2816035990969911,-0.4432191866808268,-0.006435358030374414,-0.6209601417392523,-0.7028879715435693,-0.7800781514748094,-0.1201846161438275,-0.7041146114577939,-0.8371787100618959,-0.4446695170338368,0.4629942581898511,-0.44751634352722236,-0.16907040426840003,-0.6456245288212396,-0.3303174598660074,-0.5043466479784757,1.9827632522357468
-1.0354147315779367,0.4434331464872571,0.7180085272494134,0.7108209021109523,0.3810513756764975,0.5444720164366588,-0.23942947716098553,-0.15091787942320478,-0.7904278109482906,-0.8371787100618959,1.3217135414139385,1.3570378302320816,1.3285383899924177,1.557691307572367,1.5488878680395983,-0.3303174598660074,-0.5043466479784757,-0.5043466479784757
-0.9062426378792884,0.6851120616820066,0.5841237080388346,-0.4925868602485639,0.968437437609868,0.09576592781726513,-0.02568465243226445,-0.15093013351542145,-0.7433179672922174,-0.8371787100618959,1.3217135414139385,1.3570378302320816,1.3285383899924177,1.557691307572367,1.5488878680395983,-0.3303174598660074,-0.5043466479784757,-0.5043466479784757
-1.0210622767225315,-0.2816035990969911,-0.2534863972136799,-0.34526149633434555,-0.3445431714176661,-0.061205937645417624,-0.27714915211311275,-0.15860618765098922,-0.7323548257954178,-0.8371787100618959,1.3217135414139385,0.4629942581898511,0.44051102323259766,0.8669866228360602,1.5488878680395983,-0.3303174598660074,-0.5043466479784757,-0.5043466479784757
0.7586421253477367,-0.5232825142917406,-0.41511278722586203,-0.450939634906331,-0.5864080204490539,0.026496940809915687,-0.34001527703332485,-0.16224066063139642,1.0277772516389465,1.1944880919464211,-1.3278610462577245,-1.3250928858946096,-0.44751634352722236,-1.2051274313728604,-0.6456245288212396,-0.3303174598660074,-0.5043466479784757,-0.5043466479784757
-0.7196607247590183,-0.5232825142917406,-0.5918357869141403,-1.2267718229591995,-0.7764446875451444,-1.1688681217608057,-1.0315426511556578,6.84009074654883,-0.8578859121096358,1.1944880919464211,0.43852201219005094,-0.43104931385237927,-1.3355437102870424,-0.5144227466365535,-0.6456245288212396,-0.3303174598660074,-0.5043466479784757,1.9827632522357468
-0.28908707909685666,0.6851120616820066,1.823439346934556,1.2442064415369798,1.0202656195451654,1.492900255594408,0.005748410027841591,-0.15253973303626386,-0.4857132757110128,-0.8371787100618959,0.43852201219005094,1.3570378302320816,1.3285383899924177,1.2123389652042138,1.5488878680395983,-0.3303174598660074,-0.5043466479784757,-0.5043466479784757
1.0887485870220606,-0.5232825142917406,-0.5203293708552993,-0.512284505589581,-0.6382362023843514,-0.6851943970212074,-0.528613651793961,-0.16224066063139642,1.3421341738019401,1.1944880919464211,-1.3278610462577245,-1.3250928858946096,-1.3355437102870424,-1.5504797737410139,-0.6456245288212396,3.027390681696474,-0.5043466479784757,-0.5043466479784757
-0.4182591727955052,0.4434331464872571,0.023907421083152282,-0.031795948337518004,-0.13723044367647652,-0.39451635934505047,-0.616626226682258,-0.13722693482506457,-0.690832396715482,-0.8371787100618959,0.43852201219005094,1.3570378302320816,0.44051102323259766,0.8669866228360602,1.5488878680395983,-0.3303174598660074,-0.5043466479784757,-0.5043466479784757
0.0984292019990888,-0.5232825142917406,-0.4537919210552412,-0.2524709356369924,-0.5864080204490539,-0.23513106070484052,-0.34001527703332485,-0.16224066063139642,0.3990634073129596,1.1944880919464211,-0.4446695170338368,-1.3250928858946096,-0.44751634352722236,-0.8597750890047069,-0.6456245288212396,-0.3303174598660074,-0.5043466479784757,-0.5043466479784757
-0.7340131796144237,-0.0399246839022417,-0.1348368225674746,1.1885321051185684,-0.06812620109607997,-0.18733949028414212,-0.21428302719290068,-0.12910559527755425,-0.7772259177165439,-0.8371787100618959,0.43852201219005094,0.4629942581898511,0.44051102323259766,0.5216342804679068,-0.6456245288212396,-0.3303174598660074,1.9827632522357468,-0.5043466479784757
0.15583902142071035,-0.0399246839022417,-0.09348714299548969,0.2578771481984495,-0.20633468625687304,-0.09410891211749894,-0.38192602698013284,-0.13642577153536833,-0.5781765898459115,-0.8371787100618959,-0.4446695170338368,0.4629942581898511,0.44051102323259766,0.1762819380997534,-0.6456245288212396,-0.3303174598660074,1.9827632522357468,-0.5043466479784757
1.3327403195639522,-0.5232825142917406,-0.20307437389219704,-1.1365587778367732,0.191014708580407,1.4607375980479484,2.4889603443762187,-0.16224066063139642,1.574484942357196,1.1944880919464211,-1.3278610462577245,-1.3250928858946096,0.44051102323259766,-0.8597750890047069,-0.6456245288212396,-0.3303174598660074,-0.5043466479784757,-0.5043466479784757
0.3998307539626019,-0.5232825142917406,-0.3729167051780786,1.0958040296472742,-0.41364741399806265,0.31191379286798665,0.28864597216879595,-0.16224066063139642,0.6860849449400406,1.1944880919464211,-0.4446695170338368,-1.3250928858946096,-0.44751634352722236,-0.8597750890047069,-0.6456245288212396,-0.3303174598660074,-0.5043466479784757,-0.5043466479784757
-1.0928245509995584,1.410148807266255,4.023808514234166,-0.6128948049332391,6.254911995010203,2.2349281358887905,1.755522220307078,-0.16073047577485916,-0.757159865609172,-0.8371787100618959,1.3217135414139385,1.3570378302320816,1.3285383899924177,1.557691307572367,1.5488878680395983,-0.3303174598660074,-0.5043466479784757,-0.5043466479784757
1.43320750355179,-0.2816035990969911,-0.029649425230306097,-0.01533950274375692,-0.08540226174117911,0.6958174732646158,0.19434678478847783,-0.15813763190090188,0.7365502702371097,-0.8371787100618959,-1.3278610462577245,-0.43104931385237927,0.44051102323259766,-0.5144227466365535,-0.6456245288212396,-0.3303174598660074,-0.5043466479784757,1.9827632522357468
0.0984292019990888,-0.5232825142917406,-0.5433062794440024,3.3199656512111004,-0.7764446875451444,-0.8406115969400844,-1.0315426511556578,6.84009074654883,-0.8571068536503623,1.1944880919464211,-0.4446695170338368,-1.3250928858946096,-1.3355437102870424,-1.2051274313728604,-0.6456245288212396,-0.3303174598660074,-0.5043466479784757,-0.5043466479784757
0.7873470350585474,-0.0399246839022417,0.5749811019855972,1.8084716121787452,-0.01629801916078258,1.4130776395251385,-0.1514169022726886,-0.14903074922183954,-0.19502561660087156,-0.8371787100618959,-1.3278610462577245,0.4629942581898511,1.3285383899924177,0.1762819380997534,-0.6456245288212396,-0.3303174598660074,1.9827632522357468,-0.5043466479784757
0.6007651219382774,-0.5232825142917406,-0.39603224865505904,-0.9525241657870227,-0.5345798385137566,0.1555588581766553,-0.1514169022726886,-0.16224066063139642,0.877432636691428,1.1944880919464211,-0.4446695170338368,-1.3250928858946096,-0.44751634352722236,-0.8597750890047069,-0.6456245288212396,-0.3303174598660074,-0.5043466479784757,-0.5043466479784757
1.6341418715274654,-0.2816035990969911,-0.3644818667123623,-1.2847114688406454,0.32922319374120007,-0.4365959733973956,0.9487402838310227,-0.16224066063139642,1.861506479984277,-0.8371787100618959,-1.3278610462577245,-0.43104931385237927,-0.44751634352722236,-0.8597750890047069,-0.6456245288212396,-0.3303174598660074,-0.5043466479784757,-0.5043466479784757
-0.8344803636022614,1.8935066376557537,-0.06673790613102942,0.6801931616287102,-0.20633468625687304,-0.9126062962644963,-0.9000952990497598,-0.13695205871730268,-0.7782774206880536,-0.8371787100618959,0.43852201219005094,1.3570378302320816,0.44051102323259766,0.8669866228360602,1.5488878680395983,-0.3303174598660074,-0.5043466479784757,-0.5043466479784757
0.2563062054085481,-0.5232825142917406,-0.5125585205387008,0.14446646290168466,-0.6382362023843514,-0.6326318953020572,-0.528613651793961,-0.16224066063139642,0.5494080222604782,1.1944880919464211,-0.4446695170338368,-1.3250928858946096,-1.3355437102870424,-1.2051274313728604,-0.6456245288212396,-0.3303174598660074,-0.5043466479784757,-0.5043466479784757
-1.0497671864333422,-0.0399246839022417,0.13078032679885054,0.26215978946140384,0.17373864793530788,0.4115439995694495,0.07909222243475576,-0.15282185900136797,-0.7883856969270784,-0.8371787100618959,1.3217135414139385,0.4629942581898511,1.3285383899924177,1.2123389652042138,1.5488878680395983,-0.3303174598660074,-0.5043466479784757,-0.5043466479784757
-0.5904886310603699,-0.0399246839022417,0.013954895419452393,-1.2039103804685474,1.6594798634138332,0.14813923743320093,1.881254470147502,-0.15312851765908983,-0.5968953857781123,-0.8371787100618959,0.43852201219005094,0.4629942581898511,0.44051102323259766,0.5216342804679068,-0.6456245288212396,-0.3303174598660074,1.9827632522357468,-0.5043466479784757
1.3327403195639522,-0.5232825142917406,-0.47501765210780933,-1.1305445748286111,-0.6382362023843514,-0.3787031898137682,-0.528613651793961,-0.16224066063139642,1.574484942357196,1.1944880919464211,-1.3278610462577245,-1.3250928858946096,-1.3355437102870424,-1.5504797737410139,-0.6456245288212396,3.027390681696474,-0.5043466479784757,-0.5043466479784757
1.0887485870220606,-0.5232825142917406,-0.4735948203596998,-1.4572516027558506,-0.25816286819217044,-0.3690790697806843,0.8544410964507047,-0.16224066063139642,1.3421341738019401,1.1944880919464211,-1.3278610462577245,-1.3250928858946096,-1.3355437102870424,-1.5504797737410139,-0.6456245288212396,3.027390681696474,-0.5043466479784757,-0.5043466479784757
0.6007651219382774,-0.5232825142917406,-0.4463786028189368,0.07229602680374327,-0.724616505609847,-0.1849869276093883,-0.8429442763950215,-0.16224066063139642,0.877432636691428,1.1944880919464211,-0.4446695170338368,-1.3250928858946096,-0.44751634352722236,-0.8597750890047069,-0.6456245288212396,-0.3303174598660074,-0.5043466479784757,-0.5043466479784757
-0.9923573670117206,-0.5232825142917406,0.0390624033437862,0.14847593157379224,0.1391865266451096,3.0985654098319864,2.3003619696155826,-0.16224066063139642,-0.6396812050517144,1.1944880919464211,1.3217135414139385,-0.43104931385237927,0.44051102323259766,0.5216342804679068,-0.6456245288212396,-0.3303174598660074,1.9827632522357468,-0.5043466479784757
2.323059704586924,-0.5232825142917406,-0.3978199090565301,0.23183067502024493,-0.46547559593336,0.1434670150581654,0.1000475974081597,-0.16224066063139642,2.5175557088461766,1.1944880919464211,-1.3278610462577245,-1.3250928858946096,-0.44751634352722236,-1.2051274313728604,-0.6456245288212396,-0.3303174598660074,-0.5043466479784757,-0.5043466479784757
1.1318059515882768,-0.5232825142917406,-0.3555435647050072,-0.2289370977789681,-0.39637135335296353,0.4294267661950258,0.35151209708900805,-0.16224066063139642,1.3831372506058088,1.1944880919464211,-1.3278610462577245,-1.3250928858946096,-0.44751634352722236,-1.2051274313728604,-0.6456245288212396,-0.3303174598660074,-0.5043466479784757,-0.5043466479784757
-0.9493000024455045,2.135185552850503,1.7863508660338328,-0.917701930369766,3.9744719898571175,0.1044646516933219,0.35151209708900805,-0.15848126484178082,-0.6893352844656435,-0.8371787100618959,1.3217135414139385,1.3570378302320816,1.3285383899924177,1.557691307572367,1.5488878680395983,-0.3303174598660074,-0.5043466479784757,-0.5043466479784757
1.2753305001423305,-0.5232825142917406,-0.5227226468213504,-1.122846394978164,-0.36181923206276523,-0.7013826604614716,0.4772443469294322,-0.16224066063139642,1.5198141732853712,1.1944880919464211,-1.3278610462577245,-1.3250928858946096,-1.3355437102870424,-1.5504797737410139,-0.6456245288212396,3.027390681696474,-0.5043466479784757,-0.5043466479784757
0.5577077573720612,-0.5232825142917406,-0.2024541651814826,1.356929789347098,-0.5345798385137566,1.464932727293139,-0.1514169022726886,-0.16224066063139642,0.8364295598875592,1.1944880919464211,-0.4446695170338368,-1.3250928858946096,0.44051102323259766,-0.5144227466365535,-0.6456245288212396,-0.3303174598660074,-0.5043466479784757,1.9827632522357468
-1.006709821867126,0.20175423129250772,0.2723265477300194,0.15041866381697877,0.5883641034176871,0.23747492599671133,0.16291372232837179,-0.14500936462607306,-0.7990827245141439,-0.8371787100618959,1.3217135414139385,0.4629942581898511,1.3285383899924177,1.2123389652042138,1.5488878680395983,-0.3303174598660074,-0.5043466479784757,-0.5043466479784757
0.2563062054085481,-0.5232825142917406,-0.005300760904964042,1.6420030119339657,-0.3790952927078644,2.798490282646603,0.4143782220092201,-0.16224066063139642,0.5494080222604782,1.1944880919464211,-0.4446695170338368,-1.3250928858946096,0.44051102323259766,-0.5144227466365535,-0.6456245288212396,-0.3303174598660074,-0.5043466479784757,1.9827632522357468
-0.00203798198874891,-0.2816035990969911,0.14836506789087156,0.2251275385405599,0.2773950118059027,1.297867874411145,0.8544410964507047,-0.15167434099645996,-0.39504578451752154,-0.8371787100618959,-0.4446695170338368,-0.43104931385237927,1.3285383899924177,0.1762819380997534,-0.6456245288212396,-0.3303174598660074,1.9827632522357468,-0.5043466479784757
-0.8775377281684775,-0.2816035990969911,-0.343285321952063,0.8442059085469411,-0.39637135335296353,-0.364908617766348,-0.37144833949343087,-0.16224066063139642,-0.5303396669080646,-0.8371787100618959,1.3217135414139385,0.4629942581898511,-0.44751634352722236,0.5216342804679068,-0.6456245288212396,-0.3303174598660074,1.9827632522357468,-0.5043466479784757
-0.10250516597658663,-0.0399246839022417,0.09815734861527116,0.34578399517488917,-0.01629801916078258,0.3379894001371114,-0.1514169022726886,-0.1459689767522775,-0.5373939596915259,-0.8371787100618959,-0.4446695170338368,0.4629942581898511,1.3285383899924177,0.5216342804679068,-0.6456245288212396,-0.3303174598660074,1.9827632522357468,-0.5043466479784757
-0.9349475475900991,-0.2816035990969911,-0.1762959507354678,0.30736544723703724,-0.20633468625687304,0.19985448755969515,-0.02568465243226445,-0.14945892162046862,-0.7615514611076576,-0.8371787100618959,1.3217135414139385,0.4629942581898511,0.44051102323259766,0.8669866228360602,1.5488878680395983,-0.3303174598660074,-0.5043466479784757,-0.5043466479784757
-1.1932917349873962,-0.5232825142917406,-0.36209588731937853,1.503676342746245,-0.4827516565784592,0.3851064595811319,0.03718147248794763,-0.16224066063139642,-0.8310288968031018,1.1944880919464211,1.3217135414139385,-0.43104931385237927,-0.44751634352722236,0.1762819380997534,-0.6456245288212396,-0.3303174598660074,1.9827632522357468,-0.5043466479784757
2.3948219788639507,-0.5232825142917406,-0.5440067504584564,-0.8370514680303167,-0.7073404449647479,-0.8453496252640641,-0.7800781514748094,-0.16224066063139642,2.585894170185958,1.1944880919464211,-1.3278610462577245,-1.3250928858946096,-1.3355437102870424,-1.5504797737410139,-0.6456245288212396,3.027390681696474,-0.5043466479784757,-0.5043466479784757
-0.11685762083199201,-0.5232825142917406,-0.47951234111722224,-0.5170958679961104,-0.4827516565784592,-0.4091055382259715,0.03718147248794763,-0.16224066063139642,0.19404802329361603,1.1944880919464211,-0.4446695170338368,-0.43104931385237927,-1.3355437102870424,-0.8597750890047069,-0.6456245288212396,-0.3303174598660074,-0.5043466479784757,-0.5043466479784757
-0.8918901830238829,0.6851120616820066,-0.23878380248321412,-0.38478340181655135,-0.08540226174117911,-0.8319334374230729,-0.6648235891210873,-0.13433554935190886,-0.7952547477229588,-0.8371787100618959,1.3217135414139385,1.3570378302320816,0.44051102323259766,1.2123389652042138,1.5488878680395983,-0.3303174598660074,-0.5043466479784757,-0.5043466479784757
-0.40390671794009975,-0.2816035990969911,-0.08683266835817714,1.3668532243105647,-0.01629801916078258,0.5024220150613387,0.32007903462890197,-0.1571700737073633,-0.40631801484698016,-0.8371787100618959,0.43852201219005094,0.4629942581898511,0.44051102323259766,0.5216342804679068,-0.6456245288212396,-0.3303174598660074,1.9827632522357468,-0.5043466479784757
-1.0928245509995584,-0.5232825142917406,-0.41067647080098696,-0.4473311131014339,-0.5345798385137566,0.05650445352845394,-0.1514169022726886,-0.16224066063139642,-0.7353550509274082,1.1944880919464211,1.3217135414139385,-0.43104931385237927,-0.44751634352722236,0.1762819380997534,-0.6456245288212396,-0.3303174598660074,1.9827632522357468,-0.5043466479784757
-1.0497671864333422,0.6851120616820066,0.5778048757626145,0.7523635977266513,0.22556682987060528,0.08864243384405951,-0.47622521436045095,-0.1405754255923458,-0.8182723840196761,-0.8371787100618959,1.3217135414139385,1.3570378302320816,1.3285383899924177,1.557691307572367,1.5488878680395983,-0.3303174598660074,-0.5043466479784757,-0.5043466479784757
0.8734617641909798,0.20175423129250772,-0.27668220299439983,1.6480172149421277,-0.5000277172235583,-0.6909071759639226,-0.8272277451649684,-0.1251323860835415,-0.5413249148991321,-0.8371787100618959,-1.3278610462577245,1.3570378302320816,0.44051102323259766,0.1762819380997534,-0.6456245288212396,-0.3303174598660074,1.9827632522357468,-0.5043466479784757
2.222592520599086,-0.5232825142917406,-0.4935874305639063,0.28880733509756706,-0.724616505609847,-0.5043102948609393,-0.8429442763950215,-0.16224066063139642,2.421881862970483,1.1944880919464211,-1.3278610462577245,-1.3250928858946096,-1.3355437102870424,-1.5504797737410139,-0.6456245288212396,3.027390681696474,-0.5043466479784757,-0.5043466479784757
2.193887610888275,-0.5232825142917406,-0.5043133929727325,-1.5572364514076673,-0.15450650432157564,-0.576861353571879,1.2316378459719772,-0.16224066063139642,2.3945464784345702,1.1944880919464211,-1.3278610462577245,-1.3250928858946096,-1.3355437102870424,-1.5504797737410139,-0.6456245288212396,3.027390681696474,-0.5043466479784757,-0.5043466479784757
0.8878142190463851,-0.2816035990969911,-0.4682318391552867,-1.3628646453153175,-0.25816286819217044,-0.7874815189112908,-0.11998383981258257,-0.14100648130679053,-0.35974292400145746,-0.8371787100618959,-1.3278610462577245,-0.43104931385237927,-1.3355437102870424,-1.2051274313728604,-0.6456245288212396,-0.3303174598660074,-0.5043466479784757,-0.5043466479784757
-1.1358819155657744,2.3768644680452526,1.0350300338743645,-0.6474115236907461,1.7804122879295272,-0.39004332651547285,-0.37386626737497747,-0.155565098014322,-0.8163611294911488,-0.8371787100618959,1.3217135414139385,1.3570378302320816,1.3285383899924177,1.557691307572367,1.5488878680395983,-0.3303174598660074,-0.5043466479784757,-0.5043466479784757
0.6725273962153043,-0.0399246839022417,-0.2824902751559138,0.40909139526080246,-0.3790952927078644,-0.5202517859926628,-0.5914797767141732,-0.13339452755338443,-0.5056761620636322,-0.8371787100618959,-1.3278610462577245,0.4629942581898511,0.44051102323259766,-0.16907040426840003,-0.6456245288212396,-0.3303174598660074,-0.5043466479784757,1.9827632522357468
-0.375201808229289,-0.2816035990969911,-0.46155547479877246,0.9580241061875681,-0.6209601417392523,-0.7649018526798249,-0.7800781514748094,-0.10406313242359275,-0.7716552658756359,-0.8371787100618959,0.43852201219005094,0.4629942581898511,-0.44751634352722236,0.1762819380997534,-0.6456245288212396,-0.3303174598660074,1.9827632522357468,-0.5043466479784757
-1.0354147315779367,0.20175423129250772,0.26502997466279077,-0.19264544255580432,0.43287955761179486,0.22513631056968078,0.02146494125789461,-0.1466331952326764,-0.8032981657966286,-0.8371787100618959,1.3217135414139385,1.3570378302320816,1.3285383899924177,1.557691307572367,1.5488878680395983,-0.3303174598660074,-0.5043466479784757,-0.5043466479784757
0.7586421253477367,-0.5232825142917406,-0.518979504837862,0.5362488302905084,-0.6727883236745497,-0.6760638216052048,-0.6543459016343852,-0.16224066063139642,1.0277772516389465,1.1944880919464211,-1.3278610462577245,-1.3250928858946096,-1.3355437102870424,-1.5504797737410139,-0.6456245288212396,3.027390681696474,-0.5043466479784757,-0.5043466479784757
-0.31779198880766746,-0.0399246839022417,-0.4438466919646085,-0.8099875544935887,-0.10267832238627825,-0.884059974730468,-0.2561937771397087,-0.14588553221956407,-0.6000448974746414,-0.8371787100618959,0.43852201219005094,0.4629942581898511,-0.44751634352722236,0.1762819380997534,-0.6456245288212396,-0.3303174598660074,1.9827632522357468,-0.5043466479784757
1.5336746875396277,-0.5232825142917406,-0.46257699502818445,3.3199656512111004,-0.7591686269000453,-0.2945538326014197,-0.9686765262354456,-0.16224066063139642,1.7658326341085835,1.1944880919464211,-1.3278610462577245,-1.3250928858946096,-0.44751634352722236,-1.2051274313728604,-0.6456245288212396,-0.3303174598660074,-0.5043466479784757,-0.5043466479784757
0.3998307539626019,-0.0399246839022417,0.3827966639678613,-0.946291264487655,1.9013447124452212,0.979761917215061,2.1746297197751585,-0.15691356166297102,0.019163688137721426,-0.8371787100618959,-0.4446695170338368,0.4629942581898511,1.3285383899924177,0.5216342804679068,-0.6456245288212396,-0.3303174598660074,1.9827632522357468,-0.5043466479784757
-0.9923573670117206,-0.2816035990969911,-0.41306974676703806,0.7353619084535786,-0.5173037778686574,-0.6009216536545887,-0.5914797767141732,-0.13046498257412215,-0.8188432434557673,-0.8371787100618959,1.3217135414139385,0.4629942581898511,-0.44751634352722236,0.5216342804679068,-0.6456245288212396,-0.3303174598660074,1.9827632522357468,-0.5043466479784757
-0.17426744025361357,0.20175423129250772,0.0013391205862139763,-0.9436416505749684,0.7265725885784802,-0.22076891234777696,0.28864597216879595,-0.15073989765664053,-0.4805430380935622,-0.8371787100618959,-0.4446695170338368,1.3570378302320816,0.44051102323259766,0.5216342804679068,-0.6456245288212396,-0.3303174598660074,1.9827632522357468,-0.5043466479784757
-0.9062426378792884,-0.5232825142917406,-0.27046552274112096,-0.043692174067948224,-0.30999105012746786,1.0048997897117316,0.6658427216900684,-0.16224066063139642,-0.557675051443977,1.1944880919464211,1.3217135414139385,-0.43104931385237927,0.44051102323259766,0.5216342804679068,-0.6456245288212396,-0.3303174598660074,1.9827632522357468,-0.5043466479784757
2.36611706915314,-0.5232825142917406,-0.5977460110985955,-1.6597944395468471,-0.7764446875451444,-1.2088452357443846,-1.0315426511556578,6.84009074654883,-0.8549473582720252,1.1944880919464211,-1.3278610462577245,-1.3250928858946096,-1.3355437102870424,-1.5504797737410139,-0.6456245288212396,3.027390681696474,-0.5043466479784757,-0.5043466479784757
0.8734617641909798,-0.5232825142917406,-0.3217166519653351,1.4008881458794802,-0.41364741399806265,0.6582340506738806,0.28864597216879595,-0.16224066063139642,1.1371187897825965,1.1944880919464211,-1.3278610462577245,-1.3250928858946096,-0.44751634352722236,-1.2051274313728604,-0.6456245288212396,-0.3303174598660074,-0.5043466479784757,-0.5043466479784757
-0.5187263567833429,0.4434331464872571,0.08354231276161217,0.06456348007896368,-0.01629801916078258,-0.3138415562369538,-0.528613651793961,-0.15191781334808405,-0.587522879411499,-0.8371787100618959,0.43852201219005094,1.3570378302320816,1.3285383899924177,1.2123389652042138,1.5488878680395983,-0.3303174598660074,-0.5043466479784757,-0.5043466479784757
-0.30343953395226203,-0.2816035990969911,-0.34787486641134985,0.5486209050501555,-0.5864080204490539,-0.38043059597355244,-0.7172120265545973,-0.1457186431541372,-0.5978057223584018,-0.8371787100618959,0.43852201219005094,0.4629942581898511,-0.44751634352722236,0.1762819380997534,-0.6456245288212396,-0.3303174598660074,1.9827632522357468,-0.5043466479784757
-0.8918901830238829,1.1684698920715055,0.25581440287888085,0.25591954143268225,0.03553016277451482,-0.516303429056013,-0.7172120265545973,-0.1476827990780072,-0.7561982816360414,-0.8371787100618959,1.3217135414139385,1.3570378302320816,1.3285383899924177,1.557691307572367,1.5488878680395983,-0.3303174598660074,-0.5043466479784757,-0.5043466479784757
0.4715930282396289,-0.0399246839022417,0.1736987695802895,-0.7504469447127872,0.32922319374120007,0.5083116474918412,0.267690597195392,-0.15532604070438621,-0.04648476512272944,-0.8371787100618959,-0.4446695170338368,0.4629942581898511,1.3285383899924177,0.5216342804679068,-0.6456245288212396,-0.3303174598660074,1.9827632522357468,-0.5043466479784757
-0.1312100756873974,-0.0399246839022417,0.059230131301606224,1.2721295269320168,-0.10267832238627825,0.25022071573283383,-0.2561937771397087,-0.14210744784479426,-0.5901170462778073,-0.8371787100618959,-0.4446695170338368,0.4629942581898511,0.44051102323259766,0.1762819380997534,-0.6456245288212396,-0.3303174598660074,1.9827632522357468,-0.5043466479784757
2.323059704586924,-0.5232825142917406,-0.4812343323610881,-0.2607982936482933,-0.5691319598039548,-0.42075319118908827,-0.27714915211311275,-0.16224066063139642,2.5175557088461766,1.1944880919464211,-1.3278610462577245,-1.3250928858946096,-1.3355437102870424,-1.5504797737410139,-0.6456245288212396,3.027390681696474,-0.5043466479784757,-0.5043466479784757
0.8878142190463851,0.20175423129250772,-0.07565431841918288,-1.0902031515738646,0.1391865266451096,-0.3509659823338035,-0.24571608965300673,-0.15205521235706332,-0.039347409638808624,-0.8371787100618959,-1.3278610462577245,1.3570378302320816,0.44051102323259766,0.1762819380997534,-0.6456245288212396,-0.3303174598660074,1.9827632522357468,-0.5043466479784757
-1.0497671864333422,-0.0399246839022417,-0.22951715468783368,-1.4254527882170613,1.7631362272844282,-0.4008139886590069,2.006986719987926,-0.15962771112181373,-0.7388897989277416,-0.8371787100618959,1.3217135414139385,0.4629942581898511,0.44051102323259766,0.8669866228360602,1.5488878680395983,-0.3303174598660074,-0.5043466479784757,-0.5043466479784757
-0.8775377281684775,-0.0399246839022417,-0.07336319447607309,1.5778048914514948,-0.08540226174117911,-0.04873571032049885,-0.23523840216630476,-0.13587218829395242,-0.7894791123085149,-0.8371787100618959,1.3217135414139385,0.4629942581898511,0.44051102323259766,0.8669866228360602,1.5488878680395983,-0.3303174598660074,-0.5043466479784757,-0.5043466479784757
-0.08815271112118124,0.4434331464872571,-0.12087847828986616,0.1857067121005081,-0.5345798385137566,-0.5903844760799045,-0.9058104013152335,-0.10511453353578197,-0.740359069408026,-0.8371787100618959,-0.4446695170338368,1.3570378302320816,0.44051102323259766,0.5216342804679068,-0.6456245288212396,-0.3303174598660074,1.9827632522357468,-0.5043466479784757
-0.8918901830238829,0.20175423129250772,0.18409638620109034,0.10195511013166464,0.36377531503139837,0.08827638825305766,-0.041401183662317466,-0.14062852665861797,-0.7813789126460363,-0.8371787100618959,1.3217135414139385,1.3570378302320816,1.3285383899924177,1.557691307572367,1.5488878680395983,-0.3303174598660074,-0.5043466479784757,-0.5043466479784757
2.3804695240085456,-0.5232825142917406,-0.39989213580762295,0.1399558106455632,-0.5173037778686574,0.1294503479330588,-0.08855077735247653,-0.16224066063139642,2.5722264779180013,1.1944880919464211,-1.3278610462577245,-1.3250928858946096,-0.44751634352722236,-1.2051274313728604,-0.6456245288212396,-0.3303174598660074,-0.5043466479784757,-0.5043466479784757
0.06972429228827803,-0.5232825142917406,-0.42842903307355434,-0.23081980480761013,-0.5345798385137566,-0.06357495180740744,-0.1514169022726886,-0.16224066063139642,0.37172802277704714,1.1944880919464211,-0.4446695170338368,-0.43104931385237927,-0.44751634352722236,-0.5144227466365535,-0.6456245288212396,-0.3303174598660074,-0.5043466479784757,1.9827632522357468
-0.6191935407711806,0.4434331464872571,0.2083720847957601,-1.274083553290072,2.350522289217799,-0.14497033005644278,1.1939181710198499,-0.1569250267556442,-0.5319000376955269,-0.8371787100618959,0.43852201219005094,1.3570378302320816,1.3285383899924177,1.2123389652042138,1.5488878680395983,-0.3303174598660074,-0.5043466479784757,-0.5043466479784757
-0.8344803636022614,2.618543383240002,3.5115234157571087,0.46531111903274947,1.5212713782530403,0.7456020238533371,-0.49269015183955417,-0.15665867654486454,-0.6529338864208462,-0.8371787100618959,0.43852201219005094,1.3570378302320816,1.3285383899924177,1.2123389652042138,1.5488878680395983,-0.3303174598660074,-0.5043466479784757,-0.5043466479784757
0.5720602122274666,0.20175423129250772,-0.28095069823872854,-1.191180922965694,0.17373864793530788,-0.6981252659887354,-0.21428302719290068,-0.1533816327416539,-0.10370642605308697,-0.8371787100618959,-0.4446695170338368,1.3570378302320816,0.44051102323259766,0.5216342804679068,-0.6456245288212396,-0.3303174598660074,1.9827632522357468,-0.5043466479784757
-1.1071770058549637,-0.2816035990969911,-0.4651891681862524,-0.7658122633658973,-0.25816286819217044,-0.7771911136451474,-0.11998383981258257,-0.12766124627495087,-0.83993593221368,-0.8371787100618959,1.3217135414139385,0.4629942581898511,-1.3355437102870424,0.1762819380997534,-0.6456245288212396,-0.3303174598660074,1.9827632522357468,-0.5043466479784757
0.586412667082872,-0.2816035990969911,0.2528374010674516,0.09059275708209473,0.3810513756764975,1.6511964657795923,1.0430394712113409,-0.15032478135991856,-0.2205386421677232,-0.8371787100618959,-0.4446695170338368,-0.43104931385237927,1.3285383899924177,0.1762819380997534,-0.6456245288212396,-0.3303174598660074,1.9827632522357468,-0.5043466479784757
2.2082400657436807,-0.2816035990969911,-0.33239883493575784,-0.8878845578036493,-0.2236107469019722,-0.3280901893320887,-0.05711771489237049,-0.161306081865006,2.023910823403522,-0.8371787100618959,-1.3278610462577245,-0.43104931385237927,-0.44751634352722236,-0.8597750890047069,-0.6456245288212396,-0.3303174598660074,-0.5043466479784757,-0.5043466479784757
-0.9923573670117206,-0.0399246839022417,0.02400227653302625,1.8476887548130982,-0.5345798385137566,0.1707929353572292,-0.7800781514748094,-0.04458386950545956,-0.846068847330893,-0.8371787100618959,1.3217135414139385,0.4629942581898511,0.44051102323259766,0.8669866228360602,1.5488878680395983,-0.3303174598660074,-0.5043466479784757,-0.5043466479784757
0.4285356636734127,-0.0399246839022417,-0.406050443476364,-1.2552601529978606,-0.17178256496667477,-0.798841270847777,-0.34001527703332485,-0.15257913689776573,-0.19750029724635745,-0.8371787100618959,-0.4446695170338368,0.4629942581898511,-0.44751634352722236,-0.16907040426840003,-0.6456245288212396,-0.3303174598660074,-0.5043466479784757,1.9827632522357468
-0.375201808229289,-0.0399246839022417,-0.42974241622565545,0.5053186433913909,-0.6036840810941531,-0.8522592499032012,-0.8638996513684255,-0.043081867916617805,-0.8135646233496021,-0.8371787100618959,0.43852201219005094,0.4629942581898511,-0.44751634352722236,0.1762819380997534,-0.6456245288212396,-0.3303174598660074,1.9827632522357468,-0.5043466479784757
1.5623795972504384,-0.5232825142917406,-0.4338868697278414,0.3506677088958026,-0.5518558991588557,-0.10049208916508298,-0.21428302719290068,-0.16224066063139642,1.7931680186444958,1.1944880919464211,-1.3278610462577245,-1.3250928858946096,-0.44751634352722236,-1.2051274313728604,-0.6456245288212396,-0.3303174598660074,-0.5043466479784757,-0.5043466479784757
-0.43261162765091055,-0.2816035990969911,-0.422547995181368,-1.423600285044494,0.12191046600001049,-0.632977376534014,0.5715435343097502,-0.16224066063139642,-0.10664120660142119,-0.8371787100618959,0.43852201219005094,0.4629942581898511,-0.44751634352722236,0.1762819380997534,-0.6456245288212396,-0.3303174598660074,1.9827632522357468,-0.5043466479784757
-1.1215294607103692,0.20175423129250772,-0.3483710333799214,0.392356221672874,-0.4827516565784592,-0.8121340725344979,-0.8115112139349154,-0.1182729777580289,-0.8452091275311064,-0.8371787100618959,1.3217135414139385,1.3570378302320816,-0.44751634352722236,0.8669866228360602,1.5488878680395983,-0.3303174598660074,-0.5043466479784757,-0.5043466479784757
-0.1455625305428028,-0.2816035990969911,-0.17352325296992094,-1.0569590321405142,0.8129528918039758,0.20923183528423825,1.8288660327139918,-0.16029747705771338,-0.05578467723228171,-0.8371787100618959,-0.4446695170338368,0.4629942581898511,0.44051102323259766,0.1762819380997534,-0.6456245288212396,-0.3303174598660074,1.9827632522357468,-0.5043466479784757
1.0887485870220606,-0.2816035990969911,-0.17960859490798967,0.30636230604030945,-0.15450650432157564,0.1886510247519512,0.06861453494805367,-0.16185125281206708,1.2263184656366266,-0.8371787100618959,-1.3278610462577245,0.4629942581898511,0.44051102323259766,-0.16907040426840003,-0.6456245288212396,-0.3303174598660074,-0.5043466479784757,1.9827632522357468
0.28501111511935884,-0.5232825142917406,-0.4363604079976318,-0.5339356364189634,-0.5345798385137566,-0.11722325168413636,-0.1514169022726886,-0.16224066063139642,0.5767434067963907,1.1944880919464211,-0.4446695170338368,-1.3250928858946096,-0.44751634352722236,-0.8597750890047069,-0.6456245288212396,-0.3303174598660074,-0.5043466479784757,-0.5043466479784757
0.4285356636734127,-0.2816035990969911,-0.5617155332926204,-0.976951082620172,-0.5691319598039548,-1.103646200613522,-0.6857789640944912,-0.16224066063139642,0.713420329475953,-0.8371787100618959,-0.4446695170338368,0.4629942581898511,-1.3355437102870424,-0.5144227466365535,-0.6456245288212396,-0.3303174598660074,-0.5043466479784757,1.9827632522357468
0.2993635699747642,0.20175423129250772,-0.33680596506836397,0.5213565180798223,-0.3445431714176661,-0.7925773670826544,-0.6857789640944912,-0.1358208378122826,-0.5545887983512127,-0.8371787100618959,-0.4446695170338368,1.3570378302320816,-0.44751634352722236,0.1762819380997534,-0.6456245288212396,-0.3303174598660074,1.9827632522357468,-0.5043466479784757
-0.9493000024455045,0.4434331464872571,-0.22712387872178266,-0.21331463520087535,-0.10267832238627825,-0.7341145394662981,-0.5914797767141732,-0.12719395689175567,-0.8150832558238196,-0.8371787100618959,1.3217135414139385,1.3570378302320816,0.44051102323259766,1.2123389652042138,1.5488878680395983,-0.3303174598660074,-0.5043466479784757,-0.5043466479784757
0.514650392805845,-0.2816035990969911,0.013093899797519364,-1.0885376799716044,1.3312347111569498,0.8403766916077057,2.771857906517173,-0.15517698390867815,-0.03466154539102615,-0.8371787100618959,-0.4446695170338368,-0.43104931385237927,0.44051102323259766,-0.16907040426840003,-0.6456245288212396,-0.3303174598660074,-0.5043466479784757,1.9827632522357468
-1.0210622767225315,-0.0399246839022417,0.15016002486540983,0.32183448382035384,0.052806223419613954,0.4552391496683738,-0.06759540237907258,-0.14447560735647505,-0.8042268856239876,-0.8371787100618959,1.3217135414139385,0.4629942581898511,1.3285383899924177,1.2123389652042138,1.5488878680395983,-0.3303174598660074,-0.5043466479784757,-0.5043466479784757
-0.6191935407711806,-0.2816035990969911,0.01896034454357127,0.7651322133439793,-0.327267110772567,0.8602171852143711,-0.24571608965300673,-0.14244958087254045,-0.7082299385802334,-0.8371787100618959,0.43852201219005094,0.4629942581898511,0.44051102323259766,0.5216342804679068,-0.6456245288212396,-0.3303174598660074,1.9827632522357468,-0.5043466479784757
1.8350762395031408,-0.5232825142917406,-0.5186146761845006,3.3199656512111004,-0.6727883236745497,-0.6735960985197987,-0.6543459016343852,-0.16224066063139642,2.0528541717356643,1.1944880919464211,-1.3278610462577245,-1.3250928858946096,-1.3355437102870424,-1.5504797737410139,-0.6456245288212396,3.027390681696474,-0.5043466479784757,-0.5043466479784757
0.06972429228827803,-0.5232825142917406,-0.5934775158542667,-0.5772378980777282,-0.7764446875451444,-1.179972875645133,-1.0315426511556578,6.84009074654883,-0.8571341890348981,1.1944880919464211,-0.4446695170338368,-0.43104931385237927,-1.3355437102870424,-0.8597750890047069,-0.6456245288212396,-0.3303174598660074,-0.5043466479784757,-0.5043466479784757
1.5767320521058437,-0.5232825142917406,-0.2942450543672192,-0.2524709356369924,-0.30999105012746786,0.8440535990049609,0.6658427216900684,-0.16224066063139642,1.8068357109124522,1.1944880919464211,-1.3278610462577245,-1.3250928858946096,0.44051102323259766,-0.8597750890047069,-0.6456245288212396,-0.3303174598660074,-0.5043466479784757,-0.5043466479784757
-0.7196607247590183,-0.2816035990969911,-0.4878231378407957,-1.3711126951550818,-0.3445431714176661,-0.853739883754445,-0.27714915211311275,-0.14072923557741002,-0.7407989622544755,-0.8371787100618959,0.43852201219005094,0.4629942581898511,-1.3355437102870424,-0.16907040426840003,-0.6456245288212396,-0.3303174598660074,-0.5043466479784757,1.9827632522357468
-0.9062426378792884,0.6851120616820066,0.3849126701573577,-0.1721522244957352,-0.13723044367647652,-0.12881332444192706,-0.6962566515811933,-0.1459238346280227,-0.7680093895971558,-0.8371787100618959,1.3217135414139385,1.3570378302320816,1.3285383899924177,1.557691307572367,1.5488878680395983,-0.3303174598660074,-0.5043466479784757,-0.5043466479784757
1.9068385137801676,-0.5232825142917406,-0.21073577561278714,2.363707372913378,-0.5864080204490539,1.4089154132544202,-0.34001527703332485,-0.16224066063139642,2.1211926330754456,1.1944880919464211,-1.3278610462577245,-1.3250928858946096,0.44051102323259766,-0.8597750890047069,-0.6456245288212396,-0.3303174598660074,-0.5043466479784757,-0.5043466479784757
-0.08815271112118124,-0.5232825142917406,-0.5356886571618157,-0.14421528149008053,-0.6900643843196488,-0.7890855389168047,-0.7172120265545973,-0.16224066063139642,0.2213834078295285,1.1944880919464211,-0.4446695170338368,-0.43104931385237927,-1.3355437102870424,-0.8597750890047069,-0.6456245288212396,-0.3303174598660074,-0.5043466479784757,-0.5043466479784757
-1.0354147315779367,0.20175423129250772,0.41478484029459184,0.03956757322444445,0.32922319374120007,0.4783740535940561,-0.07283424612242351,-0.14541824283636887,-0.8061054579615345,-0.8371787100618959,1.3217135414139385,1.3570378302320816,1.3285383899924177,1.557691307572367,1.5488878680395983,-0.3303174598660074,-0.5043466479784757,-0.5043466479784757
-1.006709821867126,-0.0399246839022417,0.383679549308996,0.9611319240099672,0.03553016277451482,0.9817525471706221,-0.08855077735247653,-0.1440914747662253,-0.8012455673833763,-0.8371787100618959,1.3217135414139385,0.4629942581898511,1.3285383899924177,1.2123389652042138,1.5488878680395983,-0.3303174598660074,-0.5043466479784757,-0.5043466479784757
-0.17426744025361357,-0.5232825142917406,-0.3216144999423939,1.1187673502238917,-0.4827516565784592,0.6589250131377943,0.03718147248794763,-0.16224066063139642,0.1393772542217911,1.1944880919464211,-0.4446695170338368,-0.43104931385237927,-0.44751634352722236,-0.5144227466365535,-0.6456245288212396,-0.3303174598660074,-0.5043466479784757,1.9827632522357468
-0.20297234996442434,0.4434331464872571,0.14802942552977902,-0.08910331210619825,0.0009780414843165532,-0.2266026097216768,-0.5160404268099187,-0.1500392156257437,-0.504297172181283,-0.8371787100618959,-0.4446695170338368,1.3570378302320816,1.3285383899924177,0.8669866228360602,1.5488878680395983,-0.3303174598660074,-0.5043466479784757,-0.5043466479784757
1.2609780452869253,-0.5232825142917406,-0.4887060231819303,-1.450749038435569,0.191014708580407,-0.4712921599782055,2.4889603443762187,-0.16224066063139642,1.506146481017415,1.1944880919464211,-1.3278610462577245,-1.3250928858946096,-1.3355437102870424,-1.5504797737410139,-0.6456245288212396,3.027390681696474,-0.5043466479784757,-0.5043466479784757
-0.6909558150482076,-0.0399246839022417,0.11132766300161887,-1.0196740498085854,1.3830628930922473,0.36768433459816485,1.5459684705730374,-0.15477085224309342,-0.6135532138256922,-0.8371787100618959,0.43852201219005094,0.4629942581898511,1.3285383899924177,0.8669866228360602,1.5488878680395983,-0.3303174598660074,-0.5043466479784757,-0.5043466479784757
0.27065866026395347,0.20175423129250772,1.2775681226290454,0.8785428986407445,0.7265725885784802,1.9373536347632854,0.28864597216879595,-0.15226582956703713,-0.2717382512984799,-0.8371787100618959,-0.4446695170338368,0.4629942581898511,1.3285383899924177,0.5216342804679068,-0.6456245288212396,-0.3303174598660074,1.9827632522357468,-0.5043466479784757
-0.375201808229289,-0.2816035990969911,-0.41952721393153536,0.7579151697341852,-0.5864080204490539,-0.6227610029604327,-0.7172120265545973,-0.12464510571069087,-0.7316452487403914,-0.8371787100618959,0.43852201219005094,0.4629942581898511,-0.44751634352722236,0.1762819380997534,-0.6456245288212396,-0.3303174598660074,1.9827632522357468,-0.5043466479784757
-0.8918901830238829,-0.5232825142917406,-0.5768413292609854,-0.5772378980777282,-0.7591686269000453,-1.0674447029506142,-0.9686765262354456,-0.16224066063139642,-0.5440073591760208,1.1944880919464211,1.3217135414139385,-0.43104931385237927,-1.3355437102870424,-0.16907040426840003,-0.6456245288212396,-0.3303174598660074,-0.5043466479784757,1.9827632522357468
-0.9062426378792884,0.9267909768767559,0.28394269205304734,-0.4097480180768456,0.5192598608372906,-0.38542949788084657,-0.4118622769421386,-0.1554315867619805,-0.7058407589284882,-0.8371787100618959,1.3217135414139385,1.3570378302320816,1.3285383899924177,1.557691307572367,1.5488878680395983,-0.3303174598660074,-0.5043466479784757,-0.5043466479784757
1.1748633161544928,-0.5232825142917406,-0.41468228941489554,-1.1811904948973417,0.10463440535491135,0.029408854050694776,2.1746297197751585,-0.16224066063139642,1.4241403274096776,1.1944880919464211,-1.3278610462577245,-1.3250928858946096,-0.44751634352722236,-1.2051274313728604,-0.6456245288212396,-0.3303174598660074,-0.5043466479784757,-0.5043466479784757
1.2753305001423305,-0.5232825142917406,-0.378513176720643,0.229758796471979,-0.6036840810941531,0.2740589207378571,-0.40288140195353694,-0.16224066063139642,1.5198141732853712,1.1944880919464211,-1.3278610462577245,-1.3250928858946096,-0.44751634352722236,-1.2051274313728604,-0.6456245288212396,-0.3303174598660074,-0.5043466479784757,-0.5043466479784757
-1.0928245509995584,-0.2816035990969911,-0.48402891984583674,2.8003385113059234,-0.7073404449647479,-0.8409077237103331,-0.9372434637753396,-0.10441359946098916,-0.8450659861593811,-0.8371787100618959,1.3217135414139385,0.4629942581898511,-1.3355437102870424,0.1762819380997534,-0.6456245288212396,-0.3303174598660074,1.9827632522357468,-0.5043466479784757
-0.5904886310603699,-0.0399246839022417,-0.05789445957354829,-0.7937492063715519,0.45015561825689404,-0.013858557380092472,0.4143782220092201,-0.1533275483223026,-0.5936270245836011,-0.8371787100618959,0.43852201219005094,0.4629942581898511,0.44051102323259766,0.5216342804679068,-0.6456245288212396,-0.3303174598660074,1.9827632522357468,-0.5043466479784757
-0.11685762083199201,-0.2816035990969911,-0.2032276019266088,0.2346795080241111,-0.41364741399806265,0.10877082847735557,-0.40288140195353694,-0.15704855637367188,-0.2537869999543117,-0.8371787100618959,-0.4446695170338368,0.4629942581898511,0.44051102323259766,0.1762819380997534,-0.6456245288212396,-0.3303174598660074,1.9827632522357468,-0.5043466479784757
-0.40390671794009975,-0.5232825142917406,-0.4697568229263375,-1.0196740498085854,-0.39637135335296353,-0.343118622922212,0.35151209708900805,-0.16224066063139642,-0.07930582206550872,1.1944880919464211,0.43852201219005094,-0.43104931385237927,-1.3355437102870424,-0.5144227466365535,-0.6456245288212396,-0.3303174598660074,-0.5043466479784757,1.9827632522357468
1.0026338578896283,-0.5232825142917406,0.23285208743631225,0.6729403014253188,0.2773950118059027,4.409370558338005,2.803290968977279,-0.16224066063139642,1.2601280201942027,1.1944880919464211,-1.3278610462577245,-1.3250928858946096,1.3285383899924177,-0.5144227466365535,-0.6456245288212396,-0.3303174598660074,-0.5043466479784757,1.9827632522357468
0.17019147627611575,0.4434331464872571,0.43511309285989086,-0.04666623050055549,0.3983274363215966,0.16176764945953698,-0.22685625217694305,-0.1507141891792479,-0.3570241405858295,-0.8371787100618959,-0.4446695170338368,1.3570378302320816,1.3285383899924177,0.8669866228360602,1.5488878680395983,-0.3303174598660074,-0.5043466479784757,-0.5043466479784757
-0.1455625305428028,-0.5232825142917406,-0.5952286933904015,0.7218299516852147,-0.7764446875451444,-1.1918179464550824,-1.0315426511556578,6.84009074654883,-0.8573392044189175,1.1944880919464211,-0.4446695170338368,-0.43104931385237927,-1.3355437102870424,-0.8597750890047069,-0.6456245288212396,-0.3303174598660074,-0.5043466479784757,-0.5043466479784757
-0.5761361762049644,0.6851120616820066,0.8987373455516002,0.015669992326896854,0.052806223419613954,0.4504435411390678,-0.5810020892274712,-0.14800293723716737,-0.655462457979664,-0.8371787100618959,0.43852201219005094,1.3570378302320816,1.3285383899924177,1.2123389652042138,1.5488878680395983,-0.3303174598660074,-0.5043466479784757,-0.5043466479784757
-0.8488328184576668,-0.0399246839022417,-0.5182863303964753,-0.5339356364189634,-0.724616505609847,-1.0518980475125557,-1.0105872761822539,0.23203475643956223,-0.852157119785008,-0.8371787100618959,1.3217135414139385,0.4629942581898511,-1.3355437102870424,0.1762819380997534,-0.6456245288212396,-0.3303174598660074,1.9827632522357468,-0.5043466479784757
-1.1215294607103692,-0.2816035990969911,0.6940830641619706,0.35272972135574376,0.9166092556745706,3.1435026472172316,2.017464407474628,-0.15887078527181558,-0.7937533724359485,-0.8371787100618959,1.3217135414139385,0.4629942581898511,1.3285383899924177,1.2123389652042138,1.5488878680395983,-0.3303174598660074,-0.5043466479784757,-0.5043466479784757
-1.0354147315779367,0.6851120616820066,0.491245629466081,0.3527765852752872,0.4847077395470923,-0.008939562696516131,-0.3190599020599208,-0.1600653479854877,-0.7227663869963957,-0.8371787100618959,1.3217135414139385,1.3570378302320816,1.3285383899924177,1.557691307572367,1.5488878680395983,-0.3303174598660074,-0.5043466479784757,-0.5043466479784757
0.15583902142071035,1.410148807266255,0.3574848519976452,-0.4755431926669927,-0.08540226174117911,-0.5205424289338328,-0.8080186514393481,-0.14671227497444791,-0.45029538300386146,-0.8371787100618959,-0.4446695170338368,1.3570378302320816,1.3285383899924177,0.8669866228360602,1.5488878680395983,-0.3303174598660074,-0.5043466479784757,-0.5043466479784757
0.6007651219382774,-0.2816035990969911,-0.4628907476700754,-1.221359040251854,-0.11995438303137738,-0.7694177859261181,0.13148065986826574,-0.14103291170176765,-0.42717905966266234,-0.8371787100618959,-0.4446695170338368,-0.43104931385237927,-0.44751634352722236,-0.5144227466365535,-0.6456245288212396,-0.3303174598660074,-0.5043466479784757,1.9827632522357468
-0.016390436844154296,-0.5232825142917406,-0.5415988813462709,-1.1958416360600819,-0.6727883236745497,-0.8290626529003838,-0.6543459016343852,-0.16224066063139642,0.2897218691693097,1.1944880919464211,-0.4446695170338368,-0.43104931385237927,-1.3355437102870424,-0.8597750890047069,-0.6456245288212396,-0.3303174598660074,-0.5043466479784757,-0.5043466479784757
-0.375201808229289,-0.5232825142917406,-0.47432447766642266,-1.431887799237559,-0.13723044367647652,-0.3740145159514965,1.2945039708921893,-0.16224066063139642,-0.05197043752959625,1.1944880919464211,0.43852201219005094,-0.43104931385237927,-1.3355437102870424,-0.5144227466365535,-0.6456245288212396,-0.3303174598660074,-0.5043466479784757,1.9827632522357468
-0.8918901830238829,-0.5232825142917406,-0.6019780234775881,-1.6597944395468471,-0.7764446875451444,-1.2374708235350955,-1.0315426511556578,6.84009074654883,-0.8580499244168512,1.1944880919464211,1.3217135414139385,-0.43104931385237927,-1.3355437102870424,-0.16907040426840003,-0.6456245288212396,-0.3303174598660074,-0.5043466479784757,1.9827632522357468
-1.0497671864333422,-0.2816035990969911,-0.3111293244447863,-0.9118462836227287,0.46743167890199316,-0.2561560613925006,1.200204783511871,-0.16224066063139642,-0.6943519741235394,-0.8371787100618959,1.3217135414139385,0.4629942581898511,-0.44751634352722236,0.5216342804679068,-0.6456245288212396,-0.3303174598660074,1.9827632522357468,-0.5043466479784757
-1.1932917349873962,0.6851120616820066,0.2326331902442954,1.9366989593338926,-0.6209601417392523,-0.30048459375001246,-0.9896319012088497,-0.06287294767547379,-0.856563112590524,-0.8371787100618959,1.3217135414139385,1.3570378302320816,1.3285383899924177,1.557691307572367,1.5488878680395983,-0.3303174598660074,-0.5043466479784757,-0.5043466479784757
-0.08815271112118124,-0.5232825142917406,-0.5265241613893765,-0.2524709356369924,-0.6555122630294505,-0.7270963350114031,-0.5914797767141732,-0.16224066063139642,0.2213834078295285,1.1944880919464211,-0.4446695170338368,-0.43104931385237927,-1.3355437102870424,-0.8597750890047069,-0.6456245288212396,-0.3303174598660074,-0.5043466479784757,-0.5043466479784757
-0.8488328184576668,1.6518277224610043,0.5407018017157569,1.709121517505051,-0.3790952927078644,-0.46877508243109134,-0.9435300762673607,-0.10090892908702508,-0.8219171019577977,-0.8371787100618959,1.3217135414139385,1.3570378302320816,1.3285383899924177,1.557691307572367,1.5488878680395983,-0.3303174598660074,-0.5043466479784757,-0.5043466479784757
-0.8918901830238829,0.9267909768767559,0.06327243278085087,-0.48361138638310164,0.24284289051570443,-0.5986619243720953,-0.5555562767597663,-0.14543744650965085,-0.7658318002184556,-0.8371787100618959,1.3217135414139385,1.3570378302320816,0.44051102323259766,1.2123389652042138,1.5488878680395983,-0.3303174598660074,-0.5043466479784757,-0.5043466479784757
-0.1312100756873974,0.20175423129250772,0.46505093215473003,-0.4705069714540122,1.1411980440608593,0.5633747752708695,0.6658427216900684,-0.15398852897071505,-0.3812861368979099,-0.8371787100618959,-0.4446695170338368,1.3570378302320816,1.3285383899924177,0.8669866228360602,1.5488878680395983,-0.3303174598660074,-0.5043466479784757,-0.5043466479784757
1.4188550486963845,-0.5232825142917406,-0.4926388760651666,0.41252808269403773,-0.6727883236745497,-0.49789421483888335,-0.6543459016343852,-0.16224066063139642,1.6564910959649335,1.1944880919464211,-1.3278610462577245,-1.3250928858946096,-1.3355437102870424,-1.5504797737410139,-0.6456245288212396,3.027390681696474,-0.5043466479784757,-0.5043466479784757
-1.1071770058549637,-0.5232825142917406,-0.5174107416284078,-0.18030049953905122,-0.6900643843196488,-0.6654526123379585,-0.7172120265545973,-0.16224066063139642,-0.7490227431953643,1.1944880919464211,1.3217135414139385,-0.43104931385237927,-1.3355437102870424,-0.16907040426840003,-0.6456245288212396,-0.3303174598660074,-0.5043466479784757,1.9827632522357468
1.1318059515882768,-0.2816035990969911,-0.40472246717812843,1.425491703640142,-0.5864080204490539,-0.5726909015575428,-0.7172120265545973,-0.14439870236394292,-0.22614590053406422,-0.8371787100618959,-1.3278610462577245,-0.43104931385237927,-0.44751634352722236,-0.8597750890047069,-0.6456245288212396,-0.3303174598660074,-0.5043466479784757,-0.5043466479784757
-0.1455625305428028,-0.5232825142917406,-0.5097201536155489,1.4675911246972744,-0.6382362023843514,-0.6134330096975976,-0.528613651793961,-0.16224066063139642,0.16671263875770356,1.1944880919464211,-0.4446695170338368,-0.43104931385237927,-1.3355437102870424,-0.8597750890047069,-0.6456245288212396,-0.3303174598660074,-0.5043466479784757,-0.5043466479784757
0.7873470350585474,-0.0399246839022417,-0.19594562200551457,-0.051424720792727426,-0.3445431714176661,-0.32512069588598325,-0.5495690267673652,-0.13368408721391134,-0.4812556917559881,-0.8371787100618959,-1.3278610462577245,0.4629942581898511,0.44051102323259766,-0.16907040426840003,-0.6456245288212396,-0.3303174598660074,-0.5043466479784757,1.9827632522357468
-0.705308269903613,0.9267909768767559,1.514838085629187,1.7462192760007689,-0.01629801916078258,0.8039777760979656,-0.6902694015887921,-0.15215145803968166,-0.6566597047634614,-0.8371787100618959,0.43852201219005094,1.3570378302320816,1.3285383899924177,1.2123389652042138,1.5488878680395983,-0.3303174598660074,-0.5043466479784757,-0.5043466479784757
-0.9205950927346938,-0.0399246839022417,-0.41529520155254274,1.6744797081780392,-0.6209601417392523,-0.8196853051758405,-0.8848550263418294,-0.1482219791355401,-0.7626904354633206,-0.8371787100618959,1.3217135414139385,0.4629942581898511,-0.44751634352722236,0.5216342804679068,-0.6456245288212396,-0.3303174598660074,1.9827632522357468,-0.5043466479784757
2.36611706915314,-0.5232825142917406,-0.4856414624936943,-0.06688981424228621,-0.5518558991588557,-0.4505632860607942,-0.21428302719290068,-0.16224066063139642,2.558558785650045,1.1944880919464211,-1.3278610462577245,-1.3250928858946096,-1.3355437102870424,-1.5504797737410139,-0.6456245288212396,3.027390681696474,-0.5043466479784757,-0.5043466479784757
-0.00203798198874891,-0.5232825142917406,-0.49530212523470507,3.9694995760925718,-0.7764446875451444,-0.515908593362348,-1.0315426511556578,6.84009074654883,-0.8572025274962379,1.1944880919464211,-0.4446695170338368,-0.43104931385237927,-1.3355437102870424,-0.8597750890047069,-0.6456245288212396,-0.3303174598660074,-0.5043466479784757,-0.5043466479784757
0.08407674714368342,-0.5232825142917406,-0.5037296671273541,0.7218299516852147,-0.5518558991588557,-0.5729129966352293,-0.21428302719290068,-0.16224066063139642,0.38539571504500336,1.1944880919464211,-0.4446695170338368,-1.3250928858946096,-1.3355437102870424,-1.2051274313728604,-0.6456245288212396,-0.3303174598660074,-0.5043466479784757,-0.5043466479784757
2.337412159442329,-0.5232825142917406,-0.5384978377926987,-1.2422369164087583,-0.5518558991588557,-0.8080870066744319,-0.21428302719290068,-0.16224066063139642,2.531223401114133,1.1944880919464211,-1.3278610462577245,-1.3250928858946096,-1.3355437102870424,-1.5504797737410139,-0.6456245288212396,3.027390681696474,-0.5043466479784757,-0.5043466479784757
1.3040354098531415,-0.5232825142917406,-0.5316901351209744,-0.40402885144266915,-0.7073404449647479,-0.7620392939007538,-0.7800781514748094,-0.16224066063139642,1.5471495578212837,1.1944880919464211,-1.3278610462577245,-1.3250928858946096,-1.3355437102870424,-1.5504797737410139,-0.6456245288212396,3.027390681696474,-0.5043466479784757,-0.5043466479784757
-0.8918901830238829,0.20175423129250772,0.10737292039918096,-0.0662712105043041,-0.08540226174117911,-0.04146415296216872,-0.450030995643696,-0.13634901419517204,-0.7913925892260287,-0.8371787100618959,1.3217135414139385,1.3570378302320816,1.3285383899924177,1.557691307572367,1.5488878680395983,-0.3303174598660074,-0.5043466479784757,-0.5043466479784757
0.772994580203142,-0.0399246839022417,-0.5258090972287881,0.4141559872676753,-0.5518558991588557,-1.0688595308529139,-0.8010335264482134,-0.16224066063139642,1.041444943906903,-0.8371787100618959,-1.3278610462577245,0.4629942581898511,-1.3355437102870424,-0.8597750890047069,-0.6456245288212396,-0.3303174598660074,-0.5043466479784757,-0.5043466479784757
-0.3895542630846944,1.1684698920715055,0.3335958717755385,0.8068879656577882,0.4847077395470923,-0.45053860882994007,-0.512897120563908,-0.1492353777978912,-0.58074288649538,-0.8371787100618959,0.43852201219005094,1.3570378302320816,1.3285383899924177,1.2123389652042138,1.5488878680395983,-0.3303174598660074,-0.5043466479784757,-0.5043466479784757
0.8304043996247635,-0.0399246839022417,0.08801511205182333,-0.7392081897784513,1.2621304685765533,0.3151218328790148,1.3992808457592092,-0.15701061407332695,0.2609414422790759,-0.8371787100618959,-1.3278610462577245,0.4629942581898511,1.3285383899924177,0.1762819380997534,-0.6456245288212396,-0.3303174598660074,1.9827632522357468,-0.5043466479784757
-0.5761361762049644,-0.0399246839022417,-0.12953221394759928,1.7442444630727159,-0.5691319598039548,-0.17537925906354043,-0.8219889014216175,-0.07689162917133009,-0.8116866715846102,-0.8371787100618959,0.43852201219005094,0.4629942581898511,0.44051102323259766,0.5216342804679068,-0.6456245288212396,-0.3303174598660074,1.9827632522357468,-0.5043466479784757
1.0169863127450336,-0.5232825142917406,-0.3571415142067303,-0.24044252962066895,-0.4827516565784592,0.418618139080947,0.03718147248794763,-0.16224066063139642,1.2737957124621588,1.1944880919464211,-1.3278610462577245,-1.3250928858946096,-0.44751634352722236,-1.2051274313728604,-0.6456245288212396,-0.3303174598660074,-0.5043466479784757,-0.5043466479784757
0.772994580203142,-0.2816035990969911,-0.21299771326362796,0.20084961610320115,-0.30999105012746786,0.07572801636376776,-0.21428302719290068,-0.15116138009434868,-0.12218820655622145,-0.8371787100618959,-1.3278610462577245,-0.43104931385237927,0.44051102323259766,-0.5144227466365535,-0.6456245288212396,-0.3303174598660074,-0.5043466479784757,1.9827632522357468
0.328068479685575,-0.2816035990969911,-0.3534275585155109,-0.06001643937581564,-0.5173037778686574,-0.399209968653493,-0.5914797767141732,-0.12059693030547033,-0.6457042558816612,-0.8371787100618959,-0.4446695170338368,-0.43104931385237927,-0.44751634352722236,-0.5144227466365535,-0.6456245288212396,-0.3303174598660074,-0.5043466479784757,1.9827632522357468
0.08407674714368342,0.4434331464872571,-0.0690946992317443,-1.5363942120218699,2.0568292582511134,-0.5203307531313959,0.9801733462911288,-0.15650906429064268,-0.1741180942165748,-0.8371787100618959,-0.4446695170338368,1.3570378302320816,0.44051102323259766,0.5216342804679068,-0.6456245288212396,-0.3303174598660074,1.9827632522357468,-0.5043466479784757
-1.1215294607103692,0.9267909768767559,0.8307113948458273,0.33291149049075347,0.36377531503139837,0.14291001470460232,-0.49269015183955417,-0.15130084843603192,-0.8210025970006959,-0.8371787100618959,1.3217135414139385,1.3570378302320816,1.3285383899924177,1.557691307572367,1.5488878680395983,-0.3303174598660074,-0.5043466479784757,-0.5043466479784757
0.18454393113152112,-0.5232825142917406,-0.5749588134096404,0.07229602680374327,-0.7591686269000453,-1.0547112518299189,-0.9686765262354456,-0.16224066063139642,0.481069560920697,1.1944880919464211,-0.4446695170338368,-1.3250928858946096,-1.3355437102870424,-1.2051274313728604,-0.6456245288212396,-0.3303174598660074,-0.5043466479784757,-0.5043466479784757
2.3804695240085456,-0.5232825142917406,-0.5378776290819843,-0.45914082082655144,-0.6036840810941531,-0.8038918774292414,-0.40288140195353694,-0.16224066063139642,2.5722264779180013,1.1944880919464211,-1.3278610462577245,-1.3250928858946096,-1.3355437102870424,-1.5504797737410139,-0.6456245288212396,3.027390681696474,-0.5043466479784757,-0.5043466479784757
1.1892157710098983,-0.0399246839022417,-0.5580161707475354,-1.3711126951550818,-0.6209601417392523,-1.1414763955127978,-0.8848550263418294,-0.15905459665506547,0.7202541756099312,-0.8371787100618959,-1.3278610462577245,0.4629942581898511,-1.3355437102870424,-0.8597750890047069,-0.6456245288212396,-0.3303174598660074,-0.5043466479784757,-0.5043466479784757
-0.31779198880766746,0.6851120616820066,-0.015078168815050436,1.2089803953463183,-0.39637135335296353,-0.5797403638381862,-0.8534219638817234,-0.1295304038077317,-0.7064117025952655,-0.8371787100618959,0.43852201219005094,1.3570378302320816,0.44051102323259766,0.8669866228360602,1.5488878680395983,-0.3303174598660074,-0.5043466479784757,-0.5043466479784757
-0.045095346554965075,0.4434331464872571,-0.0242499611605569,-0.5344391510894141,0.43287955761179486,-0.45966424879977197,-0.2017098022088583,-0.14929399595581147,-0.46471215279498546,-0.8371787100618959,-0.4446695170338368,1.3570378302320816,0.44051102323259766,0.5216342804679068,-0.6456245288212396,-0.3303174598660074,1.9827632522357468,-0.5043466479784757
0.38547829910719655,-0.5232825142917406,-0.4334636684899421,0.5486209050501555,-0.5345798385137566,-0.09762953038601183,-0.1514169022726886,-0.16224066063139642,0.6724172526720843,1.1944880919464211,-0.4446695170338368,-1.3250928858946096,-0.44751634352722236,-0.8597750890047069,-0.6456245288212396,-0.3303174598660074,-0.5043466479784757,-0.5043466479784757
-0.33214444366307283,-0.5232825142917406,-0.46580937689696683,-0.28199520494978664,-0.6036840810941531,-0.3164178591381179,-0.40288140195353694,-0.16224066063139642,-0.010967360725727534,1.1944880919464211,0.43852201219005094,-0.43104931385237927,-1.3355437102870424,-0.5144227466365535,-0.6456245288212396,-0.3303174598660074,-0.5043466479784757,1.9827632522357468
2.36611706915314,-0.5232825142917406,-0.5072320221996239,3.3199656512111004,-0.724616505609847,-0.5966031382551279,-0.8429442763950215,-0.16224066063139642,2.558558785650045,1.1944880919464211,-1.3278610462577245,-1.3250928858946096,-1.3355437102870424,-1.5504797737410139,-0.6456245288212396,3.027390681696474,-0.5043466479784757,-0.5043466479784757
1.5336746875396277,-0.5232825142917406,-0.5361702309842528,0.342935162171023,-0.6555122630294505,-0.7923429333895409,-0.5914797767141732,-0.16224066063139642,1.7658326341085835,1.1944880919464211,-1.3278610462577245,-1.3250928858946096,-1.3355437102870424,-1.5504797737410139,-0.6456245288212396,3.027390681696474,-0.5043466479784757,-0.5043466479784757
-0.31779198880766746,-0.5232825142917406,-0.4886768368896614,-0.7937492063715519,-0.5345798385137566,-0.4710947421313729,-0.1514169022726886,-0.16224066063139642,0.0027003315422287027,1.1944880919464211,0.43852201219005094,-0.43104931385237927,-1.3355437102870424,-0.5144227466365535,-0.6456245288212396,-0.3303174598660074,-0.5043466479784757,1.9827632522357468
-1.0210622767225315,-0.0399246839022417,-0.17670455882723266,0.5835032824974938,-0.2236107469019722,-0.28173812404454407,-0.40288140195353694,-0.14041157087356304,-0.8118561618161076,-0.8371787100618959,1.3217135414139385,0.4629942581898511,0.44051102323259766,0.8669866228360602,1.5488878680395983,-0.3303174598660074,-0.5043466479784757,-0.5043466479784757
-0.8344803636022614,0.4434331464872571,0.9782335091190564,-0.4689822439308162,1.607651681478536,0.8965075209083532,0.6532694967060261,-0.1543041584088746,-0.685296704060154,-0.8371787100618959,0.43852201219005094,1.3570378302320816,1.3285383899924177,1.2123389652042138,1.5488878680395983,-0.3303174598660074,-0.5043466479784757,-0.5043466479784757
-0.9493000024455045,-0.0399246839022417,-0.2615199241606987,0.3554261991879745,-0.39637135335296353,-0.47297021167628167,-0.6124351516875771,-0.15018459454496,-0.7628914309378494,-0.8371787100618959,1.3217135414139385,0.4629942581898511,0.44051102323259766,0.8669866228360602,1.5488878680395983,-0.3303174598660074,-0.5043466479784757,-0.5043466479784757
-1.0928245509995584,-0.2816035990969911,-0.2166168135049734,0.8842134329055825,-0.2408868075470713,0.06348810986015335,-0.08855077735247653,-0.12939689255539022,-0.8367294920706414,-0.8371787100618959,1.3217135414139385,0.4629942581898511,0.44051102323259766,0.8669866228360602,1.5488878680395983,-0.3303174598660074,-0.5043466479784757,-0.5043466479784757
0.7299372156369258,-0.2816035990969911,0.6056048191487559,0.37085372560891067,0.7265725885784802,2.8442665458808856,1.6717007204134617,-0.1538891056976948,-0.010171184477108665,-0.8371787100618959,-1.3278610462577245,-0.43104931385237927,1.3285383899924177,-0.16907040426840003,-0.6456245288212396,-0.3303174598660074,-0.5043466479784757,1.9827632522357468
1.074396132166655,-0.2816035990969911,-0.5518870493710633,3.3199656512111004,-0.7591686269000453,-1.0704059706531015,-1.0315426511556578,0.10411428778987343,-0.802291697675604,-0.8371787100618959,-1.3278610462577245,-0.43104931385237927,-1.3355437102870424,-1.2051274313728604,-0.6456245288212396,-0.3303174598660074,-0.5043466479784757,-0.5043466479784757
-0.5474312664941536,-0.5232825142917406,-0.31460249322478717,0.20220281178003746,-0.6209601417392523,0.7063546508392998,-0.465747526873749,-0.16224066063139642,-0.2159827447450711,1.1944880919464211,0.43852201219005094,-0.43104931385237927,-0.44751634352722236,-0.16907040426840003,-0.6456245288212396,-0.3303174598660074,-0.5043466479784757,1.9827632522357468
-0.9205950927346938,3.101901213629501,5.15556536954587,0.43373976824507227,2.6442153201844842,1.1921567867400606,-0.31251134738073205,-0.15786222312310158,-0.6816984107928346,-0.8371787100618959,1.3217135414139385,1.3570378302320816,1.3285383899924177,1.557691307572367,1.5488878680395983,-0.3303174598660074,-0.5043466479784757,-0.5043466479784757
0.5290028476612504,-0.5232825142917406,-0.27140678066679347,0.30484520978599855,-0.327267110772567,0.9985330641513835,0.6029765967698564,-0.16224066063139642,0.8090941753516467,1.1944880919464211,-0.4446695170338368,-1.3250928858946096,0.44051102323259766,-0.5144227466365535,-0.6456245288212396,-0.3303174598660074,-0.5043466479784757,1.9827632522357468
-0.5904886310603699,0.6851120616820066,0.4691734959377143,0.11701031873398964,0.46743167890199316,-0.03382243714102773,-0.3295375895466229,-0.1463733617954272,-0.6741035411339746,-0.8371787100618959,0.43852201219005094,1.3570378302320816,1.3285383899924177,1.2123389652042138,1.5488878680395983,-0.3303174598660074,-0.5043466479784757,-0.5043466479784757
-0.6191935407711806,-0.5232825142917406,-0.404423307682372,0.08895074282634503,-0.5691319598039548,0.09880122721231498,-0.27714915211311275,-0.16224066063139642,-0.2843212060848523,1.1944880919464211,0.43852201219005094,-0.43104931385237927,-0.44751634352722236,-0.16907040426840003,-0.6456245288212396,-0.3303174598660074,-0.5043466479784757,1.9827632522357468
-0.5043739019279375,-0.5232825142917406,-0.5308729189374448,1.2414570915903917,-0.7073404449647479,-0.756511594189444,-0.7800781514748094,-0.16224066063139642,-0.17497966794120237,1.1944880919464211,0.43852201219005094,-0.43104931385237927,-1.3355437102870424,-0.5144227466365535,-0.6456245288212396,-0.3303174598660074,-0.5043466479784757,1.9827632522357468
2.294354794876113,-0.5232825142917406,-0.5192494780413495,0.8517367366615088,-0.7073404449647479,-0.6778899366884054,-0.7800781514748094,-0.16224066063139642,2.490220324310264,1.1944880919464211,-1.3278610462577245,-1.3250928858946096,-1.3355437102870424,-1.5504797737410139,-0.6456245288212396,3.027390681696474,-0.5043466479784757,-0.5043466479784757
-1.0497671864333422,1.6518277224610043,0.6001250927752672,-0.09327144424447512,-0.050850140450980845,-0.42858080881599653,-0.8240844389189578,-0.1292967591161341,-0.8295901923538432,-0.8371787100618959,1.3217135414139385,1.3570378302320816,1.3285383899924177,1.557691307572367,1.5488878680395983,-0.3303174598660074,-0.5043466479784757,-0.5043466479784757
-0.030742891699559686,-0.5232825142917406,-0.14238877569205619,0.4939233113759265,-0.13723044367647652,1.8712186560744017,1.2945039708921893,-0.16224066063139642,0.2760541769013535,1.1944880919464211,-0.4446695170338368,-0.43104931385237927,0.44051102323259766,-0.16907040426840003,-0.6456245288212396,-0.3303174598660074,-0.5043466479784757,1.9827632522357468
-1.078472096144153,1.410148807266255,0.2753911084182555,-1.07347549518912,0.5538119821274888,-0.5822409898980643,-0.5495690267673652,-0.15414899520915581,-0.7949237984570331,-0.8371787100618959,1.3217135414139385,1.3570378302320816,1.3285383899924177,1.557691307572367,1.5488878680395983,-0.3303174598660074,-0.5043466479784757,-0.5043466479784757
-1.006709821867126,-0.0399246839022417,-0.28395688634242683,2.280711371400746,-0.7418925662549462,-0.523558534927107,-1.0315426511556578,0.2478057731224006,-0.8549186446328069,-0.8371787100618959,1.3217135414139385,0.4629942581898511,0.44051102323259766,0.8669866228360602,1.5488878680395983,-0.3303174598660074,-0.5043466479784757,-0.5043466479784757
0.17019147627611575,-0.0399246839022417,-0.41617079032061016,0.5219733594139926,-0.5691319598039548,-0.8216594836441655,-0.8219889014216175,-0.1283621803497437,-0.6310900841975706,-0.8371787100618959,-0.4446695170338368,0.4629942581898511,-0.44751634352722236,-0.16907040426840003,-0.6456245288212396,-0.3303174598660074,-0.5043466479784757,1.9827632522357468
0.05537183743287264,-0.2816035990969911,-0.07690203241367892,-1.122846394978164,0.31194713309610095,0.536007726253716,0.9173072213709167,-0.15977791928752977,0.04178993142858353,-0.8371787100618959,-0.4446695170338368,0.4629942581898511,0.44051102323259766,0.1762819380997534,-0.6456245288212396,-0.3303174598660074,1.9827632522357468,-0.5043466479784757
-0.8775377281684775,-0.5232825142917406,-0.5442548339427422,-1.567003878849494,-0.30999105012746786,-0.8470276769621403,0.6658427216900684,-0.16224066063139642,-0.5303396669080646,1.1944880919464211,1.3217135414139385,-0.43104931385237927,-1.3355437102870424,-0.16907040426840003,-0.6456245288212396,-0.3303174598660074,-0.5043466479784757,1.9827632522357468
-0.28908707909685666,-0.2816035990969911,-0.1694809514906763,-0.2434496311247497,-0.4481995352882609,0.22290302117738803,-0.465747526873749,-0.1357270673674943,-0.6726079182426999,-0.8371787100618959,0.43852201219005094,0.4629942581898511,0.44051102323259766,0.5216342804679068,-0.6456245288212396,-0.3303174598660074,1.9827632522357468,-0.5043466479784757
-1.1358819155657744,5.760369280771744,4.905489920812742,0.49398609557435874,0.8647810737392733,0.1377492092721281,-0.8708847763595602,-0.15769039799116683,-0.8086386069571031,-0.8371787100618959,1.3217135414139385,1.3570378302320816,1.3285383899924177,1.557691307572367,1.5488878680395983,-0.3303174598660074,-0.5043466479784757,-0.5043466479784757
2.222592520599086,-0.5232825142917406,-0.5789208525851456,-0.9020048605184638,-0.7591686269000453,-1.0815107245374291,-0.9686765262354456,-0.16224066063139642,2.421881862970483,1.1944880919464211,-1.3278610462577245,-1.3250928858946096,-1.3355437102870424,-1.5504797737410139,-0.6456245288212396,3.027390681696474,-0.5043466479784757,-0.5043466479784757
1.61978941667206,-0.5232825142917406,-0.17372755701580334,-1.2248212706322281,1.0375416801902646,1.6592412430380163,5.569400465466611,-0.16224066063139642,1.847838787716321,1.1944880919464211,-1.3278610462577245,-1.3250928858946096,0.44051102323259766,-0.8597750890047069,-0.6456245288212396,-0.3303174598660074,-0.5043466479784757,-0.5043466479784757
0.7299372156369258,-0.5232825142917406,-0.5143534775132391,-1.587624003448906,-0.2236107469019722,-0.6447730928822551,0.9801733462911288,-0.16224066063139642,1.0004418671030342,1.1944880919464211,-1.3278610462577245,-1.3250928858946096,-1.3355437102870424,-1.5504797737410139,-0.6456245288212396,3.027390681696474,-0.5043466479784757,-0.5043466479784757
0.2276012956977373,-0.5232825142917406,-0.46130739131448667,0.39706298924447897,-0.6209601417392523,-0.28596615626420635,-0.465747526873749,-0.16224066063139642,0.5220726377245657,1.1944880919464211,-0.4446695170338368,-1.3250928858946096,-0.44751634352722236,-0.8597750890047069,-0.6456245288212396,-0.3303174598660074,-0.5043466479784757,-0.5043466479784757
-0.9205950927346938,-0.0399246839022417,-0.10513247361078666,-0.22613847922287866,-0.20633468625687304,-0.12036548574622023,-0.38192602698013284,-0.1308933311753844,-0.8059136450213751,-0.8371787100618959,1.3217135414139385,0.4629942581898511,0.44051102323259766,0.8669866228360602,1.5488878680395983,-0.3303174598660074,-0.5043466479784757,-0.5043466479784757
-1.1932917349873962,-0.2816035990969911,-0.5191765123106772,-1.1997079094224716,-0.6555122630294505,-0.9597779447343456,-0.8429442763950215,-0.1311992944620003,-0.8533288157666092,-0.8371787100618959,1.3217135414139385,0.4629942581898511,-1.3355437102870424,0.1762819380997534,-0.6456245288212396,-0.3303174598660074,1.9827632522357468,-0.5043466479784757
0.9595764933234121,-0.2816035990969911,-0.5510114606029959,0.7218299516852147,-0.7764446875451444,-1.0674447029506142,-1.0629757136157638,-0.008035164176977035,-0.7680386628725209,-0.8371787100618959,-1.3278610462577245,0.4629942581898511,-1.3355437102870424,-0.8597750890047069,-0.6456245288212396,-0.3303174598660074,-0.5043466479784757,-0.5043466479784757
-0.30343953395226203,-0.2816035990969911,-0.334062453595086,-1.208511833103094,0.43287955761179486,-0.33371659796681474,1.137338658591659,-0.16224066063139642,0.01636802381018494,-0.8371787100618959,0.43852201219005094,0.4629942581898511,-0.44751634352722236,0.1762819380997534,-0.6456245288212396,-0.3303174598660074,1.9827632522357468,-0.5043466479784757
-0.9349475475900991,-0.2816035990969911,-0.49147142437441,-0.03595962734316864,-0.6555122630294505,-0.8660784991814755,-0.8429442763950215,-0.14922331352810128,-0.7626904354633206,-0.8371787100618959,1.3217135414139385,0.4629942581898511,-1.3355437102870424,0.1762819380997534,-0.6456245288212396,-0.3303174598660074,1.9827632522357468,-0.5043466479784757
0.7586421253477367,0.20175423129250772,0.7902518971880444,0.3212840313416407,0.7611247098686784,1.1132945262381948,0.32007903462890197,-0.1543109014014171,0.02660259906296734,-0.8371787100618959,-1.3278610462577245,0.4629942581898511,1.3285383899924177,0.1762819380997534,-0.6456245288212396,-0.3303174598660074,1.9827632522357468,-0.5043466479784757
-0.8344803636022614,-0.0399246839022417,0.34196504108364983,0.5835032824974938,0.08735834470981221,0.8876993946421772,-0.02568465243226445,-0.14091646906023472,-0.7670717166084494,-0.8371787100618959,0.43852201219005094,0.4629942581898511,1.3285383899924177,0.8669866228360602,1.5488878680395983,-0.3303174598660074,-0.5043466479784757,-0.5043466479784757
-0.030742891699559686,-0.5232825142917406,0.08057990409631728,0.2718260560156986,0.08735834470981221,3.379392296951201,2.111763594854946,-0.16224066063139642,0.2760541769013535,1.1944880919464211,-0.4446695170338368,-0.43104931385237927,0.44051102323259766,-0.16907040426840003,-0.6456245288212396,-0.3303174598660074,-0.5043466479784757,1.9827632522357468
-0.016390436844154296,-0.2816035990969911,-0.3606876487174034,1.6420030119339657,-0.5173037778686574,-0.4237638133532838,-0.5914797767141732,-0.087941648703358,-0.759391337329676,-0.8371787100618959,-0.4446695170338368,-0.43104931385237927,-0.44751634352722236,-0.5144227466365535,-0.6456245288212396,-0.3303174598660074,-0.5043466479784757,1.9827632522357468
-0.9205950927346938,-0.2816035990969911,-0.07423878324414047,-0.409933705305228,-0.15450650432157564,0.5450149155154482,0.06861453494805367,-0.1584914783708767,-0.6713654007637948,-0.8371787100618959,1.3217135414139385,0.4629942581898511,0.44051102323259766,0.8669866228360602,1.5488878680395983,-0.3303174598660074,-0.5043466479784757,-0.5043466479784757
0.2993635699747642,-0.5232825142917406,-0.5385343206580349,1.6961308390074217,-0.724616505609847,-0.8083337789829724,-0.8429442763950215,-0.16224066063139642,0.590411099064347,1.1944880919464211,-0.4446695170338368,-1.3250928858946096,-1.3355437102870424,-1.2051274313728604,-0.6456245288212396,-0.3303174598660074,-0.5043466479784757,-0.5043466479784757
-0.4900214470725321,0.4434331464872571,0.442074023566027,0.17007532732353456,0.0009780414843165532,0.17118448075344678,-0.5160404268099187,-0.13937412278159803,-0.6948250865481994,-0.8371787100618959,0.43852201219005094,1.3570378302320816,1.3285383899924177,1.2123389652042138,1.5488878680395983,-0.3303174598660074,-0.5043466479784757,-0.5043466479784757
-0.2747346242414513,-0.0399246839022417,0.4788633449709939,-1.1114560174548804,1.5903756208334368,1.1963621981647736,1.7974329702538858,-0.1591381655462479,-0.23306736008001638,-0.8371787100618959,-0.4446695170338368,0.4629942581898511,1.3285383899924177,0.5216342804679068,-0.6456245288212396,-0.3303174598660074,1.9827632522357468,-0.5043466479784757
-0.633545995626586,-0.5232825142917406,-0.5668815070242182,-1.522014516087141,-0.6036840810941531,-1.0000758627190274,-0.40288140195353694,-0.16224066063139642,-0.2979888983528085,1.1944880919464211,0.43852201219005094,-0.43104931385237927,-1.3355437102870424,-0.5144227466365535,-0.6456245288212396,-0.3303174598660074,-0.5043466479784757,1.9827632522357468
1.4188550486963845,-0.5232825142917406,-0.5814381702933394,-0.8659196424694932,-0.7418925662549462,-1.0985380138267313,-0.9058104013152335,-0.16224066063139642,1.6564910959649335,1.1944880919464211,-1.3278610462577245,-1.3250928858946096,-1.3355437102870424,-1.5504797737410139,-0.6456245288212396,3.027390681696474,-0.5043466479784757,-0.5043466479784757
-0.10250516597658663,-0.2816035990969911,-0.29649239887192563,-0.3385203017537686,-0.30999105012746786,-0.20665353629925393,-0.21428302719290068,-0.15209556218044779,-0.42276170196028,-0.8371787100618959,-0.4446695170338368,0.4629942581898511,0.44051102323259766,0.1762819380997534,-0.6456245288212396,-0.3303174598660074,1.9827632522357468,-0.5043466479784757
0.06972429228827803,-0.2816035990969911,-0.17242876700983664,0.0980711825530083,-0.06812620109607997,0.21293341991234743,0.22577984724858385,-0.15420556270084465,-0.28525309419403116,-0.8371787100618959,-0.4446695170338368,0.4629942581898511,0.44051102323259766,0.1762819380997534,-0.6456245288212396,-0.3303174598660074,1.9827632522357468,-0.5043466479784757
-0.4756689922171267,1.1684698920715055,0.7302083974178197,-0.9218459289633963,3.283429564053152,-0.11519971875410337,0.7601419090703865,-0.15783155919318356,-0.4220807182509854,-0.8371787100618959,0.43852201219005094,1.3570378302320816,1.3285383899924177,1.2123389652042138,1.5488878680395983,-0.3303174598660074,-0.5043466479784757,-0.5043466479784757
0.19889638598692652,-0.2816035990969911,-0.24026500681586152,0.5341868178305673,-0.327267110772567,-0.016490795337858844,-0.24571608965300673,-0.15063899318654983,-0.3487546124909316,-0.8371787100618959,-0.4446695170338368,0.4629942581898511,0.44051102323259766,0.1762819380997534,-0.6456245288212396,-0.3303174598660074,1.9827632522357468,-0.5043466479784757
-0.3464968985184782,-0.5232825142917406,-0.4102167866977516,-0.2795348491737204,-0.5173037778686574,0.059613784616065625,-0.08855077735247653,-0.16224066063139642,-0.02463505299368377,1.1944880919464211,0.43852201219005094,-0.43104931385237927,-0.44751634352722236,-0.16907040426840003,-0.6456245288212396,-0.3303174598660074,-0.5043466479784757,1.9827632522357468
-0.030742891699559686,-0.2816035990969911,-0.1864235941527812,-0.06688981424228621,-0.10267832238627825,0.1656024911342583,0.16291372232837179,-0.14873485772685194,-0.4707713081068886,-0.8371787100618959,-0.4446695170338368,0.4629942581898511,0.44051102323259766,0.1762819380997534,-0.6456245288212396,-0.3303174598660074,1.9827632522357468,-0.5043466479784757
1.4045025938409792,-0.2816035990969911,0.20627067175239833,-0.048612885620080336,0.3983274363215966,1.4937063784689744,1.074472533671447,-0.16150283528950926,1.4046150527411687,-0.8371787100618959,-1.3278610462577245,-0.43104931385237927,1.3285383899924177,-0.16907040426840003,-0.6456245288212396,-0.3303174598660074,-0.5043466479784757,1.9827632522357468
0.5290028476612504,-0.5232825142917406,-0.5514492549870296,1.0105116960769798,-0.7418925662549462,-0.8956911762063489,-0.9058104013152335,-0.16224066063139642,0.8090941753516467,1.1944880919464211,-0.4446695170338368,-1.3250928858946096,-1.3355437102870424,-1.2051274313728604,-0.6456245288212396,-0.3303174598660074,-0.5043466479784757,-0.5043466479784757
-1.1932917349873962,0.4434331464872571,-0.0323710469843824,-1.189847413792811,0.7438486492235793,-0.470650551976,0.024608247503905258,-0.14909814672903113,-0.848856321500436,-0.8371787100618959,1.3217135414139385,1.3570378302320816,0.44051102323259766,1.2123389652042138,1.5488878680395983,-0.3303174598660074,-0.5043466479784757,-0.5043466479784757
-0.5187263567833429,0.4434331464872571,-0.2851097448870489,-0.63757711514322,0.052806223419613954,-0.8125585209051878,-0.4783207518577914,-0.1385257244342395,-0.7055771510432297,-0.8371787100618959,0.43852201219005094,1.3570378302320816,0.44051102323259766,0.8669866228360602,1.5488878680395983,-0.3303174598660074,-0.5043466479784757,-0.5043466479784757
-1.0928245509995584,-0.2816035990969911,-0.1269346339356659,0.7737926656757325,-0.41364741399806265,0.3667959542874186,-0.40288140195353694,-0.15026637018701916,-0.8129454885716519,-0.8371787100618959,1.3217135414139385,0.4629942581898511,0.44051102323259766,0.8669866228360602,1.5488878680395983,-0.3303174598660074,-0.5043466479784757,-0.5043466479784757
1.074396132166655,-0.5232825142917406,-0.35316488188509065,1.082682132174921,-0.5864080204490539,0.4455163207118736,-0.34001527703332485,-0.16224066063139642,1.328466481533984,1.1944880919464211,-1.3278610462577245,-1.3250928858946096,-0.44751634352722236,-1.2051274313728604,-0.6456245288212396,-0.3303174598660074,-0.5043466479784757,-0.5043466479784757
-0.6191935407711806,-0.5232825142917406,-0.5007745550351266,0.19601677440021395,-0.6727883236745497,-0.5529244396434397,-0.6543459016343852,-0.16224066063139642,-0.2843212060848523,1.1944880919464211,0.43852201219005094,-0.43104931385237927,-1.3355437102870424,-0.5144227466365535,-0.6456245288212396,-0.3303174598660074,-0.5043466479784757,1.9827632522357468
-1.0497671864333422,-0.5232825142917406,-0.4165210258278371,0.9924690870524944,-0.5173037778686574,0.016971529700248057,-0.08855077735247653,-0.16224066063139642,-0.6943519741235394,1.1944880919464211,1.3217135414139385,-0.43104931385237927,-0.44751634352722236,0.1762819380997534,-0.6456245288212396,-0.3303174598660074,1.9827632522357468,-0.5043466479784757
1.6054369618166546,-0.5232825142917406,-0.5772937167911536,-0.5772378980777282,-0.7418925662549462,-1.0705046795765178,-0.9058104013152335,-0.16224066063139642,1.8341710954483645,1.1944880919464211,-1.3278610462577245,-1.3250928858946096,-1.3355437102870424,-1.5504797737410139,-0.6456245288212396,3.027390681696474,-0.5043466479784757,-0.5043466479784757
1.5623795972504384,-0.5232825142917406,-0.4923251234232757,-0.6918615318803407,-0.5000277172235583,-0.4957719729854341,-0.02568465243226445,-0.16224066063139642,1.7931680186444958,1.1944880919464211,-1.3278610462577245,-1.3250928858946096,-1.3355437102870424,-1.5504797737410139,-0.6456245288212396,3.027390681696474,-0.5043466479784757,-0.5043466479784757
0.9308715836126012,-0.5232825142917406,-0.34680956674353447,-0.7347006677459637,-0.25816286819217044,0.48850405685964826,0.8544410964507047,-0.16224066063139642,1.1917895588544214,1.1944880919464211,-1.3278610462577245,-1.3250928858946096,-0.44751634352722236,-1.2051274313728604,-0.6456245288212396,-0.3303174598660074,-0.5043466479784757,-0.5043466479784757
0.31371602483016964,-0.5232825142917406,-0.4551053042073423,-0.10813006344111004,-0.5864080204490539,-0.24401486381230245,-0.34001527703332485,-0.16224066063139642,0.6040787913323031,1.1944880919464211,-0.4446695170338368,-1.3250928858946096,-0.44751634352722236,-0.8597750890047069,-0.6456245288212396,-0.3303174598660074,-0.5043466479784757,-0.5043466479784757
0.18454393113152112,-0.5232825142917406,-0.45084410553608073,-1.2845081718375526,-0.30999105012746786,-0.21519185817475903,0.6658427216900684,-0.16224066063139642,0.481069560920697,1.1944880919464211,-0.4446695170338368,-1.3250928858946096,-0.44751634352722236,-0.8597750890047069,-0.6456245288212396,-0.3303174598660074,-0.5043466479784757,-0.5043466479784757
-0.6048410859157752,1.8935066376557537,0.3665836786124792,-0.7827587846307487,1.9186207730903204,-0.6461505310408365,-0.19713772039647928,-0.154980986285328,-0.5696642551877984,-0.8371787100618959,0.43852201219005094,1.3570378302320816,1.3285383899924177,1.2123389652042138,1.5488878680395983,-0.3303174598660074,-0.5043466479784757,-0.5043466479784757
-0.375201808229289,-0.0399246839022417,0.14634391715124923,0.159598973696414,0.17373864793530788,0.44663502184392445,0.07909222243475576,-0.14994558751617817,-0.5655665166224995,-0.8371787100618959,0.43852201219005094,0.4629942581898511,1.3285383899924177,0.8669866228360602,1.5488878680395983,-0.3303174598660074,-0.5043466479784757,-0.5043466479784757
-0.705308269903613,1.1684698920715055,0.25239231011035057,-0.31808042299875716,-0.17178256496667477,-0.5191968343736517,-0.8115112139349154,-0.13959509821501317,-0.7420646453134957,-0.8371787100618959,0.43852201219005094,1.3570378302320816,1.3285383899924177,1.2123389652042138,1.5488878680395983,-0.3303174598660074,-0.5043466479784757,-0.5043466479784757
-0.31779198880766746,-0.2816035990969911,-0.32562031855630247,1.5012706615429803,-0.39637135335296353,-0.305165041868666,-0.37144833949343087,-0.15406309642548024,-0.4609498446245945,-0.8371787100618959,0.43852201219005094,0.4629942581898511,-0.44751634352722236,0.1762819380997534,-0.6456245288212396,-0.3303174598660074,1.9827632522357468,-0.5043466479784757
-0.045095346554965075,-0.0399246839022417,-0.002703180893030677,-1.1216449449437014,1.866792591155023,0.11058049207331981,2.13271896982835,-0.1576764387490246,-0.17959973293318762,-0.8371787100618959,-0.4446695170338368,0.4629942581898511,0.44051102323259766,0.1762819380997534,-0.6456245288212396,-0.3303174598660074,1.9827632522357468,-0.5043466479784757
-0.10250516597658663,-0.0399246839022417,0.37269091026974965,0.8247615572675239,0.018254102129415688,0.9569766073931446,-0.1095061523258806,-0.1482219791355401,-0.5030042823721521,-0.8371787100618959,-0.4446695170338368,0.4629942581898511,1.3285383899924177,0.5216342804679068,-0.6456245288212396,-0.3303174598660074,1.9827632522357468,-0.5043466479784757
0.6868798510707097,1.1684698920715055,0.9572777512699758,1.8118524003368794,-0.5691319598039548,0.07678913729049226,-0.9922513230805251,-0.13670663362108673,-0.46683746590925246,-0.8371787100618959,-1.3278610462577245,1.3570378302320816,1.3285383899924177,0.5216342804679068,-0.6456245288212396,-0.3303174598660074,1.9827632522357468,-0.5043466479784757
-0.4469640825063159,-0.2816035990969911,0.11751515696262879,0.372618164114531,0.191014708580407,1.1935325423601746,0.6972757841501744,-0.15948288722237552,-0.32870100686080433,-0.8371787100618959,0.43852201219005094,0.4629942581898511,1.3285383899924177,0.8669866228360602,1.5488878680395983,-0.3303174598660074,-0.5043466479784757,-0.5043466479784757
2.17953515603287,-0.5232825142917406,-0.5275894610571918,0.36097777119550845,-0.6900643843196488,-0.734302086420789,-0.7172120265545973,-0.16224066063139642,2.380878786166614,1.1944880919464211,-1.3278610462577245,-1.3250928858946096,-1.3355437102870424,-1.5504797737410139,-0.6456245288212396,3.027390681696474,-0.5043466479784757,-0.5043466479784757
-0.016390436844154296,-0.2816035990969911,-0.3836280744407703,2.7137339879883933,-0.6555122630294505,-0.501349027158452,-0.8429442763950215,-0.09214725315211489,-0.7539928131109849,-0.8371787100618959,-0.4446695170338368,0.4629942581898511,-0.44751634352722236,-0.16907040426840003,-0.6456245288212396,-0.3303174598660074,-0.5043466479784757,1.9827632522357468
-0.375201808229289,0.20175423129250772,0.4126834272512299,-0.25424561849185984,-0.10267832238627825,0.4748205323510712,-0.465747526873749,-0.13969394789222753,-0.6671246345857926,-0.8371787100618959,0.43852201219005094,0.4629942581898511,1.3285383899924177,0.8669866228360602,1.5488878680395983,-0.3303174598660074,-0.5043466479784757,-0.5043466479784757
-1.0928245509995584,-0.0399246839022417,0.07246611484555901,0.24795614485344927,-0.050850140450980845,0.28006371357901183,-0.19332765221949663,-0.14781759409239043,-0.8181348474937091,-0.8371787100618959,1.3217135414139385,0.4629942581898511,0.44051102323259766,0.8669866228360602,1.5488878680395983,-0.3303174598660074,-0.5043466479784757,-0.5043466479784757
0.2993635699747642,-0.5232825142917406,-0.5176661216857609,-1.216930399854935,-0.41364741399806265,-0.6671800184977428,0.28864597216879595,-0.16224066063139642,0.590411099064347,1.1944880919464211,-0.4446695170338368,-1.3250928858946096,-1.3355437102870424,-1.2051274313728604,-0.6456245288212396,-0.3303174598660074,-0.5043466479784757,-0.5043466479784757
0.7586421253477367,-0.0399246839022417,-0.4421684801591459,-1.381422757454788,0.12191046600001049,-0.8802761326661787,0.016226097514543677,-0.1484768642536466,-0.221936156714549,-0.8371787100618959,-1.3278610462577245,0.4629942581898511,-0.44751634352722236,-0.5144227466365535,-0.6456245288212396,-0.3303174598660074,-0.5043466479784757,1.9827632522357468
-0.820127908746856,1.1684698920715055,2.5507836399951107,-0.4647576330372782,2.5060068350236913,1.4241104181528084,0.4065199563941936,-0.1586588703714527,-0.6050917702506085,-0.8371787100618959,0.43852201219005094,1.3570378302320816,1.3285383899924177,1.2123389652042138,1.5488878680395983,-0.3303174598660074,-0.5043466479784757,-0.5043466479784757
-0.00203798198874891,-0.2816035990969911,-0.19941879078551542,-0.3201307194788124,-0.27543892883726956,0.12165234298317555,-0.1514169022726886,-0.14799587136947792,-0.4752326948915176,-0.8371787100618959,-0.4446695170338368,0.4629942581898511,0.44051102323259766,0.1762819380997534,-0.6456245288212396,-0.3303174598660074,1.9827632522357468,-0.5043466479784757
-0.6766033601928021,0.6851120616820066,0.2804768198461137,-0.4402613560959212,0.3464992543862992,-0.24654839284665295,-0.40288140195353694,-0.1473548441976521,-0.6920965793598503,-0.8371787100618959,0.43852201219005094,1.3570378302320816,1.3285383899924177,1.2123389652042138,1.5488878680395983,-0.3303174598660074,-0.5043466479784757,-0.5043466479784757
-1.1215294607103692,1.6518277224610043,1.6089638781964368,-0.8289649010940414,4.1472325963081085,0.25380384965284347,0.7035623966421958,-0.15794188065608097,-0.799060830056515,-0.8371787100618959,1.3217135414139385,1.3570378302320816,1.3285383899924177,1.557691307572367,1.5488878680395983,-0.3303174598660074,-0.5043466479784757,-0.5043466479784757
-0.9349475475900991,-0.2816035990969911,-0.4103919044513651,-0.3916567766830221,-0.6209601417392523,-0.5918651099311483,-0.7800781514748094,-0.03876842745635432,-0.8436799838610447,-0.8371787100618959,1.3217135414139385,-0.43104931385237927,-0.44751634352722236,0.1762819380997534,-0.6456245288212396,-0.3303174598660074,1.9827632522357468,-0.5043466479784757
-1.0354147315779367,-0.5232825142917406,-0.33908249586533934,0.37300617721183194,-0.4827516565784592,0.5407704318085496,0.03718147248794763,-0.16224066063139642,-0.6806842818555832,1.1944880919464211,1.3217135414139385,-0.43104931385237927,-0.44751634352722236,0.1762819380997534,-0.6456245288212396,-0.3303174598660074,1.9827632522357468,-0.5043466479784757
0.4285356636734127,0.20175423129250772,-0.1037680144472149,0.8228685622223328,-0.5518558991588557,-0.3985066675741522,-0.8743773388551275,-0.0946505891335178,-0.7106798212624402,-0.8371787100618959,-0.4446695170338368,0.4629942581898511,0.44051102323259766,0.1762819380997534,-0.6456245288212396,-0.3303174598660074,1.9827632522357468,-0.5043466479784757
1.6628467812382761,-0.5232825142917406,0.5305084891408384,0.3011794098572137,1.0202656195451654,6.422736469259145,5.5065343405463985,-0.16224066063139642,1.8888418645201897,1.1944880919464211,-1.3278610462577245,-1.3250928858946096,1.3285383899924177,-0.5144227466365535,-0.6456245288212396,-0.3303174598660074,-0.5043466479784757,1.9827632522357468
0.7299372156369258,-0.2816035990969911,-0.168802370195424,0.9890141193669547,0.0009780414843165532,0.22519800364681586,0.35151209708900805,-0.14471730876157604,-0.32727681035557193,-0.8371787100618959,-1.3278610462577245,-0.43104931385237927,0.44051102323259766,-0.5144227466365535,-0.6456245288212396,-0.3303174598660074,-0.5043466479784757,1.9827632522357468
1.103101041877466,-0.5232825142917406,-0.5347401026630759,-1.3504925705556703,-0.5864080204490539,-0.7826694588947489,-0.34001527703332485,-0.16224066063139642,1.3558018660698963,1.1944880919464211,-1.3278610462577245,-1.3250928858946096,-1.3355437102870424,-1.5504797737410139,-0.6456245288212396,3.027390681696474,-0.5043466479784757,-0.5043466479784757
-0.820127908746856,1.6518277224610043,1.3228214687919975,-0.6222357302231314,3.92264380792182,0.06025539261827119,0.6218364342459201,-0.1578359993759008,-0.6233509753289616,-0.8371787100618959,0.43852201219005094,1.3570378302320816,1.3285383899924177,1.2123389652042138,1.5488878680395983,-0.3303174598660074,-0.5043466479784757,-0.5043466479784757
1.4188550486963845,-0.5232825142917406,-0.5146745267281971,0.07229602680374327,-0.6555122630294505,-0.6469446891974127,-0.5914797767141732,-0.16224066063139642,1.6564910959649335,1.1944880919464211,-1.3278610462577245,-1.3250928858946096,-1.3355437102870424,-1.5504797737410139,-0.6456245288212396,3.027390681696474,-0.5043466479784757,-0.5043466479784757
0.8016994899139528,-0.5232825142917406,-0.4884068636861739,0.7218299516852147,-0.6382362023843514,-0.4692686270481725,-0.528613651793961,-0.16224066063139642,1.0687803284428152,1.1944880919464211,-1.3278610462577245,-1.3250928858946096,-1.3355437102870424,-1.5504797737410139,-0.6456245288212396,3.027390681696474,-0.5043466479784757,-0.5043466479784757
-0.21732480481982971,-0.5232825142917406,-0.5459768251866081,0.18055168095065516,-0.724616505609847,-0.8586753299252572,-0.8429442763950215,-0.16224066063139642,0.09837417741792237,1.1944880919464211,-0.4446695170338368,-0.43104931385237927,-1.3355437102870424,-0.8597750890047069,-0.6456245288212396,-0.3303174598660074,-0.5043466479784757,-0.5043466479784757
1.61978941667206,-0.0399246839022417,-0.09040798916111917,1.006713252071825,-0.39637135335296353,-0.08716638450388989,-0.6124351516875771,-0.15428411167428877,0.4090979155603199,-0.8371787100618959,-1.3278610462577245,0.4629942581898511,0.44051102323259766,-0.16907040426840003,-0.6456245288212396,-0.3303174598660074,-0.5043466479784757,1.9827632522357468
-1.1215294607103692,1.410148807266255,1.7013749760928876,0.6282530303039857,0.2946710724510018,0.4894746946065746,-0.6543459016343852,-0.15475204872121678,-0.8121087442834103,-0.8371787100618959,1.3217135414139385,1.3570378302320816,1.3285383899924177,1.557691307572367,1.5488878680395983,-0.3303174598660074,-0.5043466479784757,-0.5043466479784757
0.8016994899139528,-0.5232825142917406,-0.52912174140131,-0.14421528149008053,-0.6727883236745497,-0.7446665233794947,-0.6543459016343852,-0.16224066063139642,1.0687803284428152,1.1944880919464211,-1.3278610462577245,-1.3250928858946096,-1.3355437102870424,-1.5504797737410139,-0.6456245288212396,3.027390681696474,-0.5043466479784757,-0.5043466479784757
1.5193222326842222,-0.5232825142917406,-0.24028689653506322,-0.14976685349761445,-0.11995438303137738,1.209029843336525,1.3573700958124013,-0.16224066063139642,1.752164941840627,1.1944880919464211,-1.3278610462577245,-1.3250928858946096,0.44051102323259766,-0.8597750890047069,-0.6456245288212396,-0.3303174598660074,-0.5043466479784757,-0.5043466479784757
0.514650392805845,-0.2816035990969911,0.18470200176567028,1.6961308390074217,-0.6900643843196488,1.42076048406437,-0.9058104013152335,-0.16224066063139642,0.7954264830836905,-0.8371787100618959,-0.4446695170338368,0.4629942581898511,1.3285383899924177,0.5216342804679068,-0.6456245288212396,-0.3303174598660074,1.9827632522357468,-0.5043466479784757
2.193887610888275,-0.5232825142917406,-0.4418912103825912,-0.027632269331867753,-0.5691319598039548,-0.1546339336588931,-0.27714915211311275,-0.16224066063139642,2.3945464784345702,1.1944880919464211,-1.3278610462577245,-1.3250928858946096,-0.44751634352722236,-1.2051274313728604,-0.6456245288212396,-0.3303174598660074,-0.5043466479784757,-0.5043466479784757
-0.9493000024455045,-0.0399246839022417,-0.11887921726944549,0.49913260601156734,-0.3445431714176661,-0.15136008769892104,-0.5495690267673652,-0.14698503665061163,-0.7766112331436464,-0.8371787100618959,1.3217135414139385,0.4629942581898511,0.44051102323259766,0.8669866228360602,1.5488878680395983,-0.3303174598660074,-0.5043466479784757,-0.5043466479784757
-0.4182591727955052,-0.5232825142917406,-0.5876402574004838,-0.68549355222464,-0.7591686269000453,-1.1404893062786352,-0.9686765262354456,-0.16224066063139642,-0.09297351433346496,1.1944880919464211,0.43852201219005094,-0.43104931385237927,-1.3355437102870424,-0.5144227466365535,-0.6456245288212396,-0.3303174598660074,-0.5043466479784757,1.9827632522357468
-0.8775377281684775,-0.2816035990969911,-0.3913551453189655,-1.5224945855068615,0.5365359214823897,-0.5274822146329027,1.3259370333522953,-0.1551447848125062,-0.695358184597254,-0.8371787100618959,1.3217135414139385,0.4629942581898511,-0.44751634352722236,0.5216342804679068,-0.6456245288212396,-0.3303174598660074,1.9827632522357468,-0.5043466479784757
2.323059704586924,-0.5232825142917406,-0.49043531099886356,-1.3494615643256995,-0.29271498948236874,-0.4829891674030305,0.7287088466102805,-0.16224066063139642,2.5175557088461766,1.1944880919464211,-1.3278610462577245,-1.3250928858946096,-1.3355437102870424,-1.5504797737410139,-0.6456245288212396,3.027390681696474,-0.5043466479784757,-0.5043466479784757
-0.33214444366307283,0.4434331464872571,-0.012808934591142395,-0.9872273967617774,1.2966825898667516,-0.4441866896081048,0.4269514469932625,-0.15706799205805907,-0.3707851300938308,-0.8371787100618959,0.43852201219005094,1.3570378302320816,0.44051102323259766,0.8669866228360602,1.5488878680395983,-0.3303174598660074,-0.5043466479784757,-0.5043466479784757
-1.006709821867126,-0.5232825142917406,-0.5098952713691624,-0.12453243528155093,-0.6209601417392523,-0.6146175167785926,-0.465747526873749,-0.16224066063139642,-0.6533488973196707,1.1944880919464211,1.3217135414139385,-0.43104931385237927,-1.3355437102870424,-0.16907040426840003,-0.6456245288212396,-0.3303174598660074,-0.5043466479784757,1.9827632522357468
-1.1932917349873962,-0.2816035990969911,-0.1440159114860482,-0.8352088185980289,-0.033574079805881715,0.30902655685806163,0.28864597216879595,-0.14837435610832114,-0.8491859770422845,-0.8371787100618959,1.3217135414139385,0.4629942581898511,0.44051102323259766,0.8669866228360602,1.5488878680395983,-0.3303174598660074,-0.5043466479784757,-0.5043466479784757
0.8591093093355744,-0.2816035990969911,-0.3603009303448403,0.5173470494077144,-0.5518558991588557,-0.42245592011801847,-0.6543459016343852,-0.13626486844789795,-0.4372285133326127,-0.8371787100618959,-1.3278610462577245,-0.43104931385237927,-0.44751634352722236,-0.8597750890047069,-0.6456245288212396,-0.3303174598660074,-0.5043466479784757,-0.5043466479784757
-1.006709821867126,2.8602222984347514,1.275007025482448,0.24807748502249144,0.5192598608372906,-0.39544422322516326,-0.7758870764801286,-0.14618927031864096,-0.796049574950156,-0.8371787100618959,1.3217135414139385,1.3570378302320816,1.3285383899924177,1.557691307572367,1.5488878680395983,-0.3303174598660074,-0.5043466479784757,-0.5043466479784757
1.476264868118006,-0.5232825142917406,-0.3654450143572365,0.7551393837304178,-0.5691319598039548,0.3624527616571039,-0.27714915211311275,-0.16224066063139642,1.7111618650367586,1.1944880919464211,-1.3278610462577245,-1.3250928858946096,-0.44751634352722236,-1.2051274313728604,-0.6456245288212396,-0.3303174598660074,-0.5043466479784757,-0.5043466479784757
-0.9349475475900991,-0.2816035990969911,0.4231977890411065,0.32684310547350903,0.2946710724510018,2.227360451760212,0.8858741589108107,-0.15004632809732962,-0.7585901277829338,-0.8371787100618959,1.3217135414139385,0.4629942581898511,1.3285383899924177,1.2123389652042138,1.5488878680395983,-0.3303174598660074,-0.5043466479784757,-0.5043466479784757
-0.375201808229289,1.410148807266255,2.7160437233947725,1.6178866533368812,0.5019838001921915,1.252061450116929,-0.5705244017407691,-0.1490631000252915,-0.5783664189051886,-0.8371787100618959,0.43852201219005094,1.3570378302320816,1.3285383899924177,1.2123389652042138,1.5488878680395983,-0.3303174598660074,-0.5043466479784757,-0.5043466479784757
0.28501111511935884,-0.2816035990969911,-0.033757395867155836,0.7030028813987951,-0.39637135335296353,0.6819241922937794,-0.37144833949343087,-0.14535452155684223,-0.4373993594859621,-0.8371787100618959,-0.4446695170338368,0.4629942581898511,0.44051102323259766,0.1762819380997534,-0.6456245288212396,-0.3303174598660074,1.9827632522357468,-0.5043466479784757
1.1748633161544928,-0.5232825142917406,-0.4046130185821199,0.28880733509756706,-0.6900643843196488,0.09751801120790356,-0.7172120265545973,-0.16224066063139642,1.4241403274096776,1.1944880919464211,-1.3278610462577245,-1.3250928858946096,-0.44751634352722236,-1.2051274313728604,-0.6456245288212396,-0.3303174598660074,-0.5043466479784757,-0.5043466479784757
-0.9062426378792884,0.4434331464872571,1.0177298591319652,-0.5916719852973163,1.6422038027687342,0.9499386611535664,0.6784159466741108,-0.15593560770981513,-0.700066928573113,-0.8371787100618959,1.3217135414139385,1.3570378302320816,1.3285383899924177,1.557691307572367,1.5488878680395983,-0.3303174598660074,-0.5043466479784757,-0.5043466479784757
0.41418320881800735,-0.5232825142917406,-0.5427955193292965,-1.6357376275142002,-0.327267110772567,-0.8371567846205158,0.6029765967698564,-0.16224066063139642,0.6997526372079969,1.1944880919464211,-0.4446695170338368,-1.3250928858946096,-1.3355437102870424,-1.2051274313728604,-0.6456245288212396,-0.3303174598660074,-0.5043466479784757,-0.5043466479784757
-0.31779198880766746,-0.0399246839022417,-0.4859625117086523,-1.1257332124220818,-0.30999105012746786,-0.9790179590568953,-0.507658276820557,-0.15474791707326632,-0.4421830517797468,-0.8371787100618959,0.43852201219005094,0.4629942581898511,-1.3355437102870424,-0.16907040426840003,-0.6456245288212396,-0.3303174598660074,-0.5043466479784757,1.9827632522357468
0.8304043996247635,-0.5232825142917406,-0.5878007820079628,-0.4906333747601985,-0.7073404449647479,-1.141575104436214,-0.7800781514748094,-0.16224066063139642,1.0961157129787278,1.1944880919464211,-1.3278610462577245,-1.3250928858946096,-1.3355437102870424,-1.5504797737410139,-0.6456245288212396,3.027390681696474,-0.5043466479784757,-0.5043466479784757
-0.820127908746856,0.4434331464872571,-0.19315103452076604,-1.376795406658857,1.12392198341576,-0.6881556647236947,0.3012191971528383,-0.1517822791979798,-0.7047986178952257,-0.8371787100618959,0.43852201219005094,1.3570378302320816,0.44051102323259766,0.8669866228360602,1.5488878680395983,-0.3303174598660074,-0.5043466479784757,-0.5043466479784757
-0.5761361762049644,0.20175423129250772,0.6273486068890972,0.5663077443192285,0.2946710724510018,0.8378225982143105,-0.10426730858252954,-0.15142624919173583,-0.6164921990690022,-0.8371787100618959,0.43852201219005094,1.3570378302320816,1.3285383899924177,1.2123389652042138,1.5488878680395983,-0.3303174598660074,-0.5043466479784757,-0.5043466479784757
-1.078472096144153,0.20175423129250772,1.3564148911935183,-0.766204868334172,3.3179816853433506,2.0706847130677777,2.646125656676749,-0.1582056098744289,-0.7716220535743956,-0.8371787100618959,1.3217135414139385,1.3570378302320816,1.3285383899924177,1.557691307572367,1.5488878680395983,-0.3303174598660074,-0.5043466479784757,-0.5043466479784757
0.0984292019990888,-0.0399246839022417,0.09969692553245642,1.2991934404687446,-0.5864080204490539,0.3414606639439159,-0.8429442763950215,-0.08413657801162557,-0.7548114128617929,-0.8371787100618959,-0.4446695170338368,0.4629942581898511,1.3285383899924177,0.5216342804679068,-0.6456245288212396,-0.3303174598660074,1.9827632522357468,-0.5043466479784757
1.0887485870220606,-0.5232825142917406,-0.0816302117612431,0.7661163556544064,-0.033574079805881715,2.282193258717936,1.6717007204134617,-0.16224066063139642,1.3421341738019401,1.1944880919464211,-1.3278610462577245,-1.3250928858946096,0.44051102323259766,-0.8597750890047069,-0.6456245288212396,-0.3303174598660074,-0.5043466479784757,-0.5043466479784757
-0.4900214470725321,-0.5232825142917406,-0.4058096565651455,0.5562624806369962,-0.5000277172235583,0.08942387948777157,-0.02568465243226445,-0.16224066063139642,-0.16131197567324615,1.1944880919464211,0.43852201219005094,-0.43104931385237927,-0.44751634352722236,-0.16907040426840003,-0.6456245288212396,-0.3303174598660074,-0.5043466479784757,1.9827632522357468
-0.5043739019279375,-0.5232825142917406,-0.3130629163076019,0.46201638173262627,-0.36181923206276523,0.7167684422597137,0.4772443469294322,-0.16224066063139642,-0.17497966794120237,1.1944880919464211,0.43852201219005094,-0.43104931385237927,-0.44751634352722236,-0.16907040426840003,-0.6456245288212396,-0.3303174598660074,-0.5043466479784757,1.9827632522357468
2.1364777914666537,-0.5232825142917406,-0.44074564841103636,-0.5153775242794928,-0.5518558991588557,-0.14688528317071795,-0.21428302719290068,-0.16224066063139642,2.3398757093627456,1.1944880919464211,-1.3278610462577245,-1.3250928858946096,-0.44751634352722236,-1.2051274313728604,-0.6456245288212396,-0.3303174598660074,-0.5043466479784757,-0.5043466479784757
1.777666420081519,-0.5232825142917406,-0.29647050915272394,0.7894897355270346,-0.5173037778686574,0.8290004881839835,-0.08855077735247653,-0.16224066063139642,1.9981834026638394,1.1944880919464211,-1.3278610462577245,-1.3250928858946096,0.44051102323259766,-0.8597750890047069,-0.6456245288212396,-0.3303174598660074,-0.5043466479784757,-0.5043466479784757
-0.28908707909685666,-0.5232825142917406,-0.5369509643024462,-1.20708897675067,-0.6036840810941531,-0.79762386079231,-0.40288140195353694,-0.16224066063139642,0.030035716078141178,1.1944880919464211,0.43852201219005094,-0.43104931385237927,-1.3355437102870424,-0.5144227466365535,-0.6456245288212396,-0.3303174598660074,-0.5043466479784757,1.9827632522357468
-1.221996644698207,0.9267909768767559,2.6988894801137184,0.7913519314125891,1.8840686518001222,1.9481199580530428,0.2976268471573976,-0.15419768438146966,-0.8583642813390142,-0.8371787100618959,1.3217135414139385,1.3570378302320816,1.3285383899924177,1.557691307572367,1.5488878680395983,-0.3303174598660074,-0.5043466479784757,-0.5043466479784757
0.28501111511935884,-0.5232825142917406,-0.5203293708552993,-0.1751454683891983,-0.6727883236745497,-0.6851943970212074,-0.6543459016343852,-0.16224066063139642,0.5767434067963907,1.1944880919464211,-0.4446695170338368,-1.3250928858946096,-1.3355437102870424,-1.2051274313728604,-0.6456245288212396,-0.3303174598660074,-0.5043466479784757,-0.5043466479784757
-1.1358819155657744,-0.0399246839022417,-0.09126168820998498,-1.2880486083253762,0.6401922853529844,-0.08909120851050673,0.6448873467166645,-0.16097230373415228,-0.7889235867518173,-0.8371787100618959,1.3217135414139385,0.4629942581898511,0.44051102323259766,0.8669866228360602,1.5488878680395983,-0.3303174598660074,-0.5043466479784757,-0.5043466479784757
1.0169863127450336,-0.5232825142917406,-0.2537490738441001,0.7488938652219427,-0.2408868075470713,1.1179708614850394,0.9173072213709167,-0.16224066063139642,1.2737957124621588,1.1944880919464211,-1.3278610462577245,-1.3250928858946096,0.44051102323259766,-0.8597750890047069,-0.6456245288212396,-0.3303174598660074,-0.5043466479784757,-0.5043466479784757
0.328068479685575,-0.2816035990969911,-0.36650301745198466,-1.4247250191135528,0.3464992543862992,-0.44343156634397046,0.9801733462911288,-0.14913624097222639,-0.3439620450722977,-0.8371787100618959,-0.4446695170338368,-0.43104931385237927,-0.44751634352722236,-0.5144227466365535,-0.6456245288212396,-0.3303174598660074,-0.5043466479784757,1.9827632522357468
2.2369449754544917,-0.5232825142917406,-0.5370020403139169,3.3199656512111004,-0.7764446875451444,-0.7979693420242667,-1.0315426511556578,6.84009074654883,-0.8550703675024368,1.1944880919464211,-1.3278610462577245,-1.3250928858946096,-1.3355437102870424,-1.5504797737410139,-0.6456245288212396,3.027390681696474,-0.5043466479784757,-0.5043466479784757
-0.9062426378792884,-0.0399246839022417,1.1929497647683942,1.062674486524007,0.8647810737392733,2.806403448007138,0.9173072213709167,-0.15502103966103042,-0.7102415079917054,-0.8371787100618959,1.3217135414139385,0.4629942581898511,1.3285383899924177,1.2123389652042138,1.5488878680395983,-0.3303174598660074,-0.5043466479784757,-0.5043466479784757
-1.1071770058549637,0.4434331464872571,-0.23176449919254014,-0.40933116919680346,-0.15450650432157564,-0.7403924269955714,-0.6291994516663004,-0.12763204068850117,-0.8399488643885048,-0.8371787100618959,1.3217135414139385,1.3570378302320816,0.44051102323259766,1.2123389652042138,1.5488878680395983,-0.3303174598660074,-0.5043466479784757,-0.5043466479784757
-0.30343953395226203,-0.2816035990969911,-0.2534207280560748,-0.10168627450379378,0.03553016277451482,-0.060983842567731136,0.4143782220092201,-0.14414381724583647,-0.614149678378578,-0.8371787100618959,0.43852201219005094,-0.43104931385237927,0.44051102323259766,0.1762819380997534,-0.6456245288212396,-0.3303174598660074,1.9827632522357468,-0.5043466479784757
-0.1455625305428028,-0.2816035990969911,-0.36330711844853847,-0.6205401597364929,-0.5000277172235583,-0.4326229392298917,-0.5600467142540672,-0.09915659390004304,-0.7558565893293425,-0.8371787100618959,-0.4446695170338368,-0.43104931385237927,-0.44751634352722236,-0.5144227466365535,-0.6456245288212396,-0.3303174598660074,-0.5043466479784757,1.9827632522357468
-0.23167725967523511,-0.5232825142917406,-0.48183994792566814,2.273494327790952,-0.6900643843196488,-0.4248496115108625,-0.7172120265545973,-0.16224066063139642,0.08470648514996613,1.1944880919464211,-0.4446695170338368,-0.43104931385237927,-1.3355437102870424,-0.8597750890047069,-0.6456245288212396,-0.3303174598660074,-0.5043466479784757,-0.5043466479784757
0.7873470350585474,-0.2816035990969911,-0.0315246445085839,-1.3393577032719879,1.7976883485746264,0.6894754249351219,3.620550592940036,-0.160226482255555,0.6279972528012265,-0.8371787100618959,-1.3278610462577245,-0.43104931385237927,0.44051102323259766,-0.5144227466365535,-0.6456245288212396,-0.3303174598660074,-0.5043466479784757,1.9827632522357468
0.3711258442517912,-0.5232825142917406,-0.5177390874164332,3.3199656512111004,-0.7073404449647479,-0.667673563114824,-0.7800781514748094,-0.16224066063139642,0.6587495604041281,1.1944880919464211,-0.4446695170338368,-1.3250928858946096,-1.3355437102870424,-1.2051274313728604,-0.6456245288212396,-0.3303174598660074,-0.5043466479784757,-0.5043466479784757
-0.5043739019279375,1.1684698920715055,1.4269654561805523,0.845121113352531,1.3830628930922473,0.47391364411718456,-0.10426730858252954,-0.15287853417787,-0.5657774558423464,-0.8371787100618959,0.43852201219005094,1.3570378302320816,1.3285383899924177,1.2123389652042138,1.5488878680395983,-0.3303174598660074,-0.5043466479784757,-0.5043466479784757
-0.23167725967523511,0.6851120616820066,0.04123678211782036,0.059305348306113725,-0.033574079805881715,-0.5162540745943048,-0.6333905266609813,-0.13620596642480612,-0.6583189672352912,-0.8371787100618959,-0.4446695170338368,1.3570378302320816,0.44051102323259766,0.5216342804679068,-0.6456245288212396,-0.3303174598660074,1.9827632522357468,-0.5043466479784757
-0.5187263567833429,0.4434331464872571,0.01906979313957968,-1.0301848681893473,1.3830628930922473,-0.40106076096754745,0.4898175719134745,-0.15410636396096128,-0.5483810207017668,-0.8371787100618959,0.43852201219005094,1.3570378302320816,0.44051102323259766,0.8669866228360602,1.5488878680395983,-0.3303174598660074,-0.5043466479784757,-0.5043466479784757
1.6341418715274654,-0.2816035990969911,-0.5104060314838683,0.1341564006019788,-0.6727883236745497,-0.9301159132477641,-0.8743773388551275,-0.11434349885388738,-0.5111467373402963,-0.8371787100618959,-1.3278610462577245,-0.43104931385237927,-1.3355437102870424,-1.2051274313728604,-0.6456245288212396,-0.3303174598660074,-0.5043466479784757,-0.5043466479784757
-0.820127908746856,0.20175423129250772,0.2028339858377336,-0.5955580857025901,1.2103022866412558,0.11996195266967222,0.7287088466102805,-0.15012373825319503,-0.7181151209075998,-0.8371787100618959,0.43852201219005094,0.4629942581898511,1.3285383899924177,0.8669866228360602,1.5488878680395983,-0.3303174598660074,-0.5043466479784757,-0.5043466479784757
2.36611706915314,-0.5232825142917406,-0.3455910390413073,-0.9911565756982736,-0.20633468625687304,0.49674625196490446,1.0430394712113409,-0.16224066063139642,2.558558785650045,1.1944880919464211,-1.3278610462577245,-1.3250928858946096,-0.44751634352722236,-1.2051274313728604,-0.6456245288212396,-0.3303174598660074,-0.5043466479784757,-0.5043466479784757
-0.1312100756873974,-0.5232825142917406,-0.5039485643193711,-1.0102605146653758,-0.3445431714176661,-0.5743936304864729,0.5401104718496442,-0.16224066063139642,0.18038033102565978,1.1944880919464211,-0.4446695170338368,-0.43104931385237927,-1.3355437102870424,-0.8597750890047069,-0.6456245288212396,-0.3303174598660074,-0.5043466479784757,-0.5043466479784757
0.772994580203142,-0.5232825142917406,-0.5069766421422709,-1.559557722744151,0.10463440535491135,-0.5948757320953436,2.1746297197751585,-0.16224066063139642,1.041444943906903,1.1944880919464211,-1.3278610462577245,-1.3250928858946096,-1.3355437102870424,-1.5504797737410139,-0.6456245288212396,3.027390681696474,-0.5043466479784757,-0.5043466479784757
-0.28908707909685666,-0.2816035990969911,0.4599214412884683,0.5940882797918586,0.6920204672882819,2.351560954648701,1.6088345954932497,-0.1541692985580246,-0.4454459726803364,-0.8371787100618959,0.43852201219005094,0.4629942581898511,1.3285383899924177,0.8669866228360602,1.5488878680395983,-0.3303174598660074,-0.5043466479784757,-0.5043466479784757
-0.9923573670117206,0.4434331464872571,-0.031852990296609145,-0.7461643034498324,0.46743167890199316,-0.4699497186197445,-0.17656335224077346,-0.14417213781451496,-0.7972416823767255,-0.8371787100618959,1.3217135414139385,1.3570378302320816,0.44051102323259766,1.2123389652042138,1.5488878680395983,-0.3303174598660074,-0.5043466479784757,-0.5043466479784757
0.772994580203142,-0.0399246839022417,-0.2561423498101511,-0.08448802402971524,-0.29271498948236874,-0.4608454655833196,-0.48670290184715304,-0.1512259823132236,-0.11954958263226854,-0.8371787100618959,-1.3278610462577245,0.4629942581898511,0.44051102323259766,-0.16907040426840003,-0.6456245288212396,-0.3303174598660074,-0.5043466479784757,1.9827632522357468
0.772994580203142,-0.5232825142917406,-0.5301505582037891,-1.557906765055636,-0.2236107469019722,-0.75162550248034,0.9801733462911288,-0.16224066063139642,1.041444943906903,1.1944880919464211,-1.3278610462577245,-1.3250928858946096,-1.3355437102870424,-1.5504797737410139,-0.6456245288212396,3.027390681696474,-0.5043466479784757,-0.5043466479784757
1.5193222326842222,-0.5232825142917406,-0.4298810511139329,1.31723604949323,-0.724616505609847,-0.07339648968732382,-0.8429442763950215,-0.16224066063139642,1.752164941840627,1.1944880919464211,-1.3278610462577245,-1.3250928858946096,-0.44751634352722236,-1.2051274313728604,-0.6456245288212396,-0.3303174598660074,-0.5043466479784757,-0.5043466479784757
0.7873470350585474,-0.2816035990969911,-0.4125152072139286,1.533747357787054,-0.724616505609847,-0.5990461841096799,-0.9686765262354456,0.09710494704194528,-0.808009625614965,-0.8371787100618959,-1.3278610462577245,-0.43104931385237927,-0.44751634352722236,-0.8597750890047069,-0.6456245288212396,-0.3303174598660074,-0.5043466479784757,-0.5043466479784757
-1.0497671864333422,3.34358012882425,5.4375268425827885,0.04210227292603308,1.8495165305099237,1.1611502090723869,-0.528613651793961,-0.15666667976359006,-0.7670038136315349,-0.8371787100618959,1.3217135414139385,1.3570378302320816,1.3285383899924177,1.557691307572367,1.5488878680395983,-0.3303174598660074,-0.5043466479784757,-0.5043466479784757
-1.0928245509995584,3.826937959213749,3.47276401962399,-0.23794549343500165,2.9724604724413677,0.20870841822980732,-0.37310271120185745,-0.15811333308439304,-0.7809431363195689,-0.8371787100618959,1.3217135414139385,1.3570378302320816,1.3285383899924177,1.557691307572367,1.5488878680395983,-0.3303174598660074,-0.5043466479784757,-0.5043466479784757
1.7633139652261138,-0.5232825142917406,-0.3966816436580424,0.036210808754772755,-0.4827516565784592,0.15116631108463247,0.03718147248794763,-0.16224066063139642,1.9845157103958833,1.1944880919464211,-1.3278610462577245,-1.3250928858946096,-0.44751634352722236,-1.2051274313728604,-0.6456245288212396,-0.3303174598660074,-0.5043466479784757,-0.5043466479784757
-0.1455625305428028,-0.2816035990969911,-0.3465322969669798,1.0414418829760974,-0.4309234746431618,-0.3758899854964051,-0.43431446441364296,-0.12263788540560236,-0.7042173760613123,-0.8371787100618959,-0.4446695170338368,-0.43104931385237927,-0.44751634352722236,-0.5144227466365535,-0.6456245288212396,-0.3303174598660074,-0.5043466479784757,1.9827632522357468
1.6054369618166546,-0.2816035990969911,-0.30833473696003777,-1.1293417342269787,0.07008228406471309,-0.2467046819753952,0.4772443469294322,-0.16224066063139642,1.8341710954483645,-0.8371787100618959,-1.3278610462577245,-0.43104931385237927,0.44051102323259766,-0.5144227466365535,-0.6456245288212396,-0.3303174598660074,-0.5043466479784757,1.9827632522357468
-1.006709821867126,0.4434331464872571,0.46853869408086535,0.923305752458634,0.3464992543862992,0.20698620727651876,-0.2645759271290704,-0.1457539014073964,-0.7972042298038319,-0.8371787100618959,1.3217135414139385,1.3570378302320816,1.3285383899924177,1.557691307572367,1.5488878680395983,-0.3303174598660074,-0.5043466479784757,-0.5043466479784757
-0.633545995626586,-0.5232825142917406,-0.40615259549930527,-0.9279862175137227,0.03553016277451482,0.0871042197874897,1.92316522009431,-0.16224066063139642,-0.2979888983528085,1.1944880919464211,0.43852201219005094,-0.43104931385237927,-0.44751634352722236,-0.16907040426840003,-0.6456245288212396,-0.3303174598660074,-0.5043466479784757,1.9827632522357468
0.3998307539626019,0.20175423129250772,-0.27479239056998755,0.046314669808484574,-0.41364741399806265,-0.6877114745683216,-0.7486450890147034,-0.1254416217047736,-0.6112524051343655,-0.8371787100618959,-0.4446695170338368,1.3570378302320816,0.44051102323259766,0.5216342804679068,-0.6456245288212396,-0.3303174598660074,1.9827632522357468,-0.5043466479784757
-0.5904886310603699,-0.5232825142917406,0.014312427499746604,0.12281533207230197,0.24284289051570443,2.931155075718035,2.677558719136855,-0.16224066063139642,-0.2569858215489398,1.1944880919464211,0.43852201219005094,-0.43104931385237927,0.44051102323259766,0.1762819380997534,-0.6456245288212396,-0.3303174598660074,1.9827632522357468,-0.5043466479784757
-0.2747346242414513,1.1684698920715055,1.5944072149273159,-0.7696923943389049,2.350522289217799,0.6154869175269333,0.335795565858955,-0.15801207473756437,-0.2957249247869507,-0.8371787100618959,-0.4446695170338368,1.3570378302320816,1.3285383899924177,0.8669866228360602,1.5488878680395983,-0.3303174598660074,-0.5043466479784757,-0.5043466479784757
1.5336746875396277,-0.5232825142917406,-0.47001949955675776,-0.5772378980777282,-0.6382362023843514,-0.34489538354370436,-0.528613651793961,-0.16224066063139642,1.7658326341085835,1.1944880919464211,-1.3278610462577245,-1.3250928858946096,-1.3355437102870424,-1.5504797737410139,-0.6456245288212396,3.027390681696474,-0.5043466479784757,-0.5043466479784757
1.7059041458044921,-0.5232825142917406,-0.44834867754708857,-1.167231213178398,-0.15450650432157564,-0.19831263227058127,1.2316378459719772,-0.16224066063139642,1.9298449413240584,1.1944880919464211,-1.3278610462577245,-1.3250928858946096,-0.44751634352722236,-1.2051274313728604,-0.6456245288212396,-0.3303174598660074,-0.5043466479784757,-0.5043466479784757
1.3327403195639522,-0.5232825142917406,-0.40624015437611194,-0.8695281642743902,-0.4481995352882609,0.08651196624699248,0.16291372232837179,-0.16224066063139642,1.574484942357196,1.1944880919464211,-1.3278610462577245,-1.3250928858946096,-0.44751634352722236,-1.2051274313728604,-0.6456245288212396,-0.3303174598660074,-0.5043466479784757,-0.5043466479784757
-1.0497671864333422,0.9267909768767559,0.6829849765267159,-0.5170111609114885,2.4023504711530963,0.0001628101699390063,0.5670530968154494,-0.15654402327442302,-0.7678857570856432,-0.8371787100618959,1.3217135414139385,1.3570378302320816,1.3285383899924177,1.557691307572367,1.5488878680395983,-0.3303174598660074,-0.5043466479784757,-0.5043466479784757
-0.8344803636022614,-0.0399246839022417,-0.28637934860074665,0.9041552639326454,-0.5000277172235583,-0.5290204286894725,-0.7381674015280013,-0.09253666097144422,-0.8246460151348177,-0.8371787100618959,0.43852201219005094,0.4629942581898511,0.44051102323259766,0.5216342804679068,-0.6456245288212396,-0.3303174598660074,1.9827632522357468,-0.5043466479784757
-0.8344803636022614,-0.2816035990969911,-0.13442821447570974,0.7037873426607292,-0.18905862561177392,0.3414524382002979,0.005748410027841591,-0.12639288937770674,-0.7980092851090206,-0.8371787100618959,0.43852201219005094,-0.43104931385237927,0.44051102323259766,0.1762819380997534,-0.6456245288212396,-0.3303174598660074,1.9827632522357468,-0.5043466479784757
-0.633545995626586,-0.5232825142917406,-0.3948647969643025,-0.2809592656756535,-0.46547559593336,0.16345557204995498,0.1000475974081597,-0.16224066063139642,-0.2979888983528085,1.1944880919464211,0.43852201219005094,-0.43104931385237927,-0.44751634352722236,-0.16907040426840003,-0.6456245288212396,-0.3303174598660074,-0.5043466479784757,1.9827632522357468
1.6054369618166546,-0.5232825142917406,-0.45557228488364493,1.1548525682728623,-0.6900643843196488,-0.24717354936162234,-0.7172120265545973,-0.16224066063139642,1.8341710954483645,1.1944880919464211,-1.3278610462577245,-1.3250928858946096,-0.44751634352722236,-1.2051274313728604,-0.6456245288212396,-0.3303174598660074,-0.5043466479784757,-0.5043466479784757
0.3998307539626019,0.20175423129250772,0.19239988635159666,1.3367220672396742,-0.41364741399806265,0.10231773260901857,-0.7486450890147034,-0.12222900719530655,-0.6281358252477266,-0.8371787100618959,-0.4446695170338368,0.4629942581898511,1.3285383899924177,0.5216342804679068,-0.6456245288212396,-0.3303174598660074,1.9827632522357468,-0.5043466479784757
-0.1312100756873974,-0.5232825142917406,-0.07621615454535947,0.11936370251979193,0.0009780414843165532,2.318814269305362,1.7974329702538858,-0.16224066063139642,0.18038033102565978,1.1944880919464211,-0.4446695170338368,-0.43104931385237927,0.44051102323259766,-0.16907040426840003,-0.6456245288212396,-0.3303174598660074,-0.5043466479784757,1.9827632522357468
0.38547829910719655,-0.5232825142917406,-0.33886359867332244,0.8384129638434275,-0.5691319598039548,0.5422510656597933,-0.27714915211311275,-0.16224066063139642,0.6724172526720843,1.1944880919464211,-0.4446695170338368,-1.3250928858946096,-0.44751634352722236,-0.8597750890047069,-0.6456245288212396,-0.3303174598660074,-0.5043466479784757,-0.5043466479784757
0.27065866026395347,-0.5232825142917406,-0.022943874581523,0.5973359494162661,-0.10267832238627825,2.679151194236363,1.4202362207326134,-0.16224066063139642,0.5630757145284344,1.1944880919464211,-0.4446695170338368,-1.3250928858946096,0.44051102323259766,-0.5144227466365535,-0.6456245288212396,-0.3303174598660074,-0.5043466479784757,1.9827632522357468
0.3711258442517912,-0.5232825142917406,-0.32486877153037785,0.5241457136778104,-0.39637135335296353,0.6369129232159718,0.35151209708900805,-0.16224066063139642,0.6587495604041281,1.1944880919464211,-0.4446695170338368,-1.3250928858946096,-0.44751634352722236,-0.8597750890047069,-0.6456245288212396,-0.3303174598660074,-0.5043466479784757,-0.5043466479784757
-0.9062426378792884,0.20175423129250772,-0.14918918179071333,0.13597582336075043,-0.36181923206276523,-0.47531454860741745,-0.7014954953245442,-0.11381248819116553,-0.8203461028465383,-0.8371787100618959,1.3217135414139385,0.4629942581898511,0.44051102323259766,0.8669866228360602,1.5488878680395983,-0.3303174598660074,-0.5043466479784757,-0.5043466479784757
2.323059704586924,-0.5232825142917406,-0.4627667059279324,-0.5153775242794928,-0.5518558991588557,-0.2958370486058308,-0.21428302719290068,-0.16224066063139642,2.5175557088461766,1.1944880919464211,-1.3278610462577245,-1.3250928858946096,-0.44751634352722236,-1.2051274313728604,-0.6456245288212396,-0.3303174598660074,-0.5043466479784757,-0.5043466479784757
-1.1358819155657744,5.0353325351874965,7.330250599648837,1.256862703911299,0.6056401640627862,0.9936222952114256,-0.882235604470154,-0.15828840584822731,-0.8059258318055612,-0.8371787100618959,1.3217135414139385,1.3570378302320816,1.3285383899924177,1.557691307572367,1.5488878680395983,-0.3303174598660074,-0.5043466479784757,-0.5043466479784757
-0.5043739019279375,-0.2816035990969911,-0.33960055255311256,0.31587124863429505,-0.41364741399806265,-0.3524466161850471,-0.40288140195353694,-0.144564931788795,-0.6643167985223516,-0.8371787100618959,0.43852201219005094,0.4629942581898511,-0.44751634352722236,0.1762819380997534,-0.6456245288212396,-0.3303174598660074,1.9827632522357468,-0.5043466479784757
-1.2076441898428014,0.20175423129250772,0.19977672172256475,-1.5800271154385963,4.078128353727712,0.11479207280574635,3.337653030799082,-0.15861577728945994,-0.8493554893919614,-0.8371787100618959,1.3217135414139385,1.3570378302320816,1.3285383899924177,1.557691307572367,1.5488878680395983,-0.3303174598660074,-0.5043466479784757,-0.5043466479784757
1.3327403195639522,-0.5232825142917406,-0.5241454785694599,0.11559828846250787,-0.7073404449647479,-0.7110067804945553,-0.7800781514748094,-0.16224066063139642,1.574484942357196,1.1944880919464211,-1.3278610462577245,-1.3250928858946096,-1.3355437102870424,-1.5504797737410139,-0.6456245288212396,3.027390681696474,-0.5043466479784757,-0.5043466479784757
1.4619124132626007,-0.5232825142917406,-0.32923941879764784,0.34785587372315513,-0.41364741399806265,0.6073496006528066,0.28864597216879595,-0.16224066063139642,1.6974941727688022,1.1944880919464211,-1.3278610462577245,-1.3250928858946096,-0.44751634352722236,-1.2051274313728604,-0.6456245288212396,-0.3303174598660074,-0.5043466479784757,-0.5043466479784757
-0.6909558150482076,0.20175423129250772,-0.487421826322098,-1.5298876545705529,-0.050850140450980845,-1.0472710667274192,-0.41859793318358995,-0.12830907928347152,-0.7717845030812993,-0.8371787100618959,0.43852201219005094,0.4629942581898511,-1.3355437102870424,-0.16907040426840003,-0.6456245288212396,-0.3303174598660074,-0.5043466479784757,1.9827632522357468
-1.1789392801319907,-0.2816035990969911,-0.24343901610010601,0.43970915602962574,-0.2236107469019722,-0.02722539075937549,-0.05711771489237049,-0.1289462920787377,-0.8512333114600806,-0.8371787100618959,1.3217135414139385,0.4629942581898511,0.44051102323259766,0.8669866228360602,1.5488878680395983,-0.3303174598660074,-0.5043466479784757,-0.5043466479784757
-1.1789392801319907,-0.0399246839022417,0.5822265990413553,-0.6868994698109636,1.4348910750275445,1.4294139663505274,1.6088345954932497,-0.15138305437480182,-0.8422784589005735,-0.8371787100618959,1.3217135414139385,0.4629942581898511,1.3285383899924177,1.2123389652042138,1.5488878680395983,-0.3303174598660074,-0.5043466479784757,-0.5043466479784757
-1.15023437042118,0.6851120616820066,0.3559379785073926,-0.039872482312333986,0.36377531503139837,-0.16147775234908587,-0.3924037144668349,-0.14189647650936105,-0.8408525506206953,-0.8371787100618959,1.3217135414139385,1.3570378302320816,1.3285383899924177,1.557691307572367,1.5488878680395983,-0.3303174598660074,-0.5043466479784757,-0.5043466479784757
-1.221996644698207,-0.5232825142917406,-0.17243606358290386,1.2703252660295679,-0.01629801916078258,1.6679769827603539,1.7345668453336738,-0.16224066063139642,-0.8583642813390142,1.1944880919464211,1.3217135414139385,-0.43104931385237927,0.44051102323259766,0.5216342804679068,-0.6456245288212396,-0.3303174598660074,1.9827632522357468,-0.5043466479784757
-0.8918901830238829,-0.0399246839022417,0.14387767545452596,0.28880733509756706,0.03553016277451482,0.4410744191581427,-0.08855077735247653,-0.14043382274895327,-0.781899084056124,-0.8371787100618959,1.3217135414139385,0.4629942581898511,1.3285383899924177,1.2123389652042138,1.5488878680395983,-0.3303174598660074,-0.5043466479784757,-0.5043466479784757
0.28501111511935884,-0.5232825142917406,-0.4432775592653646,-0.03595962734316864,-0.5864080204490539,-0.16401128138343635,-0.34001527703332485,-0.16224066063139642,0.5767434067963907,1.1944880919464211,-0.4446695170338368,-1.3250928858946096,-0.44751634352722236,-0.8597750890047069,-0.6456245288212396,-0.3303174598660074,-0.5043466479784757,-0.5043466479784757
-0.8918901830238829,-0.2816035990969911,-0.520701496081728,-0.7642249370587577,-0.41364741399806265,-0.9649354859828443,-0.40288140195353694,-0.15923665745371293,-0.6383144358249189,-0.8371787100618959,1.3217135414139385,0.4629942581898511,-1.3355437102870424,0.1762819380997534,-0.6456245288212396,-0.3303174598660074,1.9827632522357468,-0.5043466479784757
0.05537183743287264,0.20175423129250772,0.3480284933025168,0.899248940425987,0.22556682987060528,0.3654880610521535,-0.16713343350274162,-0.15345430391920478,-0.3185758598314176,-0.8371787100618959,-0.4446695170338368,1.3570378302320816,1.3285383899924177,0.8669866228360602,1.5488878680395983,-0.3303174598660074,-0.5043466479784757,-0.5043466479784757
0.15583902142071035,0.4434331464872571,0.5241677671454167,0.5557678802753886,0.6056401640627862,0.28224189048906356,-0.07597755236843416,-0.15165793048256374,-0.3355750520896882,-0.8371787100618959,-0.4446695170338368,1.3570378302320816,1.3285383899924177,0.8669866228360602,1.5488878680395983,-0.3303174598660074,-0.5043466479784757,-0.5043466479784757
-0.28908707909685666,-0.5232825142917406,-0.5928062311320816,-0.14421528149008053,-0.7764446875451444,-1.1754322651679858,-1.0315426511556578,6.84009074654883,-0.8574758813415971,1.1944880919464211,0.43852201219005094,-0.43104931385237927,-1.3355437102870424,-0.5144227466365535,-0.6456245288212396,-0.3303174598660074,-0.5043466479784757,1.9827632522357468
-1.1215294607103692,0.9267909768767559,0.5837807691046749,1.2652308823050078,-0.13723044367647652,-0.09569765574200831,-0.7531355265090042,-0.12985750637596835,-0.841340465346898,-0.8371787100618959,1.3217135414139385,1.3570378302320816,1.3285383899924177,1.557691307572367,1.5488878680395983,-0.3303174598660074,-0.5043466479784757,-0.5043466479784757
0.18454393113152112,-0.5232825142917406,-0.5533098811191729,-0.014308496513786335,-0.724616505609847,-0.90827656394192,-0.8429442763950215,-0.16224066063139642,0.481069560920697,1.1944880919464211,-0.4446695170338368,-1.3250928858946096,-1.3355437102870424,-1.2051274313728604,-0.6456245288212396,-0.3303174598660074,-0.5043466479784757,-0.5043466479784757
-1.1071770058549637,-0.0399246839022417,-0.16535109113462482,-0.08808272008057061,-0.4481995352882609,-0.2561396099052645,-0.6753012766077892,-0.13393370761091733,-0.8366629073563051,-0.8371787100618959,1.3217135414139385,0.4629942581898511,0.44051102323259766,0.8669866228360602,1.5488878680395983,-0.3303174598660074,-0.5043466479784757,-0.5043466479784757
2.409174433719356,-0.2816035990969911,-0.3480353910188289,0.7372950451347734,-0.5000277172235583,-0.38097349505234174,-0.5600467142540672,-0.16224066063139642,2.599561862453914,-0.8371787100618959,-1.3278610462577245,-0.43104931385237927,-0.44751634352722236,-0.8597750890047069,-0.6456245288212396,-0.3303174598660074,-0.5043466479784757,-0.5043466479784757
-1.221996644698207,11.80234216064048,14.033393379319794,1.023879725272144,4.751894718886579,0.6616717787567041,-0.7063313510876376,-0.1603237869292048,-0.8583642813390142,-0.8371787100618959,1.3217135414139385,1.3570378302320816,1.3285383899924177,1.557691307572367,1.5488878680395983,-0.3303174598660074,-0.5043466479784757,-0.5043466479784757
1.4619124132626007,-0.2816035990969911,-0.3908151989119905,-1.284765923395045,0.08735834470981221,-0.5256560995497022,0.5086774093895382,-0.1547215496472553,0.3747253237130025,-0.8371787100618959,-1.3278610462577245,-0.43104931385237927,-0.44751634352722236,-0.8597750890047069,-0.6456245288212396,-0.3303174598660074,-0.5043466479784757,-0.5043466479784757
-0.820127908746856,-0.5232825142917406,0.5328433925223516,0.6545358964047019,0.4847077395470923,6.438529897005744,3.557684468019824,-0.16224066063139642,-0.4756688978362396,1.1944880919464211,0.43852201219005094,-0.43104931385237927,1.3285383899924177,0.5216342804679068,-0.6456245288212396,-0.3303174598660074,1.9827632522357468,-0.5043466479784757
-0.4182591727955052,1.1684698920715055,0.19645678097697575,1.015167853244589,-0.3790952927078644,-0.5664907473054598,-0.9058104013152335,-0.12579208874217002,-0.7349141576284418,-0.8371787100618959,0.43852201219005094,1.3570378302320816,1.3285383899924177,1.2123389652042138,1.5488878680395983,-0.3303174598660074,-0.5043466479784757,-0.5043466479784757
-0.5904886310603699,-0.0399246839022417,-0.3224171229797891,0.0027031062807285236,-0.30999105012746786,-0.6102743241482778,-0.507658276820557,-0.11057922326703706,-0.786518182160554,-0.8371787100618959,0.43852201219005094,0.4629942581898511,-0.44751634352722236,0.1762819380997534,-0.6456245288212396,-0.3303174598660074,1.9827632522357468,-0.5043466479784757
0.6725273962153043,-0.5232825142917406,-0.22189223583257975,-0.1861206959985625,-0.25816286819217044,1.3334524413027014,0.8544410964507047,-0.16224066063139642,0.9457710980312092,1.1944880919464211,-1.3278610462577245,-1.3250928858946096,0.44051102323259766,-0.8597750890047069,-0.6456245288212396,-0.3303174598660074,-0.5043466479784757,-0.5043466479784757
1.9068385137801676,-0.5232825142917406,-0.405700207969137,2.2374091097419813,-0.7418925662549462,0.0901641964133933,-0.9058104013152335,-0.16224066063139642,2.1211926330754456,1.1944880919464211,-1.3278610462577245,-1.3250928858946096,-0.44751634352722236,-1.2051274313728604,-0.6456245288212396,-0.3303174598660074,-0.5043466479784757,-0.5043466479784757
1.2035682258653038,-0.5232825142917406,-0.4516029491350726,-1.2975543660552573,0.07008228406471309,-0.22032472219240384,2.048897469934734,-0.16224066063139642,1.4514757119455899,1.1944880919464211,-1.3278610462577245,-1.3250928858946096,-0.44751634352722236,-1.2051274313728604,-0.6456245288212396,-0.3303174598660074,-0.5043466479784757,-0.5043466479784757
-0.5904886310603699,0.4434331464872571,1.1152120753101402,0.47106052499046935,1.5558234995432385,1.0818137828376693,0.6155498217538987,-0.15366872799698747,-0.5878301318059436,-0.8371787100618959,0.43852201219005094,1.3570378302320816,1.3285383899924177,1.2123389652042138,1.5488878680395983,-0.3303174598660074,-0.5043466479784757,-0.5043466479784757
0.27065866026395347,-0.2816035990969911,-0.4147844414378367,0.3369209591628607,-0.6382362023843514,-0.606720802905293,-0.8115112139349154,-0.03694869476218067,-0.7830562020877587,-0.8371787100618959,-0.4446695170338368,-0.43104931385237927,-0.44751634352722236,-0.5144227466365535,-0.6456245288212396,-0.3303174598660074,-0.5043466479784757,1.9827632522357468
-0.9780049121563152,-0.2816035990969911,-0.205212269800895,-1.3437195369281263,1.4521671356726438,0.10205862168505088,2.9918893437379155,-0.15796290120435205,-0.7140733931037867,-0.8371787100618959,1.3217135414139385,0.4629942581898511,0.44051102323259766,0.8669866228360602,1.5488878680395983,-0.3303174598660074,-0.5043466479784757,-0.5043466479784757
-0.9780049121563152,-0.0399246839022417,-0.21015204976740878,-0.47574822231499825,-0.36181923206276523,-0.35715174153455465,-0.5705244017407691,-0.15590964318165487,-0.7362816741320153,-0.8371787100618959,1.3217135414139385,0.4629942581898511,0.44051102323259766,0.8669866228360602,1.5488878680395983,-0.3303174598660074,-0.5043466479784757,-0.5043466479784757
-0.6191935407711806,-0.2816035990969911,-0.025337150547573982,-0.36627816179143824,-0.13723044367647652,0.7104017166993658,0.1000475974081597,-0.145639590438935,-0.687945243372935,-0.8371787100618959,0.43852201219005094,0.4629942581898511,0.44051102323259766,0.5216342804679068,-0.6456245288212396,-0.3303174598660074,1.9827632522357468,-0.5043466479784757
0.3998307539626019,-0.5232825142917406,-0.48001580465886096,-1.047376738944317,-0.18905862561177392,-0.4125109960838319,1.105905596131553,-0.16224066063139642,0.6860849449400406,1.1944880919464211,-0.4446695170338368,-1.3250928858946096,-1.3355437102870424,-1.2051274313728604,-0.6456245288212396,-0.3303174598660074,-0.5043466479784757,-0.5043466479784757
-1.1789392801319907,0.20175423129250772,-0.19075046198164783,-0.885350144495862,-0.050850140450980845,-0.5455953020797836,-0.41859793318358995,-0.13928850563327874,-0.8487718184170083,-0.8371787100618959,1.3217135414139385,1.3570378302320816,0.44051102323259766,1.2123389652042138,1.5488878680395983,-0.3303174598660074,-0.5043466479784757,-0.5043466479784757
1.3901501389855737,-0.0399246839022417,-0.3874514787279981,-1.5315969543728725,0.46743167890199316,-0.7569064298831091,0.435333596982624,-0.1606518767285327,1.1695052779827537,-0.8371787100618959,-1.3278610462577245,0.4629942581898511,-0.44751634352722236,-0.5144227466365535,-0.6456245288212396,-0.3303174598660074,-0.5043466479784757,1.9827632522357468
-0.4900214470725321,-0.5232825142917406,-0.4957836990571421,0.1341564006019788,-0.6727883236745497,-0.519165987835084,-0.6543459016343852,-0.16224066063139642,-0.16131197567324615,1.1944880919464211,0.43852201219005094,-0.43104931385237927,-1.3355437102870424,-0.5144227466365535,-0.6456245288212396,-0.3303174598660074,-0.5043466479784757,1.9827632522357468
-0.7483656344698291,0.6851120616820066,0.17949224859566912,0.7905637003499207,-0.15450650432157564,-0.3603926845200548,-0.7067343390678952,-0.1509352723282865,-0.6857463901029744,-0.8371787100618959,0.43852201219005094,1.3570378302320816,1.3285383899924177,1.2123389652042138,1.5488878680395983,-0.3303174598660074,-0.5043466479784757,-0.5043466479784757
-0.705308269903613,0.9267909768767559,1.1838509381535602,-0.24209025647221996,0.7784007705137775,0.4841467629545596,-0.27714915211311275,-0.15194418077409508,-0.6590755840241217,-0.8371787100618959,0.43852201219005094,1.3570378302320816,1.3285383899924177,1.2123389652042138,1.5488878680395983,-0.3303174598660074,-0.5043466479784757,-0.5043466479784757
-0.030742891699559686,-0.5232825142917406,-0.4193083167395185,2.8869430346234526,-0.724616505609847,-0.0018818746722546143,-0.8429442763950215,-0.16224066063139642,0.2760541769013535,1.1944880919464211,-0.4446695170338368,-0.43104931385237927,-0.44751634352722236,-0.5144227466365535,-0.6456245288212396,-0.3303174598660074,-0.5043466479784757,1.9827632522357468
0.06972429228827803,-0.2816035990969911,-0.3846787809624513,-1.4508800192633329,0.07008228406471309,-0.5049025484014368,0.4772443469294322,-0.16224066063139642,0.37172802277704714,-0.8371787100618959,-0.4446695170338368,0.4629942581898511,-0.44751634352722236,-0.16907040426840003,-0.6456245288212396,-0.3303174598660074,-0.5043466479784757,1.9827632522357468
-0.07380025626577585,-0.5232825142917406,-0.5743969772834637,-1.6264850075016435,-0.5691319598039548,-1.0509109582783933,-0.27714915211311275,-0.16224066063139642,0.23505110009748473,1.1944880919464211,-0.4446695170338368,-0.43104931385237927,-1.3355437102870424,-0.8597750890047069,-0.6456245288212396,-0.3303174598660074,-0.5043466479784757,-0.5043466479784757
0.08407674714368342,-0.5232825142917406,-0.5062177985432791,-0.9893078074111348,-0.29271498948236874,-0.5897428680776989,0.7287088466102805,-0.16224066063139642,0.38539571504500336,1.1944880919464211,-0.4446695170338368,-0.43104931385237927,-1.3355437102870424,-0.8597750890047069,-0.6456245288212396,-0.3303174598660074,-0.5043466479784757,-0.5043466479784757
-1.006709821867126,0.6851120616820066,0.5578487484237442,1.2764027764378159,-0.15450650432157564,0.06614502504877376,-0.7067343390678952,-0.1487226463318207,-0.7883590282592384,-0.8371787100618959,1.3217135414139385,1.3570378302320816,1.3285383899924177,1.557691307572367,1.5488878680395983,-0.3303174598660074,-0.5043466479784757,-0.5043466479784757
-0.9780049121563152,0.9267909768767559,0.8538561246150768,0.5651672977165131,0.7611247098686784,0.16527463649576868,-0.2861300271017145,-0.1496583194527385,-0.7752358538793624,-0.8371787100618959,1.3217135414139385,1.3570378302320816,1.3285383899924177,1.557691307572367,1.5488878680395983,-0.3303174598660074,-0.5043466479784757,-0.5043466479784757
0.7873470350585474,0.6851120616820066,-0.573703802842077,-1.6056666124733912,-0.6555122630294505,-1.2095032952338263,-1.0105872761822539,-0.06811522773064693,-0.7257470692340924,-0.8371787100618959,-1.3278610462577245,1.3570378302320816,-1.3355437102870424,-0.5144227466365535,-0.6456245288212396,-0.3303174598660074,-0.5043466479784757,1.9827632522357468
-0.9205950927346938,0.20175423129250772,0.5105888446673041,-0.9588664162319934,1.6422038027687342,0.6403800741509674,1.121622127361606,-0.15757962693607366,-0.6859763456300663,-0.8371787100618959,1.3217135414139385,1.3570378302320816,1.3285383899924177,1.557691307572367,1.5488878680395983,-0.3303174598660074,-0.5043466479784757,-0.5043466479784757
-0.6909558150482076,0.20175423129250772,-0.10224303067616408,-0.7585661187738056,0.2773950118059027,-0.39592789694990277,-0.11998383981258257,-0.1480445274710356,-0.6912066892920014,-0.8371787100618959,0.43852201219005094,1.3570378302320816,0.44051102323259766,0.8669866228360602,1.5488878680395983,-0.3303174598660074,-0.5043466479784757,-0.5043466479784757
-0.9062426378792884,1.1684698920715055,0.0982011280536745,-0.28739211439406076,0.07008228406471309,-0.6495666449756566,-0.7014954953245442,-0.13719088549945646,-0.7926221916487015,-0.8371787100618959,1.3217135414139385,1.3570378302320816,1.3285383899924177,1.557691307572367,1.5488878680395983,-0.3303174598660074,-0.5043466479784757,-0.5043466479784757
0.7586421253477367,-0.5232825142917406,-0.45628005247116615,-0.1608699975126823,-0.5691319598039548,-0.2519609321473102,-0.27714915211311275,-0.16224066063139642,1.0277772516389465,1.1944880919464211,-1.3278610462577245,-1.3250928858946096,-0.44751634352722236,-1.2051274313728604,-0.6456245288212396,-0.3303174598660074,-0.5043466479784757,-0.5043466479784757
0.41418320881800735,-0.5232825142917406,-0.4290127589189326,0.46201638173262627,-0.5345798385137566,-0.06752330874405728,-0.1514169022726886,-0.16224066063139642,0.6997526372079969,1.1944880919464211,-0.4446695170338368,-1.3250928858946096,-0.44751634352722236,-0.8597750890047069,-0.6456245288212396,-0.3303174598660074,-0.5043466479784757,-0.5043466479784757
1.0887485870220606,-0.5232825142917406,-0.293187051272471,0.015814815944485014,-0.39637135335296353,0.8512099959526386,0.35151209708900805,-0.16224066063139642,1.3421341738019401,1.1944880919464211,-1.3278610462577245,-1.3250928858946096,0.44051102323259766,-0.8597750890047069,-0.6456245288212396,-0.3303174598660074,-0.5043466479784757,-0.5043466479784757
-0.9923573670117206,-0.0399246839022417,0.06554896357782622,1.7725465948758299,-0.2408868075470713,0.26446770367924505,-0.423836776926941,-0.12188385026453735,-0.8260031086148847,-0.8371787100618959,1.3217135414139385,0.4629942581898511,0.44051102323259766,0.8669866228360602,1.5488878680395983,-0.3303174598660074,-0.5043466479784757,-0.5043466479784757
-0.9780049121563152,-0.5232825142917406,-0.45851280382973814,-1.2774446823471157,-0.033574079805881715,-0.26706339742999563,1.6717007204134617,-0.16224066063139642,-0.6260135127837583,1.1944880919464211,1.3217135414139385,-0.43104931385237927,-0.44751634352722236,0.1762819380997534,-0.6456245288212396,-0.3303174598660074,1.9827632522357468,-0.5043466479784757
-1.006709821867126,0.9267909768767559,1.34635291693381,0.6753308787630512,1.1757501653510576,0.6411715081976438,-0.07058902737527314,-0.15148984745720934,-0.7774515431127134,-0.8371787100618959,1.3217135414139385,1.3570378302320816,1.3285383899924177,1.557691307572367,1.5488878680395983,-0.3303174598660074,-0.5043466479784757,-0.5043466479784757
-0.375201808229289,-0.2816035990969911,0.10480452667951648,-0.34629250256431615,0.191014708580407,1.1505448062124002,0.6972757841501744,-0.16034624421303748,-0.2235435957869192,-0.8371787100618959,0.43852201219005094,0.4629942581898511,1.3285383899924177,0.8669866228360602,1.5488878680395983,-0.3303174598660074,-0.5043466479784757,-0.5043466479784757
-0.9349475475900991,-0.2816035990969911,-0.2329538406024984,0.5435265213255945,-0.27543892883726956,0.008235789977910366,-0.1514169022726886,-0.14992121325624996,-0.7592359637911998,-0.8371787100618959,1.3217135414139385,0.4629942581898511,0.44051102323259766,0.8669866228360602,1.5488878680395983,-0.3303174598660074,-0.5043466479784757,-0.5043466479784757
-0.7196607247590183,0.9267909768767559,1.0359785883731043,0.3802909864893237,0.847505013094174,0.34125854567215885,-0.24122565215870587,-0.15160237041822888,-0.6683641085436226,-0.8371787100618959,0.43852201219005094,1.3570378302320816,1.3285383899924177,1.2123389652042138,1.5488878680395983,-0.3303174598660074,-0.5043466479784757,-0.5043466479784757
2.3804695240085456,-0.5232825142917406,-0.46144602620276404,-0.4870248529553015,-0.5864080204490539,-0.2869038910366607,-0.34001527703332485,-0.16224066063139642,2.5722264779180013,1.1944880919464211,-1.3278610462577245,-1.3250928858946096,-0.44751634352722236,-1.2051274313728604,-0.6456245288212396,-0.3303174598660074,-0.5043466479784757,-0.5043466479784757
0.012314472866656477,-0.5232825142917406,-0.5089175305781537,-0.057610758172550944,-0.5345798385137566,-0.6080040189097041,-0.1514169022726886,-0.16224066063139642,0.31705725370522214,1.1944880919464211,-0.4446695170338368,-0.43104931385237927,-1.3355437102870424,-0.8597750890047069,-0.6456245288212396,-0.3303174598660074,-0.5043466479784757,-0.5043466479784757
-1.1789392801319907,2.135185552850503,0.9028161298961812,-1.0738972843328172,2.1777616827668074,-0.39355888278791284,-0.19332765221949663,-0.15656190660171904,-0.8357127688724576,-0.8371787100618959,1.3217135414139385,1.3570378302320816,1.3285383899924177,1.557691307572367,1.5488878680395983,-0.3303174598660074,-0.5043466479784757,-0.5043466479784757
-0.9923573670117206,2.3768644680452526,0.7933967201800199,-0.7665882895604987,1.8149644092197255,-0.5157681229713327,-0.36419455584879096,-0.15674412723913622,-0.7357959442263744,-0.8371787100618959,1.3217135414139385,1.3570378302320816,1.3285383899924177,1.557691307572367,1.5488878680395983,-0.3303174598660074,-0.5043466479784757,-0.5043466479784757
0.18454393113152112,-0.2816035990969911,-0.158528795316766,0.4867605312519207,-0.20633468625687304,0.25994354468933406,-0.02568465243226445,-0.1391510675793978,-0.5464413317716843,-0.8371787100618959,-0.4446695170338368,-0.43104931385237927,0.44051102323259766,-0.16907040426840003,-0.6456245288212396,-0.3303174598660074,-0.5043466479784757,1.9827632522357468
-0.9923573670117206,1.6518277224610043,1.226090799639747,0.36097777119550845,1.0893698621255619,-0.0051738172681863774,-0.4091680144455581,-0.15124655767745432,-0.7732236703044921,-0.8371787100618959,1.3217135414139385,1.3570378302320816,1.3285383899924177,1.557691307572367,1.5488878680395983,-0.3303174598660074,-0.5043466479784757,-0.5043466479784757
-0.6766033601928021,-0.5232825142917406,-0.5674287500042604,0.0001255907058018667,-0.7418925662549462,-1.0037774473471366,-0.9058104013152335,-0.16224066063139642,-0.3389919751566772,1.1944880919464211,0.43852201219005094,-0.43104931385237927,-1.3355437102870424,-0.5144227466365535,-0.6456245288212396,-0.3303174598660074,-0.5043466479784757,1.9827632522357468
0.11278165685449419,-0.5232825142917406,-0.15469809445647095,-1.1743532956880633,0.847505013094174,1.7879576791727994,4.877873091344278,-0.16224066063139642,0.4127310995809158,1.1944880919464211,-0.4446695170338368,-1.3250928858946096,0.44051102323259766,-0.5144227466365535,-0.6456245288212396,-0.3303174598660074,-0.5043466479784757,1.9827632522357468
0.586412667082872,-0.5232825142917406,-0.530435124553411,-0.5772378980777282,-0.7073404449647479,-0.7535503264869567,-0.7800781514748094,-0.16224066063139642,0.8637649444234716,1.1944880919464211,-0.4446695170338368,-1.3250928858946096,-1.3355437102870424,-1.2051274313728604,-0.6456245288212396,-0.3303174598660074,-0.5043466479784757,-0.5043466479784757
-0.08815271112118124,-0.5232825142917406,-0.4646200354870085,0.48563579718286126,-0.6036840810941531,-0.308373081879694,-0.40288140195353694,-0.16224066063139642,0.2213834078295285,1.1944880919464211,-0.4446695170338368,-0.43104931385237927,-1.3355437102870424,-0.8597750890047069,-0.6456245288212396,-0.3303174598660074,-0.5043466479784757,-0.5043466479784757
1.1174534967328713,-0.5232825142917406,-0.34821050877244236,-0.5676151732646694,-0.01629801916078258,0.4790280002116887,1.7345668453336738,-0.16224066063139642,1.3694695583378524,1.1944880919464211,-1.3278610462577245,-1.3250928858946096,-0.44751634352722236,-1.2051274313728604,-0.6456245288212396,-0.3303174598660074,-0.5043466479784757,-0.5043466479784757
1.217920680720709,-0.5232825142917406,-0.4660793501004542,2.280711371400746,-0.6209601417392523,-0.31824397422131845,-0.465747526873749,-0.16224066063139642,1.4651434042135463,1.1944880919464211,-1.3278610462577245,-1.3250928858946096,-1.3355437102870424,-1.5504797737410139,-0.6456245288212396,3.027390681696474,-0.5043466479784757,-0.5043466479784757
-1.1071770058549637,0.4434331464872571,-0.14171749096987118,-1.2820513059278353,0.3983274363215966,-0.618575744607584,-0.22685625217694305,-0.14392593158035835,-0.8281001056028254,-0.8371787100618959,1.3217135414139385,1.3570378302320816,0.44051102323259766,1.2123389652042138,1.5488878680395983,-0.3303174598660074,-0.5043466479784757,-0.5043466479784757
-0.9205950927346938,2.135185552850503,-0.21617172254787245,2.8147725985255114,-0.6555122630294505,-1.0243006776740973,-1.0524980261290617,-0.0909103106671864,-0.8326834069197492,-0.8371787100618959,1.3217135414139385,1.3570378302320816,0.44051102323259766,1.2123389652042138,1.5488878680395983,-0.3303174598660074,-0.5043466479784757,-0.5043466479784757
-1.0354147315779367,0.6851120616820066,1.245397531975634,-1.0133535333552874,2.3332462285727,0.841248620431216,0.8020526590171947,-0.1578943669059786,-0.7486901223658344,-0.8371787100618959,1.3217135414139385,1.3570378302320816,1.3285383899924177,1.557691307572367,1.5488878680395983,-0.3303174598660074,-0.5043466479784757,-0.5043466479784757
-0.633545995626586,-0.0399246839022417,-0.08794904403746319,1.5279890783111545,-0.10267832238627825,-0.0816222333053443,-0.2561937771397087,-0.15980262906689965,-0.4426019004137649,-0.8371787100618959,0.43852201219005094,0.4629942581898511,0.44051102323259766,0.5216342804679068,-0.6456245288212396,-0.3303174598660074,1.9827632522357468,-0.5043466479784757
-0.8344803636022614,-0.0399246839022417,-0.3635697950789587,-0.19342239701140437,-0.4309234746431618,-0.7030607121595476,-0.6543459016343852,-0.10583215651711747,-0.8175770102025343,-0.8371787100618959,0.43852201219005094,0.4629942581898511,-0.44751634352722236,0.1762819380997534,-0.6456245288212396,-0.3303174598660074,1.9827632522357468,-0.5043466479784757
-0.375201808229289,0.20175423129250772,0.4457952758303137,-0.853728690425922,1.486719256962842,0.5308131691589361,0.9801733462911288,-0.15337169886871183,-0.5023886205582802,-0.8371787100618959,0.43852201219005094,1.3570378302320816,1.3285383899924177,1.2123389652042138,1.5488878680395983,-0.3303174598660074,-0.5043466479784757,-0.5043466479784757
-1.221996644698207,0.4434331464872571,0.6531565858278849,0.4342017903021786,1.0548177408353636,0.4567395253043006,0.2509262972166686,-0.14966507870129003,-0.8583642813390142,-0.8371787100618959,1.3217135414139385,1.3570378302320816,1.3285383899924177,1.557691307572367,1.5488878680395983,-0.3303174598660074,-0.5043466479784757,-0.5043466479784757
-1.1071770058549637,0.4434331464872571,-0.1693423166023989,0.190861743250361,-0.29271498948236874,-0.6559469430129741,-0.7297852515386397,-0.12155229238732568,-0.842296169998908,-0.8371787100618959,1.3217135414139385,1.3570378302320816,0.44051102323259766,1.2123389652042138,1.5488878680395983,-0.3303174598660074,-0.5043466479784757,-0.5043466479784757
1.0169863127450336,-0.2816035990969911,-0.5218981340647535,0.20220281178003746,-0.7073404449647479,-0.9689825518429103,-0.9372434637753396,-0.06586222534738431,-0.7138110614202907,-0.8371787100618959,-1.3278610462577245,-0.43104931385237927,-1.3355437102870424,-1.2051274313728604,-0.6456245288212396,-0.3303174598660074,-0.5043466479784757,-0.5043466479784757
-1.1071770058549637,-0.5232825142917406,-0.4124495380563235,0.8217582478208256,-0.5691319598039548,0.0445113193333802,-0.27714915211311275,-0.16224066063139642,-0.7490227431953643,1.1944880919464211,1.3217135414139385,-0.43104931385237927,-0.44751634352722236,0.1762819380997534,-0.6456245288212396,-0.3303174598660074,1.9827632522357468,-0.5043466479784757
-0.2747346242414513,-0.5232825142917406,0.22307467952622592,-1.1893376247962486,2.6269392595393852,4.3432355796491215,11.353083958126122,-0.16224066063139642,0.043703408346097414,1.1944880919464211,-0.4446695170338368,-0.43104931385237927,1.3285383899924177,0.1762819380997534,-0.6456245288212396,-0.3303174598660074,1.9827632522357468,-0.5043466479784757
-0.5330788116387483,-0.0399246839022417,0.19115217235710052,0.6002797435202609,0.018254102129415688,0.5476636049604509,-0.1095061523258806,-0.13683180042015686,-0.7165157994229279,-0.8371787100618959,0.43852201219005094,0.4629942581898511,1.3285383899924177,0.8669866228360602,1.5488878680395983,-0.3303174598660074,-0.5043466479784757,-0.5043466479784757
0.586412667082872,0.6851120616820066,-0.2864960937698223,-1.2059534279309472,-0.033574079805881715,-0.8857215749413082,-0.6333905266609813,-0.14616040832732596,-0.3355750520896882,-0.8371787100618959,-0.4446695170338368,1.3570378302320816,0.44051102323259766,0.5216342804679068,-0.6456245288212396,-0.3303174598660074,1.9827632522357468,-0.5043466479784757
-0.28908707909685666,-0.5232825142917406,-0.5359878166575721,-1.4324575658383323,-0.4481995352882609,-0.7911090718468379,0.16291372232837179,-0.16224066063139642,0.030035716078141178,1.1944880919464211,0.43852201219005094,-0.43104931385237927,-1.3355437102870424,-0.5144227466365535,-0.6456245288212396,-0.3303174598660074,-0.5043466479784757,1.9827632522357468
0.3711258442517912,-0.0399246839022417,0.6854439216503718,1.2048167163406676,-0.11995438303137738,1.6621367047915596,-0.27714915211311275,-0.15209556218044779,-0.23846830299235397,-0.8371787100618959,-0.4446695170338368,0.4629942581898511,1.3285383899924177,0.5216342804679068,-0.6456245288212396,-0.3303174598660074,1.9827632522357468,-0.5043466479784757
-0.705308269903613,-0.5232825142917406,-0.17698912517685456,-0.688269338228407,-0.11995438303137738,1.6371797986544856,1.3573700958124013,-0.16224066063139642,-0.3663273596925897,1.1944880919464211,0.43852201219005094,-0.43104931385237927,0.44051102323259766,0.1762819380997534,-0.6456245288212396,-0.3303174598660074,1.9827632522357468,-0.5043466479784757
-0.8775377281684775,2.135185552850503,1.8550043220233872,0.17296688989577544,0.43287955761179486,0.14316266254429863,-0.7224508702979482,-0.15258035126726469,-0.7204347938693966,-0.8371787100618959,1.3217135414139385,1.3570378302320816,1.3285383899924177,1.557691307572367,1.5488878680395983,-0.3303174598660074,-0.5043466479784757,-0.5043466479784757
0.328068479685575,0.6851120616820066,0.08815374694010064,0.021120626661566735,0.03553016277451482,-0.46336254313043396,-0.5914797767141732,-0.1445875061551329,-0.4388380639352207,-0.8371787100618959,-0.4446695170338368,1.3570378302320816,1.3285383899924177,0.8669866228360602,1.5488878680395983,-0.3303174598660074,-0.5043466479784757,-0.5043466479784757
-0.28908707909685666,-0.2816035990969911,-0.05336328769879926,-1.467886689013685,2.5923871382491868,0.6156164729889171,5.066471466104914,-0.15839992597499744,-0.2844421591137723,-0.8371787100618959,0.43852201219005094,-0.43104931385237927,0.44051102323259766,0.1762819380997534,-0.6456245288212396,-0.3303174598660074,1.9827632522357468,-0.5043466479784757
0.0984292019990888,-0.2816035990969911,-0.3387176672119779,0.42799317614359655,-0.5518558991588557,-0.3494606712517057,-0.6543459016343852,-0.08405955228912088,-0.7549050411334721,-0.8371787100618959,-0.4446695170338368,-0.43104931385237927,-0.44751634352722236,-0.5144227466365535,-0.6456245288212396,-0.3303174598660074,-0.5043466479784757,1.9827632522357468
-0.5761361762049644,-0.2816035990969911,-0.26672967733069985,0.6135742975383027,-0.4309234746431618,-0.10599511164553853,-0.43431446441364296,-0.15690021053773687,-0.5092840328736455,-0.8371787100618959,0.43852201219005094,0.4629942581898511,0.44051102323259766,0.5216342804679068,-0.6456245288212396,-0.3303174598660074,1.9827632522357468,-0.5043466479784757
0.7299372156369258,-0.5232825142917406,-0.3235480918052095,-0.8370514680303167,0.31194713309610095,0.645846080785142,2.9290232188177034,-0.16224066063139642,1.0004418671030342,1.1944880919464211,-1.3278610462577245,-1.3250928858946096,-0.44751634352722236,-1.2051274313728604,-0.6456245288212396,-0.3303174598660074,-0.5043466479784757,-0.5043466479784757
-0.8775377281684775,-0.0399246839022417,-0.02114891760698472,-1.2905223748457142,1.8495165305099237,0.06899113234060902,2.111763594854946,-0.15519216155526755,-0.6948088329180114,-0.8371787100618959,1.3217135414139385,0.4629942581898511,0.44051102323259766,0.8669866228360602,1.5488878680395983,-0.3303174598660074,-0.5043466479784757,-0.5043466479784757
-0.7340131796144237,-0.0399246839022417,0.4038472772668161,-1.0113115404337922,1.7113080453491307,1.0272244578910388,1.944120595067714,-0.1570092990000159,-0.5922642391388606,-0.8371787100618959,0.43852201219005094,0.4629942581898511,1.3285383899924177,0.8669866228360602,1.5488878680395983,-0.3303174598660074,-0.5043466479784757,-0.5043466479784757
2.193887610888275,-0.5232825142917406,-0.5348495512590844,0.26475052306492003,-0.6382362023843514,-0.7834097758203707,-0.528613651793961,-0.16224066063139642,2.3945464784345702,1.1944880919464211,-1.3278610462577245,-1.3250928858946096,-1.3355437102870424,-1.5504797737410139,-0.6456245288212396,3.027390681696474,-0.5043466479784757,-0.5043466479784757
0.11278165685449419,-0.2816035990969911,-0.1620676332543719,1.5445729232017453,-0.5345798385137566,0.24797508772511434,-0.6229128391742792,-0.08613924679674789,-0.7511634660807069,-0.8371787100618959,-0.4446695170338368,-0.43104931385237927,0.44051102323259766,-0.16907040426840003,-0.6456245288212396,-0.3303174598660074,-0.5043466479784757,1.9827632522357468
-0.4469640825063159,-0.0399246839022417,-0.3781848309326177,0.22043534300478057,-0.5000277172235583,-0.7360130410933372,-0.7381674015280013,-0.15445250424480958,-0.5087591001691864,-0.8371787100618959,0.43852201219005094,0.4629942581898511,-0.44751634352722236,0.1762819380997534,-0.6456245288212396,-0.3303174598660074,1.9827632522357468,-0.5043466479784757
-0.9349475475900991,2.3768644680452526,0.5863491628243394,1.6231212117920621,-0.41364741399806265,-0.623497523389,-0.9880199492878187,-0.12418995371407214,-0.8158425720609281,-0.8371787100618959,1.3217135414139385,1.3570378302320816,1.3285383899924177,1.557691307572367,1.5488878680395983,-0.3303174598660074,-0.5043466479784757,-0.5043466479784757
0.5720602122274666,-0.2816035990969911,-0.28233704712150204,0.8571495193688545,-0.5345798385137566,-0.15877970844237538,-0.6229128391742792,-0.14868926851873532,-0.2759342131022428,-0.8371787100618959,-0.4446695170338368,0.4629942581898511,0.44051102323259766,0.1762819380997534,-0.6456245288212396,-0.3303174598660074,1.9827632522357468,-0.5043466479784757
-0.5904886310603699,-0.2816035990969911,-0.20770769778988726,0.372618164114531,-0.30999105012746786,0.09361900873296179,-0.21428302719290068,-0.143549085303588,-0.6943519741235394,-0.8371787100618959,0.43852201219005094,0.4629942581898511,0.44051102323259766,0.5216342804679068,-0.6456245288212396,-0.3303174598660074,1.9827632522357468,-0.5043466479784757
-1.1358819155657744,0.6851120616820066,0.7934769824837595,-0.39329908749182463,0.709296527933381,0.331778963705506,-0.18284996473279463,-0.15272798390206535,-0.8235737919296711,-0.8371787100618959,1.3217135414139385,1.3570378302320816,1.3285383899924177,1.557691307572367,1.5488878680395983,-0.3303174598660074,-0.5043466479784757,-0.5043466479784757
-0.375201808229289,-0.2816035990969911,-0.38775793479682175,0.06147046138905192,-0.4481995352882609,-0.5153163398218505,-0.465747526873749,-0.09140942781022772,-0.7857506176784506,-0.8371787100618959,0.43852201219005094,-0.43104931385237927,-0.44751634352722236,-0.16907040426840003,-0.6456245288212396,-0.3303174598660074,-0.5043466479784757,1.9827632522357468
2.222592520599086,-0.5232825142917406,-0.422898230688595,0.22385394260941976,-0.4481995352882609,-0.026164269832650845,0.16291372232837179,-0.16224066063139642,2.421881862970483,1.1944880919464211,-1.3278610462577245,-1.3250928858946096,-0.44751634352722236,-1.2051274313728604,-0.6456245288212396,-0.3303174598660074,-0.5043466479784757,-0.5043466479784757
-0.28908707909685666,-0.2816035990969911,-0.18163704222067922,0.058327555300915934,-0.30999105012746786,0.18179075457452226,-0.21428302719290068,-0.13116591664891494,-0.6948550793603967,-0.8371787100618959,0.43852201219005094,-0.43104931385237927,0.44051102323259766,0.1762819380997534,-0.6456245288212396,-0.3303174598660074,1.9827632522357468,-0.5043466479784757
1.7633139652261138,-0.5232825142917406,-0.5786143965163218,-1.5051435050512587,-0.5518558991588557,-1.079437837145688,-0.21428302719290068,-0.16224066063139642,1.9845157103958833,1.1944880919464211,-1.3278610462577245,-1.3250928858946096,-1.3355437102870424,-1.5504797737410139,-0.6456245288212396,3.027390681696474,-0.5043466479784757,-0.5043466479784757
2.222592520599086,-0.2816035990969911,-0.353558896830721,-1.048923248289273,-0.30999105012746786,-0.399654158808866,-0.21428302719290068,-0.16224066063139642,2.421881862970483,-0.8371787100618959,-1.3278610462577245,-0.43104931385237927,-0.44751634352722236,-0.8597750890047069,-0.6456245288212396,-0.3303174598660074,-0.5043466479784757,-0.5043466479784757
-0.5187263567833429,-0.5232825142917406,-0.46367148098826877,0.28880733509756706,-0.7418925662549462,-0.301957001857638,-0.9058104013152335,-0.16224066063139642,-0.18864736020915862,1.1944880919464211,0.43852201219005094,-0.43104931385237927,-1.3355437102870424,-0.5144227466365535,-0.6456245288212396,-0.3303174598660074,-0.5043466479784757,1.9827632522357468
1.504969777828817,-0.5232825142917406,-0.49961439991743717,1.761084231495569,-0.7073404449647479,-0.5450770802318482,-0.7800781514748094,-0.16224066063139642,1.738497249572671,1.1944880919464211,-1.3278610462577245,-1.3250928858946096,-1.3355437102870424,-1.5504797737410139,-0.6456245288212396,3.027390681696474,-0.5043466479784757,-0.5043466479784757
-0.31779198880766746,0.4434331464872571,0.10414783510346592,0.2988776285065821,0.0009780414843165532,-0.28596615626420635,-0.5160404268099187,-0.14772720214156873,-0.5779409399792226,-0.8371787100618959,0.43852201219005094,1.3570378302320816,1.3285383899924177,1.2123389652042138,1.5488878680395983,-0.3303174598660074,-0.5043466479784757,-0.5043466479784757
-1.15023437042118,1.1684698920715055,0.4041537333356396,1.2089803953463183,-0.06812620109607997,-0.3908814032402474,-0.7643616202447564,-0.13828336165713453,-0.8428957782654827,-0.8371787100618959,1.3217135414139385,1.3570378302320816,1.3285383899924177,1.557691307572367,1.5488878680395983,-0.3303174598660074,-0.5043466479784757,-0.5043466479784757
-0.28908707909685666,0.6851120616820066,0.19315872995058841,-1.23893537960492,1.2621304685765533,-0.3449858667235026,0.1524360348416697,-0.15507291670272413,-0.4191274111076274,-0.8371787100618959,0.43852201219005094,1.3570378302320816,1.3285383899924177,1.2123389652042138,1.5488878680395983,-0.3303174598660074,-0.5043466479784757,-0.5043466479784757
-0.705308269903613,-0.5232825142917406,-0.5807814787172888,-0.14421528149008053,-0.7764446875451444,-1.0940961122730004,-1.0315426511556578,6.84009074654883,-0.8578722444173679,1.1944880919464211,0.43852201219005094,-0.43104931385237927,-1.3355437102870424,-0.5144227466365535,-0.6456245288212396,-0.3303174598660074,-0.5043466479784757,1.9827632522357468
-1.0210622767225315,-0.5232825142917406,-0.3992792236699758,0.36097777119550845,-0.4309234746431618,0.13359612271654095,0.22577984724858385,-0.16224066063139642,-0.6670165895876269,1.1944880919464211,1.3217135414139385,-0.43104931385237927,-0.44751634352722236,0.1762819380997534,-0.6456245288212396,-0.3303174598660074,1.9827632522357468,-0.5043466479784757
2.3087072497315186,-0.5232825142917406,-0.4455030140508694,-0.4906333747601985,-0.6209601417392523,-0.17906439220441356,-0.465747526873749,-0.16224066063139642,2.5038880165782205,1.1944880919464211,-1.3278610462577245,-1.3250928858946096,-0.44751634352722236,-1.2051274313728604,-0.6456245288212396,-0.3303174598660074,-0.5043466479784757,-0.5043466479784757
0.2993635699747642,-0.2816035990969911,-0.5332370086112269,2.453920418035805,-0.7418925662549462,-1.0073309685901215,-1.0001095886955516,0.34593654359339476,-0.8386530516736624,-0.8371787100618959,-0.4446695170338368,-0.43104931385237927,-1.3355437102870424,-0.8597750890047069,-0.6456245288212396,-0.3303174598660074,-0.5043466479784757,-0.5043466479784757
-1.1071770058549637,-0.0399246839022417,-0.40324855941854826,-1.430027336867687,-0.050850140450980845,-0.7925238997491372,-0.19332765221949663,-0.12704792895950717,-0.8402037490521796,-0.8371787100618959,1.3217135414139385,0.4629942581898511,-0.44751634352722236,0.5216342804679068,-0.6456245288212396,-0.3303174598660074,1.9827632522357468,-0.5043466479784757
-0.705308269903613,-0.2816035990969911,-0.3344199856753802,-0.25717770320859723,-0.39637135335296353,-0.3349257822786637,-0.37144833949343087,-0.1545941070882021,-0.6230422753342025,-0.8371787100618959,0.43852201219005094,0.4629942581898511,-0.44751634352722236,0.1762819380997534,-0.6456245288212396,-0.3303174598660074,1.9827632522357468,-0.5043466479784757
2.222592520599086,-0.5232825142917406,-0.5793732401153138,-0.9561326875919198,-0.724616505609847,-1.0845707011633328,-0.8429442763950215,-0.16224066063139642,2.421881862970483,1.1944880919464211,-1.3278610462577245,-1.3250928858946096,-1.3355437102870424,-1.5504797737410139,-0.6456245288212396,3.027390681696474,-0.5043466479784757,-0.5043466479784757
2.222592520599086,-0.5232825142917406,-0.5009350796426055,-1.0535627763241406,-0.5345798385137566,-0.5540102378010184,-0.1514169022726886,-0.16224066063139642,2.421881862970483,1.1944880919464211,-1.3278610462577245,-1.3250928858946096,-1.3355437102870424,-1.5504797737410139,-0.6456245288212396,3.027390681696474,-0.5043466479784757,-0.5043466479784757
-0.8918901830238829,-0.0399246839022417,-0.06964923878485367,-0.16774911934810488,-0.11995438303137738,-0.04036190331735401,-0.27714915211311275,-0.13638398142792812,-0.7913213358540157,-0.8371787100618959,1.3217135414139385,0.4629942581898511,0.44051102323259766,0.8669866228360602,1.5488878680395983,-0.3303174598660074,-0.5043466479784757,-0.5043466479784757
-0.33214444366307283,0.20175423129250772,0.12469498486078182,-0.22540702210026445,-0.20633468625687304,-0.012172279938398145,-0.5600467142540672,-0.1441953365782197,-0.6212949047388686,-0.8371787100618959,0.43852201219005094,1.3570378302320816,1.3285383899924177,1.2123389652042138,1.5488878680395983,-0.3303174598660074,-0.5043466479784757,-0.5043466479784757
0.012314472866656477,-0.5232825142917406,0.06762119032891918,0.708574157299878,0.052806223419613954,3.291738772957576,1.9860313450145222,-0.16224066063139642,0.31705725370522214,1.1944880919464211,-0.4446695170338368,-0.43104931385237927,0.44051102323259766,-0.16907040426840003,-0.6456245288212396,-0.3303174598660074,-0.5043466479784757,1.9827632522357468
-0.7340131796144237,-0.5232825142917406,-0.13033483698499446,-0.09863395342822276,-0.13723044367647652,1.9527522268162196,1.2945039708921893,-0.16224066063139642,-0.39366274422850217,1.1944880919464211,0.43852201219005094,-0.43104931385237927,0.44051102323259766,0.1762819380997534,-0.6456245288212396,-0.3303174598660074,1.9827632522357468,-0.5043466479784757
-0.33214444366307283,-0.2816035990969911,-0.35238341890959046,-0.552493748558434,-0.20633468625687304,-0.39567865691827675,-0.02568465243226445,-0.13585255428625514,-0.6805155449140035,-0.8371787100618959,0.43852201219005094,-0.43104931385237927,-0.44751634352722236,-0.16907040426840003,-0.6456245288212396,-0.3303174598660074,-0.5043466479784757,1.9827632522357468
0.7155847607815204,-0.5232825142917406,-0.3404031755905077,1.1351697220643326,-0.41364741399806265,0.5318372742393794,0.28864597216879595,-0.16224066063139642,0.9867741748350779,1.1944880919464211,-1.3278610462577245,-1.3250928858946096,-0.44751634352722236,-1.2051274313728604,-0.6456245288212396,-0.3303174598660074,-0.5043466479784757,-0.5043466479784757
-0.31779198880766746,-0.5232825142917406,-0.3399945674987429,1.9525258093553715,-0.46547559593336,0.5346011240950344,0.1000475974081597,-0.16224066063139642,0.0027003315422287027,1.1944880919464211,0.43852201219005094,-0.43104931385237927,-0.44751634352722236,-0.16907040426840003,-0.6456245288212396,-0.3303174598660074,-0.5043466479784757,1.9827632522357468
-0.31779198880766746,-0.5232825142917406,-0.5474361398000538,-1.617889025038365,-0.25816286819217044,-0.8685462222668816,0.8544410964507047,-0.16224066063139642,0.0027003315422287027,1.1944880919464211,0.43852201219005094,-0.43104931385237927,-1.3355437102870424,-0.5144227466365535,-0.6456245288212396,-0.3303174598660074,-0.5043466479784757,1.9827632522357468
-1.2076441898428014,-0.2816035990969911,-0.29610568049936253,-0.472991712602924,-0.3790952927078644,-0.20534564306398875,-0.34001527703332485,-0.11964543608629456,-0.8564329769968031,-0.8371787100618959,1.3217135414139385,0.4629942581898511,0.44051102323259766,0.8669866228360602,1.5488878680395983,-0.3303174598660074,-0.5043466479784757,-0.5043466479784757
-0.3895542630846944,-0.5232825142917406,-0.507553071414582,-1.3855467823746703,-0.29271498948236874,-0.5987747345702853,0.7287088466102805,-0.16224066063139642,-0.06563812979755249,1.1944880919464211,0.43852201219005094,-0.43104931385237927,-1.3355437102870424,-0.5144227466365535,-0.6456245288212396,-0.3303174598660074,-0.5043466479784757,1.9827632522357468
0.2276012956977373,-0.2816035990969911,-0.3961416972510675,-1.3875150669955232,0.24284289051570443,-0.5436704780731668,0.7915749715304926,-0.15771154814811977,-0.019781106206932936,-0.8371787100618959,-0.4446695170338368,0.4629942581898511,-0.44751634352722236,-0.16907040426840003,-0.6456245288212396,-0.3303174598660074,-0.5043466479784757,1.9827632522357468
1.4045025938409792,-0.5232825142917406,-0.5345576883363953,-0.3246413717349336,-0.6900643843196488,-0.7814355973520458,-0.7172120265545973,-0.16224066063139642,1.6428234036969773,1.1944880919464211,-1.3278610462577245,-1.3250928858946096,-1.3355437102870424,-1.5504797737410139,-0.6456245288212396,3.027390681696474,-0.5043466479784757,-0.5043466479784757
0.12713411170989958,-0.5232825142917406,-0.5552215832627868,-0.7937492063715519,-0.7073404449647479,-0.9212074329094481,-0.7800781514748094,-0.16224066063139642,0.4263987918488721,1.1944880919464211,-0.4446695170338368,-1.3250928858946096,-1.3355437102870424,-1.2051274313728604,-0.6456245288212396,-0.3303174598660074,-0.5043466479784757,-0.5043466479784757
-0.8344803636022614,-0.5232825142917406,-0.454776958419317,-0.13699823788028645,-0.3445431714176661,-0.241793913035437,0.5401104718496442,-0.16224066063139642,-0.48933659010419583,1.1944880919464211,0.43852201219005094,-0.43104931385237927,-0.44751634352722236,-0.16907040426840003,-0.6456245288212396,-0.3303174598660074,-0.5043466479784757,1.9827632522357468
1.1174534967328713,-0.5232825142917406,-0.49576180933794045,2.064200063106922,-0.7073404449647479,-0.5190179244499596,-0.7800781514748094,-0.16224066063139642,1.3694695583378524,1.1944880919464211,-1.3278610462577245,-1.3250928858946096,-1.3355437102870424,-1.5504797737410139,-0.6456245288212396,3.027390681696474,-0.5043466479784757,-0.5043466479784757
0.9021666739017905,-0.5232825142917406,-0.343890937516643,1.267814989991379,-0.39637135335296353,0.5082458415428969,0.35151209708900805,-0.16224066063139642,1.164454174318509,1.1944880919464211,-1.3278610462577245,-1.3250928858946096,-0.44751634352722236,-1.2051274313728604,-0.6456245288212396,-0.3303174598660074,-0.5043466479784757,-0.5043466479784757
-1.1071770058549637,-0.5232825142917406,-0.44484632247481887,-1.0968650379829052,-0.36181923206276523,-0.17462249065068253,0.4772443469294322,-0.16224066063139642,-0.7490227431953643,1.1944880919464211,1.3217135414139385,-0.43104931385237927,-0.44751634352722236,0.1762819380997534,-0.6456245288212396,-0.3303174598660074,1.9827632522357468,-0.5043466479784757
-0.8918901830238829,1.1684698920715055,9.353137923661176,0.7688246542606183,5.874838660818022,7.175552412308561,1.938881751324363,-0.16025483188133657,-0.6134067200164397,-0.8371787100618959,1.3217135414139385,1.3570378302320816,1.3285383899924177,1.557691307572367,1.5488878680395983,-0.3303174598660074,-0.5043466479784757,-0.5043466479784757
2.1221253366112487,-0.5232825142917406,-0.3751640496827851,0.7218299516852147,-0.6036840810941531,0.2967126186618851,-0.40288140195353694,-0.16224066063139642,2.326208017094789,1.1944880919464211,-1.3278610462577245,-1.3250928858946096,-0.44751634352722236,-1.2051274313728604,-0.6456245288212396,-0.3303174598660074,-0.5043466479784757,-0.5043466479784757
-0.8344803636022614,-0.5232825142917406,-0.5171407684249204,1.1548525682728623,-0.6382362023843514,-0.663626497254758,-0.528613651793961,-0.16224066063139642,-0.48933659010419583,1.1944880919464211,0.43852201219005094,-0.43104931385237927,-1.3355437102870424,-0.5144227466365535,-0.6456245288212396,-0.3303174598660074,-0.5043466479784757,1.9827632522357468
1.103101041877466,-0.2816035990969911,-0.17220257324475252,0.368996708539724,-0.41364741399806265,0.21369841406882345,-0.40288140195353694,-0.13824714807118083,-0.3577701958378693,-0.8371787100618959,-1.3278610462577245,-0.43104931385237927,0.44051102323259766,-0.5144227466365535,-0.6456245288212396,-0.3303174598660074,-0.5043466479784757,1.9827632522357468
-1.1932917349873962,0.20175423129250772,-0.2608997154499842,0.054253417779257816,-0.4827516565784592,-0.6642187507952555,-0.8115112139349154,-0.10799445832134374,-0.8552363517652531,-0.8371787100618959,1.3217135414139385,1.3570378302320816,0.44051102323259766,1.2123389652042138,1.5488878680395983,-0.3303174598660074,-0.5043466479784757,-0.5043466479784757
-0.2747346242414513,-0.0399246839022417,-0.4080715942159863,0.1264238538771992,-0.6555122630294505,-0.8033983328121603,-0.9267657762886377,-0.01704717371002751,-0.8168216903666736,-0.8371787100618959,-0.4446695170338368,0.4629942581898511,-0.44751634352722236,-0.16907040426840003,-0.6456245288212396,-0.3303174598660074,-0.5043466479784757,1.9827632522357468
-1.1358819155657744,0.20175423129250772,-0.052728485841950445,1.493151487481962,-0.5691319598039548,-0.31219805266207334,-0.8900938700851805,-0.13714269859849237,-0.8404615294950716,-0.8371787100618959,1.3217135414139385,1.3570378302320816,0.44051102323259766,1.2123389652042138,1.5488878680395983,-0.3303174598660074,-0.5043466479784757,-0.5043466479784757
-0.6478984504819914,-0.0399246839022417,-0.14000279629907242,-0.14976685349761445,-0.17178256496667477,-0.19898714324725875,-0.34001527703332485,-0.14102818205214016,-0.7225806718795798,-0.8371787100618959,0.43852201219005094,0.4629942581898511,0.44051102323259766,0.5216342804679068,-0.6456245288212396,-0.3303174598660074,1.9827632522357468,-0.5043466479784757
-0.08815271112118124,1.8935066376557537,3.8987598450080014,0.14663467342823208,4.90737926469247,1.525836133040962,0.7915749715304926,-0.15978362290685386,-0.05886957518714743,-0.8371787100618959,-0.4446695170338368,1.3570378302320816,1.3285383899924177,0.8669866228360602,1.5488878680395983,-0.3303174598660074,-0.5043466479784757,-0.5043466479784757
-0.4182591727955052,-0.5232825142917406,-0.5346087643478659,-1.4432831312530234,-0.5000277172235583,-0.7817810785840027,-0.02568465243226445,-0.16224066063139642,-0.09297351433346496,1.1944880919464211,0.43852201219005094,-0.43104931385237927,-1.3355437102870424,-0.5144227466365535,-0.6456245288212396,-0.3303174598660074,-0.5043466479784757,1.9827632522357468
-0.4469640825063159,-0.5232825142917406,-0.34046884474811273,0.2721526190749653,-0.5691319598039548,0.5313930840840065,-0.27714915211311275,-0.16224066063139642,-0.12030889886937743,1.1944880919464211,0.43852201219005094,-0.43104931385237927,-0.44751634352722236,-0.16907040426840003,-0.6456245288212396,-0.3303174598660074,-0.5043466479784757,1.9827632522357468
-1.2076441898428014,0.6851120616820066,0.35765267317819144,-1.2027150109265525,0.8647810737392733,-0.15954470259885128,-0.08855077735247653,-0.1519740380064899,-0.8528189169343542,-0.8371787100618959,1.3217135414139385,1.3570378302320816,1.3285383899924177,1.557691307572367,1.5488878680395983,-0.3303174598660074,-0.5043466479784757,-0.5043466479784757
0.7299372156369258,-0.2816035990969911,-0.2953541334734379,-0.37516067700349254,-0.30999105012746786,-0.2028038882860204,-0.21428302719290068,-0.1508806945916508,-0.1490829878545484,-0.8371787100618959,-1.3278610462577245,-0.43104931385237927,0.44051102323259766,-0.5144227466365535,-0.6456245288212396,-0.3303174598660074,-0.5043466479784757,1.9827632522357468
0.7586421253477367,1.1684698920715055,0.5077504777441522,-1.2011439538142163,1.7804122879295272,-0.30328957232375736,0.07647280056308017,-0.1592530727716238,0.464102770519096,-0.8371787100618959,-1.3278610462577245,1.3570378302320816,1.3285383899924177,0.5216342804679068,-0.6456245288212396,-0.3303174598660074,1.9827632522357468,-0.5043466479784757
0.27065866026395347,-0.5232825142917406,-0.3722454204558936,0.4434582695931553,-0.4309234746431618,0.31645440334513397,0.22577984724858385,-0.16224066063139642,0.5630757145284344,1.1944880919464211,-0.4446695170338368,-1.3250928858946096,-0.44751634352722236,-0.8597750890047069,-0.6456245288212396,-0.3303174598660074,-0.5043466479784757,-0.5043466479784757
-1.1215294607103692,-0.0399246839022417,0.26171733049026896,0.2631195527576217,0.03553016277451482,0.706765938020201,-0.08855077735247653,-0.13770796801364787,-0.8371034266999712,-0.8371787100618959,1.3217135414139385,0.4629942581898511,1.3285383899924177,1.2123389652042138,1.5488878680395983,-0.3303174598660074,-0.5043466479784757,-0.5043466479784757
2.3948219788639507,-0.5232825142917406,-0.5128284937421883,-1.3917328197544938,-0.4309234746431618,-0.6344580103852577,0.22577984724858385,-0.16224066063139642,2.585894170185958,1.1944880919464211,-1.3278610462577245,-1.3250928858946096,-1.3355437102870424,-1.5504797737410139,-0.6456245288212396,3.027390681696474,-0.5043466479784757,-0.5043466479784757
-0.23167725967523511,-0.0399246839022417,-0.510136058280381,-1.5094393643428028,-0.17178256496667477,-1.0335217362698983,-0.34001527703332485,-0.1279950244058046,-0.6981338113044787,-0.8371787100618959,-0.4446695170338368,0.4629942581898511,-1.3355437102870424,-0.5144227466365535,-0.6456245288212396,-0.3303174598660074,-0.5043466479784757,1.9827632522357468
0.31371602483016964,-0.5232825142917406,-0.4557109197719223,-0.0609417013770713,-0.5691319598039548,-0.24811128413407665,-0.27714915211311275,-0.16224066063139642,0.6040787913323031,1.1944880919464211,-0.4446695170338368,-1.3250928858946096,-0.44751634352722236,-0.8597750890047069,-0.6456245288212396,-0.3303174598660074,-0.5043466479784757,-0.5043466479784757
0.8160519447693582,-0.5232825142917406,-0.4392936303706577,0.8867909484805095,-0.4309234746431618,-0.1370637452908013,0.22577984724858385,-0.16224066063139642,1.0824480207107716,1.1944880919464211,-1.3278610462577245,-1.3250928858946096,-0.44751634352722236,-1.2051274313728604,-0.6456245288212396,-0.3303174598660074,-0.5043466479784757,-0.5043466479784757
-0.375201808229289,-0.2816035990969911,-0.47681260908234757,-1.4757598274970969,-0.20633468625687304,-0.8165019423956666,-0.02568465243226445,-0.13905591815748022,-0.6711657104546851,-0.8371787100618959,0.43852201219005094,-0.43104931385237927,-1.3355437102870424,-0.5144227466365535,-0.6456245288212396,-0.3303174598660074,-0.5043466479784757,1.9827632522357468
1.476264868118006,-0.5232825142917406,-0.5556083016353499,0.39706298924447897,-0.724616505609847,-0.9238232193799786,-0.8429442763950215,-0.16224066063139642,1.7111618650367586,1.1944880919464211,-1.3278610462577245,-1.3250928858946096,-1.3355437102870424,-1.5504797737410139,-0.6456245288212396,3.027390681696474,-0.5043466479784757,-0.5043466479784757
0.7012323059261151,-0.2816035990969911,-0.29757229168587546,0.3261368710102953,-0.30999105012746786,-0.21030576646565502,-0.21428302719290068,-0.13620596642480612,-0.46987048293468237,-0.8371787100618959,-1.3278610462577245,-0.43104931385237927,0.44051102323259766,-0.5144227466365535,-0.6456245288212396,-0.3303174598660074,-0.5043466479784757,1.9827632522357468
0.5002979379504396,-0.5232825142917406,-0.38245332617694655,-1.2267718229591995,-0.050850140450980845,0.24740751141547088,1.6088345954932497,-0.16224066063139642,0.7817587908157343,1.1944880919464211,-0.4446695170338368,-1.3250928858946096,-0.44751634352722236,-0.8597750890047069,-0.6456245288212396,-0.3303174598660074,-0.5043466479784757,-0.5043466479784757
-0.9205950927346938,-0.5232825142917406,-0.5928062311320816,-0.14421528149008053,-0.7764446875451444,-1.1754322651679858,-1.0315426511556578,6.84009074654883,-0.8580772598013872,1.1944880919464211,1.3217135414139385,-0.43104931385237927,-1.3355437102870424,-0.16907040426840003,-0.6456245288212396,-0.3303174598660074,-0.5043466479784757,1.9827632522357468
-0.4469640825063159,-0.2816035990969911,-0.4292462492570839,0.9527753471986267,-0.5518558991588557,-0.6556310744580421,-0.6543459016343852,-0.07111923090833042,-0.8056460397340403,-0.8371787100618959,0.43852201219005094,-0.43104931385237927,-0.44751634352722236,-0.16907040426840003,-0.6456245288212396,-0.3303174598660074,-0.5043466479784757,1.9827632522357468
-0.5761361762049644,-0.2816035990969911,-0.35265412177038463,1.8662468669525687,-0.5000277172235583,-0.3965941821829625,-0.5600467142540672,-0.14576870987376525,-0.674768415053035,-0.8371787100618959,0.43852201219005094,0.4629942581898511,-0.44751634352722236,0.1762819380997534,-0.6456245288212396,-0.3303174598660074,1.9827632522357468,-0.5043466479784757
-0.8057754538914507,0.4434331464872571,-0.014567408700344479,1.4967125287367944,-0.46547559593336,-0.4465655746624363,-0.8555175013790638,-0.09643073916473764,-0.8202116858102808,-0.8371787100618959,0.43852201219005094,1.3570378302320816,0.44051102323259766,0.8669866228360602,1.5488878680395983,-0.3303174598660074,-0.5043466479784757,-0.5043466479784757
-1.0928245509995584,-0.0399246839022417,0.1882408397032763,0.9006871194061994,-0.2236107469019722,0.5410994615532704,-0.40288140195353694,-0.13295719261782993,-0.8346071338346268,-0.8371787100618959,1.3217135414139385,0.4629942581898511,1.3285383899924177,1.2123389652042138,1.5488878680395983,-0.3303174598660074,-0.5043466479784757,-0.5043466479784757
1.3901501389855737,-0.5232825142917406,-0.5877861888618283,3.3199656512111004,-0.7764446875451444,-1.1414763955127978,-1.0315426511556578,6.84009074654883,-0.8558767613462462,1.1944880919464211,-1.3278610462577245,-1.3250928858946096,-1.3355437102870424,-1.5504797737410139,-0.6456245288212396,3.027390681696474,-0.5043466479784757,-0.5043466479784757
-0.9780049121563152,0.4434331464872571,0.565466370705931,0.524055198916818,0.3464992543862992,0.3381111411426579,-0.2645759271290704,-0.14869834209899155,-0.7791188205403674,-0.8371787100618959,1.3217135414139385,1.3570378302320816,1.3285383899924177,1.557691307572367,1.5488878680395983,-0.3303174598660074,-0.5043466479784757,-0.5043466479784757
-0.4900214470725321,-0.5232825142917406,-0.557045726529594,-1.3749111391602369,-0.46547559593336,-0.9335460483364786,0.1000475974081597,-0.16224066063139642,-0.16131197567324615,1.1944880919464211,0.43852201219005094,-0.43104931385237927,-1.3355437102870424,-0.5144227466365535,-0.6456245288212396,-0.3303174598660074,-0.5043466479784757,1.9827632522357468
-0.633545995626586,0.6851120616820066,1.4120804471234056,1.0759686032355775,0.8993331950294715,1.0291575076412733,-0.06759540237907258,-0.15085048191601316,-0.6448879449633168,-0.8371787100618959,0.43852201219005094,1.3570378302320816,1.3285383899924177,1.2123389652042138,1.5488878680395983,-0.3303174598660074,-0.5043466479784757,-0.5043466479784757
0.05537183743287264,-0.2816035990969911,-0.47100453692083355,-0.3823777206132866,-0.6209601417392523,-0.796858866635834,-0.7800781514748094,-0.03685134280734833,-0.7939653312999969,-0.8371787100618959,-0.4446695170338368,-0.43104931385237927,-1.3355437102870424,-0.8597750890047069,-0.6456245288212396,-0.3303174598660074,-0.5043466479784757,-0.5043466479784757
0.328068479685575,-0.5232825142917406,-0.536017002949841,-1.3923392940074177,-0.5000277172235583,-0.7913064896936703,-0.02568465243226445,-0.16224066063139642,0.6177464836002594,1.1944880919464211,-0.4446695170338368,-1.3250928858946096,-1.3355437102870424,-1.2051274313728604,-0.6456245288212396,-0.3303174598660074,-0.5043466479784757,-0.5043466479784757
-0.4900214470725321,0.4434331464872571,0.3808557755319786,0.34519048829908355,0.6401922853529844,0.08836769400721776,-0.05083110240034919,-0.155305102417657,-0.5079940747874376,-0.8371787100618959,0.43852201219005094,1.3570378302320816,1.3285383899924177,1.2123389652042138,1.5488878680395983,-0.3303174598660074,-0.5043466479784757,-0.5043466479784757
-0.6191935407711806,0.4434331464872571,-0.2650952449636407,-0.02049453389360985,-0.30999105012746786,-0.7854826632121118,-0.7423584765226822,-0.13201287865595626,-0.7503091142323485,-0.8371787100618959,0.43852201219005094,1.3570378302320816,0.44051102323259766,0.8669866228360602,1.5488878680395983,-0.3303174598660074,-0.5043466479784757,-0.5043466479784757
-0.9062426378792884,-0.0399246839022417,0.06280545210454826,-0.5348769899332843,-0.06812620109607997,0.25828194447849373,-0.21428302719290068,-0.12719395689175567,-0.8082494096898414,-0.8371787100618959,1.3217135414139385,0.4629942581898511,0.44051102323259766,0.8669866228360602,1.5488878680395983,-0.3303174598660074,-0.5043466479784757,-0.5043466479784757
-1.1358819155657744,-0.0399246839022417,0.7634296945929119,-0.6621769497929976,2.6096631988942858,1.8379702003703633,3.033800093684724,-0.16056274894656422,-0.7921973225090952,-0.8371787100618959,1.3217135414139385,0.4629942581898511,1.3285383899924177,1.2123389652042138,1.5488878680395983,-0.3303174598660074,-0.5043466479784757,-0.5043466479784757
0.3998307539626019,-0.5232825142917406,-0.4024532329542203,1.3112218464850678,-0.4827516565784592,0.11212693187350764,0.03718147248794763,-0.16224066063139642,0.6860849449400406,1.1944880919464211,-0.4446695170338368,-1.3250928858946096,-0.44751634352722236,-0.8597750890047069,-0.6456245288212396,-0.3303174598660074,-0.5043466479784757,-0.5043466479784757
0.11278165685449419,0.20175423129250772,-0.02463667953312,-1.3913797354291615,1.3312347111569498,-0.26469438326800565,0.8387245652206516,-0.15789003533957896,-0.07407138672884461,-0.8371787100618959,-0.4446695170338368,1.3570378302320816,0.44051102323259766,0.5216342804679068,-0.6456245288212396,-0.3303174598660074,1.9827632522357468,-0.5043466479784757
1.074396132166655,-0.2816035990969911,-0.34820321219937517,-0.030804596193315707,-0.4481995352882609,-0.3815410713619852,-0.465747526873749,-0.15417991877127907,0.15876630604377556,-0.8371787100618959,-1.3278610462577245,-0.43104931385237927,-0.44751634352722236,-0.8597750890047069,-0.6456245288212396,-0.3303174598660074,-0.5043466479784757,-0.5043466479784757
0.08407674714368342,-0.2816035990969911,-0.006059604503955879,0.1249609396319708,-0.2236107469019722,0.7755989606157953,-0.05711771489237049,-0.15192135341916888,-0.35527035021738923,-0.8371787100618959,-0.4446695170338368,0.4629942581898511,0.44051102323259766,0.1762819380997534,-0.6456245288212396,-0.3303174598660074,1.9827632522357468,-0.5043466479784757
-0.28908707909685666,-0.0399246839022417,-0.10647504305515676,0.0946937483513803,0.08735834470981221,-0.12339255939765165,-0.02568465243226445,-0.13949104592320855,-0.6491130422779487,-0.8371787100618959,0.43852201219005094,0.4629942581898511,0.44051102323259766,0.5216342804679068,-0.6456245288212396,-0.3303174598660074,1.9827632522357468,-0.5043466479784757
-0.7340131796144237,-0.0399246839022417,-0.3241755970889912,0.5486209050501555,-0.5691319598039548,-0.6142391325721636,-0.8219889014216175,-0.06060521978643819,-0.8283835370093038,-0.8371787100618959,0.43852201219005094,0.4629942581898511,-0.44751634352722236,0.1762819380997534,-0.6456245288212396,-0.3303174598660074,1.9827632522357468,-0.5043466479784757
0.31371602483016964,-0.5232825142917406,-0.47776846015415453,0.21007595026344938,-0.6036840810941531,-0.39730982187773023,-0.40288140195353694,-0.16224066063139642,0.6040787913323031,1.1944880919464211,-0.4446695170338368,-1.3250928858946096,-1.3355437102870424,-1.2051274313728604,-0.6456245288212396,-0.3303174598660074,-0.5043466479784757,-0.5043466479784757
-0.6909558150482076,1.1684698920715055,-0.3057006740827682,-0.652546179223406,-0.4481995352882609,-0.9910686734572951,-0.9372434637753396,-0.09533331712844588,-0.810409533467823,-0.8371787100618959,0.43852201219005094,1.3570378302320816,0.44051102323259766,0.8669866228360602,1.5488878680395983,-0.3303174598660074,-0.5043466479784757,-0.5043466479784757
-0.045095346554965075,-0.5232825142917406,-0.452223157845787,-0.12453243528155093,-0.6036840810941531,-0.2245198514375942,-0.40288140195353694,-0.16224066063139642,0.2623864846333972,1.1944880919464211,-0.4446695170338368,-0.43104931385237927,-0.44751634352722236,-0.5144227466365535,-0.6456245288212396,-0.3303174598660074,-0.5043466479784757,1.9827632522357468
-0.8344803636022614,1.1684698920715055,2.31840967752308,0.11024130763874318,0.7956768311588767,1.2276364754004871,-0.37144833949343087,-0.15428705636302198,-0.6854945133576552,-0.8371787100618959,0.43852201219005094,1.3570378302320816,1.3285383899924177,1.2123389652042138,1.5488878680395983,-0.3303174598660074,-0.5043466479784757,-0.5043466479784757
-1.221996644698207,-0.0399246839022417,0.037997103675970874,1.0723720698752155,-0.39637135335296353,0.20234688787595528,-0.6124351516875771,-0.1495896553790383,-0.8583642813390142,-0.8371787100618959,1.3217135414139385,0.4629942581898511,0.44051102323259766,0.8669866228360602,1.5488878680395983,-0.3303174598660074,-0.5043466479784757,-0.5043466479784757
-0.8488328184576668,0.6851120616820066,0.23373497277744693,0.18245090295323263,-0.10267832238627825,-0.29924250646369127,-0.6753012766077892,-0.14046163759319108,-0.7718418468079521,-0.8371787100618959,1.3217135414139385,1.3570378302320816,1.3285383899924177,1.557691307572367,1.5488878680395983,-0.3303174598660074,-0.5043466479784757,-0.5043466479784757
-0.9349475475900991,-0.2816035990969911,-0.48884465807020766,1.58787518486051,-0.7418925662549462,-0.8571946960740134,-1.0001095886955516,0.03577321549757393,-0.849018850728446,-0.8371787100618959,1.3217135414139385,0.4629942581898511,-1.3355437102870424,0.1762819380997534,-0.6456245288212396,-0.3303174598660074,1.9827632522357468,-0.5043466479784757
-0.10250516597658663,-0.2816035990969911,-0.21741213996930134,0.6990392876542859,-0.13723044367647652,0.0607982916970606,0.1000475974081597,-0.14481202958249398,-0.5525893985070631,-0.8371787100618959,-0.4446695170338368,0.4629942581898511,0.44051102323259766,0.1762819380997534,-0.6456245288212396,-0.3303174598660074,1.9827632522357468,-0.5043466479784757
-1.078472096144153,0.4434331464872571,0.2992509023480931,-0.9701658279442973,1.365786832447148,-0.022028365941510232,0.4772443469294322,-0.15179195392641034,-0.8034890081434792,-0.8371787100618959,1.3217135414139385,1.3570378302320816,1.3285383899924177,1.557691307572367,1.5488878680395983,-0.3303174598660074,-0.5043466479784757,-0.5043466479784757
2.409174433719356,-0.5232825142917406,-0.39555797140568916,0.10838124485271376,-0.4827516565784592,0.15876689818768341,0.03718147248794763,-0.16224066063139642,2.599561862453914,1.1944880919464211,-1.3278610462577245,-1.3250928858946096,-0.44751634352722236,-1.2051274313728604,-0.6456245288212396,-0.3303174598660074,-0.5043466479784757,-0.5043466479784757
0.06972429228827803,-0.2816035990969911,-0.3279406287916812,-0.8685440219639639,-0.01629801916078258,-0.3130124012802575,0.32007903462890197,-0.14770276870976767,-0.4582137727711388,-0.8371787100618959,-0.4446695170338368,-0.43104931385237927,-0.44751634352722236,-0.5144227466365535,-0.6456245288212396,-0.3303174598660074,-0.5043466479784757,1.9827632522357468
1.777666420081519,-0.5232825142917406,-0.43174897381914334,0.18055168095065516,-0.5518558991588557,-0.08603123188460313,-0.21428302719290068,-0.16224066063139642,1.9981834026638394,1.1944880919464211,-1.3278610462577245,-1.3250928858946096,-0.44751634352722236,-1.2051274313728604,-0.6456245288212396,-0.3303174598660074,-0.5043466479784757,-0.5043466479784757
-0.7914229990360452,-0.0399246839022417,-0.5234304144088715,-0.6734651462083165,-0.6382362023843514,-1.0634963460139646,-0.9058104013152335,-0.05885288459945615,-0.8323305817810024,-0.8371787100618959,0.43852201219005094,0.4629942581898511,-1.3355437102870424,-0.16907040426840003,-0.6456245288212396,-0.3303174598660074,-0.5043466479784757,1.9827632522357468
-1.0354147315779367,0.9267909768767559,1.842191539717334,-1.0025509131831032,2.6960435021197817,1.1202975718227084,0.7197279716216788,-0.15735915546766074,-0.7536265974329918,-0.8371787100618959,1.3217135414139385,1.3570378302320816,1.3285383899924177,1.557691307572367,1.5488878680395983,-0.3303174598660074,-0.5043466479784757,-0.5043466479784757
0.514650392805845,-0.2816035990969911,-0.5851229396922899,-1.2267718229591995,-0.7591686269000453,-1.1828107571933502,-1.0315426511556578,-0.1342032976396838,-0.5276061284544734,-0.8371787100618959,-0.4446695170338368,0.4629942581898511,-1.3355437102870424,-0.5144227466365535,-0.6456245288212396,-0.3303174598660074,-0.5043466479784757,1.9827632522357468
0.4715930282396289,-0.5232825142917406,-0.3839637168018628,-0.3065987627104484,-0.5173037778686574,0.2371911378418896,-0.08855077735247653,-0.16224066063139642,0.7544234062798217,1.1944880919464211,-0.4446695170338368,-1.3250928858946096,-0.44751634352722236,-0.8597750890047069,-0.6456245288212396,-0.3303174598660074,-0.5043466479784757,-0.5043466479784757
2.2800023400207077,-0.2816035990969911,1.6775662581745203,0.5829982730845947,1.4694431963177428,6.469672562343569,3.0233224061980213,-0.16213282461988984,2.4260235879001666,-0.8371787100618959,-1.3278610462577245,-0.43104931385237927,1.3285383899924177,-0.16907040426840003,-0.6456245288212396,-0.3303174598660074,-0.5043466479784757,1.9827632522357468
1.777666420081519,-0.5232825142917406,-0.49935172328701694,1.58787518486051,-0.7764446875451444,-0.543300319610356,-1.0315426511556578,-0.16224066063139642,1.9981834026638394,1.1944880919464211,-1.3278610462577245,-1.3250928858946096,-1.3355437102870424,-1.5504797737410139,-0.6456245288212396,3.027390681696474,-0.5043466479784757,-0.5043466479784757
-0.7770705441806398,-0.2816035990969911,-0.3808115972368201,-1.2424610481978824,0.2601189511608036,-0.4918236160487844,0.8230080339905986,-0.147912743514308,-0.7191783137020493,-0.8371787100618959,0.43852201219005094,0.4629942581898511,-0.44751634352722236,0.1762819380997534,-0.6456245288212396,-0.3303174598660074,1.9827632522357468,-0.5043466479784757
-0.7914229990360452,-0.2816035990969911,0.10144810306859128,0.5614512048009008,0.12191046600001049,1.1391932800195321,0.5715435343097502,-0.13314528394188332,-0.7787612384597087,-0.8371787100618959,0.43852201219005094,-0.43104931385237927,1.3285383899924177,0.5216342804679068,-0.6456245288212396,-0.3303174598660074,1.9827632522357468,-0.5043466479784757
-0.9923573670117206,-0.5232825142917406,-0.5224088941794596,0.28880733509756706,-0.6900643843196488,-0.6992604186080222,-0.7172120265545973,-0.16224066063139642,-0.6396812050517144,1.1944880919464211,1.3217135414139385,-0.43104931385237927,-1.3355437102870424,-0.16907040426840003,-0.6456245288212396,-0.3303174598660074,-0.5043466479784757,1.9827632522357468
-0.40390671794009975,0.4434331464872571,0.23755108049160753,-0.7268275292625518,0.7438486492235793,-0.10549663158228649,0.024608247503905258,-0.152852002381878,-0.525354979139751,-0.8371787100618959,0.43852201219005094,1.3570378302320816,1.3285383899924177,1.2123389652042138,1.5488878680395983,-0.3303174598660074,-0.5043466479784757,-0.5043466479784757
-0.5187263567833429,-0.5232825142917406,-0.5658235039294701,0.28880733509756706,-0.7418925662549462,-0.9929194657713497,-0.9058104013152335,-0.16224066063139642,-0.18864736020915862,1.1944880919464211,0.43852201219005094,-0.43104931385237927,-1.3355437102870424,-0.5144227466365535,-0.6456245288212396,-0.3303174598660074,-0.5043466479784757,1.9827632522357468
-0.8057754538914507,-0.0399246839022417,-0.4610593078302009,-0.7090273900826644,-0.41364741399806265,-0.9228690331202882,-0.6333905266609813,-0.09310307234501418,-0.8218789772931729,-0.8371787100618959,0.43852201219005094,0.4629942581898511,-0.44751634352722236,0.1762819380997534,-0.6456245288212396,-0.3303174598660074,1.9827632522357468,-0.5043466479784757
-0.5330788116387483,0.4434331464872571,0.9347897130767769,1.315848156491347,0.41560349696669574,0.8377362279063213,-0.21428302719290068,-0.15159010391051858,-0.597973608027848,-0.8371787100618959,0.43852201219005094,1.3570378302320816,1.3285383899924177,1.2123389652042138,1.5488878680395983,-0.3303174598660074,-0.5043466479784757,-0.5043466479784757
-0.28908707909685666,-0.0399246839022417,0.13872629486906254,1.1703176617224211,-0.11995438303137738,0.42945966916949785,-0.27714915211311275,-0.15300884598778375,-0.4749495456116104,-0.8371787100618959,0.43852201219005094,0.4629942581898511,1.3285383899924177,0.8669866228360602,1.5488878680395983,-0.3303174598660074,-0.5043466479784757,-0.5043466479784757
-0.016390436844154296,-0.5232825142917406,-0.3574041908371505,0.5486209050501555,-0.4481995352882609,0.4168413784594545,0.16291372232837179,-0.16224066063139642,0.2897218691693097,1.1944880919464211,-0.4446695170338368,-0.43104931385237927,-0.44751634352722236,-0.5144227466365535,-0.6456245288212396,-0.3303174598660074,-0.5043466479784757,1.9827632522357468
-1.1215294607103692,-0.0399246839022417,-0.08671592318910151,0.8024910273240903,0.08735834470981221,-0.07884193196245326,-0.02568465243226445,-0.13981077023802635,-0.8355847942257539,-0.8371787100618959,1.3217135414139385,0.4629942581898511,0.44051102323259766,0.8669866228360602,1.5488878680395983,-0.3303174598660074,-0.5043466479784757,-0.5043466479784757
-0.8488328184576668,0.6851120616820066,0.19580738597399233,-0.15131401290955007,-0.17178256496667477,-0.3419999217901614,-0.7172120265545973,-0.13712385628465387,-0.7808311906553352,-0.8371787100618959,1.3217135414139385,1.3570378302320816,1.3285383899924177,1.557691307572367,1.5488878680395983,-0.3303174598660074,-0.5043466479784757,-0.5043466479784757
-0.7340131796144237,-0.2816035990969911,-0.44093535931078426,-1.0783069258434348,-0.30999105012746786,-0.6951639982862482,-0.21428302719290068,-0.15584979112593253,-0.615289631158131,-0.8371787100618959,0.43852201219005094,0.4629942581898511,-0.44751634352722236,0.1762819380997534,-0.6456245288212396,-0.3303174598660074,1.9827632522357468,-0.5043466479784757
-0.6048410859157752,-0.2816035990969911,0.028876387341934963,1.0083890361917467,-0.327267110772567,0.89375354194504,-0.24571608965300673,-0.14269946824323307,-0.7032086387131751,-0.8371787100618959,0.43852201219005094,0.4629942581898511,0.44051102323259766,0.5216342804679068,-0.6456245288212396,-0.3303174598660074,1.9827632522357468,-0.5043466479784757
0.7155847607815204,-0.5232825142917406,-0.5051379057293293,-1.2335378013433815,-0.2408868075470713,-0.5824384077448969,0.9173072213709167,-0.16224066063139642,0.9867741748350779,1.1944880919464211,-1.3278610462577245,-1.3250928858946096,-1.3355437102870424,-1.5504797737410139,-0.6456245288212396,3.027390681696474,-0.5043466479784757,-0.5043466479784757
0.9165191287571959,-0.5232825142917406,-0.4444085280907851,0.8300856058321265,-0.5173037778686574,-0.17166122294819522,-0.08855077735247653,-0.16224066063139642,1.1781218665864652,1.1944880919464211,-1.3278610462577245,-1.3250928858946096,-0.44751634352722236,-1.2051274313728604,-0.6456245288212396,-0.3303174598660074,-0.5043466479784757,-0.5043466479784757
1.5336746875396277,-0.5232825142917406,-0.435565081533304,-1.554631804089847,0.3810513756764975,-0.11184361535795102,3.1804877184985516,-0.16224066063139642,1.7658326341085835,1.1944880919464211,-1.3278610462577245,-1.3250928858946096,-0.44751634352722236,-1.2051274313728604,-0.6456245288212396,-0.3303174598660074,-0.5043466479784757,-0.5043466479784757
-0.375201808229289,-0.0399246839022417,-0.23242848734165794,0.5370032250929261,-0.27543892883726956,-0.4073781320661872,-0.465747526873749,-0.14156310542500838,-0.6542139411340984,-0.8371787100618959,0.43852201219005094,0.4629942581898511,0.44051102323259766,0.5216342804679068,-0.6456245288212396,-0.3303174598660074,1.9827632522357468,-0.5043466479784757
-0.33214444366307283,-0.5232825142917406,-0.42782341750897435,1.313627527688333,-0.5345798385137566,-0.059478531485633375,-0.1514169022726886,-0.16224066063139642,-0.010967360725727534,1.1944880919464211,0.43852201219005094,-0.43104931385237927,-0.44751634352722236,-0.16907040426840003,-0.6456245288212396,-0.3303174598660074,-0.5043466479784757,1.9827632522357468
0.012314472866656477,-0.5232825142917406,-0.5309604778142515,-1.5515387853999352,-0.06812620109607997,-0.7571038477299415,1.5459684705730374,-0.16224066063139642,0.31705725370522214,1.1944880919464211,-0.4446695170338368,-0.43104931385237927,-1.3355437102870424,-0.8597750890047069,-0.6456245288212396,-0.3303174598660074,-0.5043466479784757,-0.5043466479784757
-0.8344803636022614,-0.5232825142917406,-0.5421169380340441,-1.5562455529715402,-0.39637135335296353,-0.8325668196816605,0.35151209708900805,-0.16224066063139642,-0.48933659010419583,1.1944880919464211,0.43852201219005094,-0.43104931385237927,-1.3355437102870424,-0.5144227466365535,-0.6456245288212396,-0.3303174598660074,-0.5043466479784757,1.9827632522357468
0.3711258442517912,-0.2816035990969911,-0.35637537403467123,-0.23700584218743365,-0.4481995352882609,-0.4091795699185336,-0.465747526873749,-0.15312851765908983,-0.19874956753764791,-0.8371787100618959,-0.4446695170338368,0.4629942581898511,-0.44751634352722236,-0.16907040426840003,-0.6456245288212396,-0.3303174598660074,-0.5043466479784757,1.9827632522357468
-1.0497671864333422,0.4434331464872571,-0.005811521019670082,0.9765491379132422,-0.5691319598039548,-0.43472050385248695,-0.9309568512833184,-0.06060521978643819,-0.8477828421638224,-0.8371787100618959,1.3217135414139385,1.3570378302320816,0.44051102323259766,1.2123389652042138,1.5488878680395983,-0.3303174598660074,-0.5043466479784757,-0.5043466479784757
0.514650392805845,-0.5232825142917406,-0.5917263383181318,0.7218299516852147,-0.7764446875451444,-1.1681278048351837,-1.0315426511556578,6.84009074654883,-0.8567104905745915,1.1944880919464211,-0.4446695170338368,-1.3250928858946096,-1.3355437102870424,-1.2051274313728604,-0.6456245288212396,-0.3303174598660074,-0.5043466479784757,-0.5043466479784757
-0.633545995626586,-0.5232825142917406,-0.5590012081116112,-1.3620913906428394,-0.6555122630294505,-0.9467730440742554,-0.5914797767141732,-0.16224066063139642,-0.2979888983528085,1.1944880919464211,0.43852201219005094,-0.43104931385237927,-1.3355437102870424,-0.5144227466365535,-0.6456245288212396,-0.3303174598660074,-0.5043466479784757,1.9827632522357468
1.3901501389855737,-0.5232825142917406,-0.582605621984096,1.371363876566686,-0.7418925662549462,-1.1064347277000308,-0.9058104013152335,-0.16224066063139642,1.6291557114290212,1.1944880919464211,-1.3278610462577245,-1.3250928858946096,-1.3355437102870424,-1.5504797737410139,-0.6456245288212396,3.027390681696474,-0.5043466479784757,-0.5043466479784757
0.8878142190463851,-0.2816035990969911,-0.2008999951181629,0.9128693413562361,-0.20633468625687304,0.11664286511980093,-0.02568465243226445,-0.15353208576275842,0.0376083563887657,-0.8371787100618959,-1.3278610462577245,-0.43104931385237927,0.44051102323259766,-0.5144227466365535,-0.6456245288212396,-0.3303174598660074,-0.5043466479784757,1.9827632522357468
0.7873470350585474,-0.5232825142917406,0.1857673014334857,0.7318227812987758,0.32922319374120007,4.090886216935492,2.9918893437379155,-0.16224066063139642,1.055112636174859,1.1944880919464211,-1.3278610462577245,-1.3250928858946096,1.3285383899924177,-0.5144227466365535,-0.6456245288212396,-0.3303174598660074,-0.5043466479784757,1.9827632522357468
0.7012323059261151,-0.5232825142917406,-0.13452306992558372,0.5609929798098029,-0.18905862561177392,1.9244227657957573,1.105905596131553,-0.16224066063139642,0.9731064825671216,1.1944880919464211,-1.3278610462577245,-1.3250928858946096,0.44051102323259766,-0.8597750890047069,-0.6456245288212396,-0.3303174598660074,-0.5043466479784757,-0.5043466479784757
-0.9493000024455045,0.4434331464872571,0.05089744485883112,-1.0446595075718712,0.5019838001921915,-0.35800392857338165,-0.1514169022726886,-0.1544378096101179,-0.7354770838940863,-0.8371787100618959,1.3217135414139385,1.3570378302320816,0.44051102323259766,1.2123389652042138,1.5488878680395983,-0.3303174598660074,-0.5043466479784757,-0.5043466479784757
0.11278165685449419,-0.2816035990969911,-0.39455834089547887,0.2699802648111475,-0.41364741399806265,-0.5383155189778355,-0.40288140195353694,-0.11540552017933105,-0.692896243586124,-0.8371787100618959,-0.4446695170338368,-0.43104931385237927,-0.44751634352722236,-0.5144227466365535,-0.6456245288212396,-0.3303174598660074,-0.5043466479784757,1.9827632522357468
-0.9923573670117206,0.9267909768767559,0.6419271598774201,1.3450314201525728,0.36377531503139837,-0.039511126406004425,-0.49269015183955417,-0.14658966690657055,-0.7907207874026885,-0.8371787100618959,1.3217135414139385,1.3570378302320816,1.3285383899924177,1.557691307572367,1.5488878680395983,-0.3303174598660074,-0.5043466479784757,-0.5043466479784757
-1.1215294607103692,0.4434331464872571,0.47363170208179095,-0.27251827899753167,1.1411980440608593,0.21387609013097242,0.3137924221368807,-0.14952969196164612,-0.8243581928845237,-0.8371787100618959,1.3217135414139385,1.3570378302320816,1.3285383899924177,1.557691307572367,1.5488878680395983,-0.3303174598660074,-0.5043466479784757,-0.5043466479784757
0.5002979379504396,-0.5232825142917406,-0.38224172555799685,-0.044286985354469524,-0.5691319598039548,0.24883879080500654,-0.27714915211311275,-0.16224066063139642,0.7817587908157343,1.1944880919464211,-0.4446695170338368,-1.3250928858946096,-0.44751634352722236,-0.8597750890047069,-0.6456245288212396,-0.3303174598660074,-0.5043466479784757,-0.5043466479784757
-1.1215294607103692,-0.5232825142917406,-0.4316687115154038,-1.4390378114825562,0.08735834470981221,-0.08548833280581372,2.111763594854946,-0.16224066063139642,-0.7626904354633206,1.1944880919464211,1.3217135414139385,-0.43104931385237927,-0.44751634352722236,0.1762819380997534,-0.6456245288212396,-0.3303174598660074,1.9827632522357468,-0.5043466479784757
-0.6478984504819914,0.9267909768767559,0.47187322797258896,-0.352607415722886,0.2946710724510018,-0.203833281344504,-0.528613651793961,-0.14422931668418862,-0.7052085807477315,-0.8371787100618959,0.43852201219005094,1.3570378302320816,1.3285383899924177,1.2123389652042138,1.5488878680395983,-0.3303174598660074,-0.5043466479784757,-0.5043466479784757
-0.31779198880766746,0.20175423129250772,0.391654703671477,-0.5394343363121398,0.24284289051570443,0.4392606426903692,-0.1514169022726886,-0.14132569227064307,-0.6422266052311718,-0.8371787100618959,0.43852201219005094,0.4629942581898511,1.3285383899924177,0.8669866228360602,1.5488878680395983,-0.3303174598660074,-0.5043466479784757,-0.5043466479784757
-0.6048410859157752,0.4434331464872571,-0.1523558945018906,-0.5092634175668765,0.5019838001921915,-0.6329675056416724,-0.1514169022726886,-0.15185034375799702,-0.6216087588774974,-0.8371787100618959,0.43852201219005094,1.3570378302320816,0.44051102323259766,0.8669866228360602,1.5488878680395983,-0.3303174598660074,-0.5043466479784757,-0.5043466479784757
1.8781336040693568,-0.5232825142917406,-0.22460656101358883,0.28880733509756706,-0.29271498948236874,1.3150925815472798,0.7287088466102805,-0.16224066063139642,2.0938572485395333,1.1944880919464211,-1.3278610462577245,-1.3250928858946096,0.44051102323259766,-0.8597750890047069,-0.6456245288212396,-0.3303174598660074,-0.5043466479784757,-0.5043466479784757
-0.11685762083199201,-0.2816035990969911,-0.3697791787591703,1.627240877277569,-0.6555122630294505,-0.4545116429974439,-0.8429442763950215,-0.09004445092773643,-0.7652304490706399,-0.8371787100618959,-0.4446695170338368,0.4629942581898511,-0.44751634352722236,-0.16907040426840003,-0.6456245288212396,-0.3303174598660074,-0.5043466479784757,1.9827632522357468
-0.8488328184576668,0.20175423129250772,0.9828960193090158,0.00424961562568421,1.106645922770661,1.4390586507426562,0.6344096592299624,-0.15129802075873158,-0.7196141693828518,-0.8371787100618959,1.3217135414139385,1.3570378302320816,1.3285383899924177,1.557691307572367,1.5488878680395983,-0.3303174598660074,-0.5043466479784757,-0.5043466479784757
1.4045025938409792,-0.2816035990969911,-0.5487495229521551,-0.6756521291203752,-0.6036840810941531,-1.0597947613858554,-0.7486450890147034,-0.1608387924818108,1.225958789524312,-0.8371787100618959,-1.3278610462577245,-0.43104931385237927,-1.3355437102870424,-1.2051274313728604,-0.6456245288212396,-0.3303174598660074,-0.5043466479784757,-0.5043466479784757
1.0169863127450336,-0.5232825142917406,-0.4921281159504606,1.8043864931543336,-0.7073404449647479,-0.49443940251931484,-0.7800781514748094,-0.16224066063139642,1.2737957124621588,1.1944880919464211,-1.3278610462577245,-1.3250928858946096,-1.3355437102870424,-1.5504797737410139,-0.6456245288212396,3.027390681696474,-0.5043466479784757,-0.5043466479784757
1.6341418715274654,-0.5232825142917406,-0.40881584466884363,-1.1365587778367732,0.03553016277451482,0.06908984126402518,1.92316522009431,-0.16224066063139642,1.861506479984277,1.1944880919464211,-1.3278610462577245,-1.3250928858946096,-0.44751634352722236,-1.2051274313728604,-0.6456245288212396,-0.3303174598660074,-0.5043466479784757,-0.5043466479784757
0.7299372156369258,-0.2816035990969911,-0.43456545102309363,-1.19901396292153,-0.15450650432157564,-0.6736207757506527,0.06861453494805367,-0.14231937640044273,-0.3745654207856044,-0.8371787100618959,-1.3278610462577245,-0.43104931385237927,-0.44751634352722236,-0.8597750890047069,-0.6456245288212396,-0.3303174598660074,-0.5043466479784757,-0.5043466479784757
1.3757976841301682,-0.5232825142917406,-0.38495605073900596,1.505394686462863,-0.4309234746431618,0.23047893104958492,0.22577984724858385,-0.16224066063139642,1.6154880191610648,1.1944880919464211,-1.3278610462577245,-1.3250928858946096,-0.44751634352722236,-1.2051274313728604,-0.6456245288212396,-0.3303174598660074,-0.5043466479784757,-0.5043466479784757
-0.30343953395226203,-0.5232825142917406,-0.5824232076574153,-1.381422757454788,-0.6727883236745497,-1.1052008661573278,-0.6543459016343852,-0.16224066063139642,0.01636802381018494,1.1944880919464211,0.43852201219005094,-0.43104931385237927,-1.3355437102870424,-0.5144227466365535,-0.6456245288212396,-0.3303174598660074,-0.5043466479784757,1.9827632522357468
-0.8775377281684775,0.20175423129250772,-0.16386988680197742,1.2346198923811136,-0.2408868075470713,-0.500139842846603,-0.5914797767141732,-0.13742380555089403,-0.7861207650655313,-0.8371787100618959,1.3217135414139385,1.3570378302320816,0.44051102323259766,1.2123389652042138,1.5488878680395983,-0.3303174598660074,-0.5043466479784757,-0.5043466479784757
-1.221996644698207,1.1684698920715055,1.2605962936746713,0.18055168095065516,0.2946710724510018,0.33324725894132246,-0.5993380423291996,-0.1413857085295361,-0.8583642813390142,-0.8371787100618959,1.3217135414139385,1.3570378302320816,1.3285383899924177,1.557691307572367,1.5488878680395983,-0.3303174598660074,-0.5043466479784757,-0.5043466479784757
1.7059041458044921,-0.5232825142917406,-0.5131422463840791,1.4435343126646274,-0.6382362023843514,-0.6365802522387071,-0.528613651793961,-0.16224066063139642,1.9298449413240584,1.1944880919464211,-1.3278610462577245,-1.3250928858946096,-1.3355437102870424,-1.5504797737410139,-0.6456245288212396,3.027390681696474,-0.5043466479784757,-0.5043466479784757
-0.633545995626586,0.20175423129250772,0.16507422021482526,0.14446646290168466,0.0009780414843165532,0.056109617834789044,-0.37144833949343087,-0.13895156072698997,-0.7287252002004144,-0.8371787100618959,0.43852201219005094,0.4629942581898511,1.3285383899924177,0.8669866228360602,1.5488878680395983,-0.3303174598660074,-0.5043466479784757,-0.5043466479784757
-1.1215294607103692,-0.5232825142917406,-0.3602717440525714,0.974426478028009,-0.4827516565784592,0.39744507500816245,0.03718147248794763,-0.16224066063139642,-0.7626904354633206,1.1944880919464211,1.3217135414139385,-0.43104931385237927,-0.44751634352722236,0.1762819380997534,-0.6456245288212396,-0.3303174598660074,1.9827632522357468,-0.5043466479784757
-1.006709821867126,-0.2816035990969911,-0.13126150176453247,-0.47757396251390444,0.2773950118059027,0.3521623563909605,0.8544410964507047,-0.14652617089007364,-0.7951257051738436,-0.8371787100618959,1.3217135414139385,0.4629942581898511,0.44051102323259766,0.8669866228360602,1.5488878680395983,-0.3303174598660074,-0.5043466479784757,-0.5043466479784757
2.337412159442329,-0.5232825142917406,-0.5567465670338376,-1.5360736919503764,-0.5518558991588557,-0.9315225154064456,-0.21428302719290068,-0.16224066063139642,2.531223401114133,1.1944880919464211,-1.3278610462577245,-1.3250928858946096,-1.3355437102870424,-1.5504797737410139,-0.6456245288212396,3.027390681696474,-0.5043466479784757,-0.5043466479784757
1.4188550486963845,-0.5232825142917406,-0.38023516796450896,-1.1133611376624346,-0.10267832238627825,0.26241126777474016,1.4202362207326134,-0.16224066063139642,1.6564910959649335,1.1944880919464211,-1.3278610462577245,-1.3250928858946096,-0.44751634352722236,-1.2051274313728604,-0.6456245288212396,-0.3303174598660074,-0.5043466479784757,-0.5043466479784757
-0.375201808229289,0.20175423129250772,0.9241513095447577,0.42765697845991074,0.5365359214823897,1.3397204579396327,0.11576412863821273,-0.147990901968026,-0.592488050227938,-0.8371787100618959,0.43852201219005094,1.3570378302320816,1.3285383899924177,1.2123389652042138,1.5488878680395983,-0.3303174598660074,-0.5043466479784757,-0.5043466479784757
-0.3895542630846944,-0.5232825142917406,-0.5211319938926945,-0.12015846945743354,-0.6382362023843514,-0.6906233878091008,-0.528613651793961,-0.16224066063139642,-0.06563812979755249,1.1944880919464211,0.43852201219005094,-0.43104931385237927,-1.3355437102870424,-0.5144227466365535,-0.6456245288212396,-0.3303174598660074,-0.5043466479784757,1.9827632522357468
-0.820127908746856,-0.0399246839022417,0.2508308434739637,-0.12172060010890422,0.46743167890199316,0.6822203190640281,0.435333596982624,-0.14637741578082217,-0.7410866638139705,-0.8371787100618959,0.43852201219005094,0.4629942581898511,1.3285383899924177,0.8669866228360602,1.5488878680395983,-0.3303174598660074,-0.5043466479784757,-0.5043466479784757
-1.1358819155657744,-0.0399246839022417,-0.4485675747391054,0.5053186433913909,-0.5864080204490539,-0.8947040869721865,-0.8429442763950215,-0.009946802562775628,-0.8547560105802737,-0.8371787100618959,1.3217135414139385,0.4629942581898511,-0.44751634352722236,0.5216342804679068,-0.6456245288212396,-0.3303174598660074,1.9827632522357468,-0.5043466479784757
-1.0354147315779367,3.34358012882425,2.4269170156058375,0.14801582861141943,1.0548177408353636,-0.03672902784181869,-0.6987219898133585,-0.15319013823709357,-0.7808156964325766,-0.8371787100618959,1.3217135414139385,1.3570378302320816,1.3285383899924177,1.557691307572367,1.5488878680395983,-0.3303174598660074,-0.5043466479784757,-0.5043466479784757
2.2800023400207077,-0.5232825142917406,-0.3781556446403488,0.9973897986046265,-0.6036840810941531,0.27647728936155513,-0.40288140195353694,-0.16224066063139642,2.4765526320423077,1.1944880919464211,-1.3278610462577245,-1.3250928858946096,-0.44751634352722236,-1.2051274313728604,-0.6456245288212396,-0.3303174598660074,-0.5043466479784757,-0.5043466479784757
0.7012323059261151,-0.5232825142917406,-0.5737767685727493,0.7218299516852147,-0.7591686269000453,-1.046715829033203,-0.9686765262354456,-0.16224066063139642,0.9731064825671216,1.1944880919464211,-1.3278610462577245,-1.3250928858946096,-1.3355437102870424,-1.5504797737410139,-0.6456245288212396,3.027390681696474,-0.5043466479784757,-0.5043466479784757
-0.00203798198874891,0.20175423129250772,0.49291654469847634,1.125594283368291,-0.2236107469019722,0.6104959475866993,-0.5757632454841202,-0.1310880350850491,-0.6449809224617382,-0.8371787100618959,-0.4446695170338368,1.3570378302320816,1.3285383899924177,0.8669866228360602,1.5488878680395983,-0.3303174598660074,-0.5043466479784757,-0.5043466479784757
1.1318059515882768,-0.2816035990969911,-0.4181043821834257,-1.1216091875021994,-0.20633468625687304,-0.6179489429438908,-0.02568465243226445,-0.1443049945999332,-0.22852087566856813,-0.8371787100618959,-1.3278610462577245,-0.43104931385237927,-0.44751634352722236,-0.8597750890047069,-0.6456245288212396,-0.3303174598660074,-0.5043466479784757,-0.5043466479784757
-0.4469640825063159,-0.5232825142917406,-0.39839633832884114,-0.016855688376066606,-0.5000277172235583,0.13956801258322363,-0.02568465243226445,-0.16224066063139642,-0.12030889886937743,1.1944880919464211,0.43852201219005094,-0.43104931385237927,-0.44751634352722236,-0.16907040426840003,-0.6456245288212396,-0.3303174598660074,-0.5043466479784757,1.9827632522357468
-0.030742891699559686,-0.2816035990969911,0.20647497579828072,-0.18030049953905122,-0.11995438303137738,1.4943973409328881,0.13148065986826574,-0.15487491272679396,-0.3052180909573473,-0.8371787100618959,-0.4446695170338368,0.4629942581898511,1.3285383899924177,0.5216342804679068,-0.6456245288212396,-0.3303174598660074,1.9827632522357468,-0.5043466479784757
1.2035682258653038,-0.2816035990969911,-0.5370020403139169,-0.5772378980777282,-0.724616505609847,-1.0200644197108168,-0.9686765262354456,0.01766575189875954,-0.7717452815908417,-0.8371787100618959,-1.3278610462577245,-0.43104931385237927,-1.3355437102870424,-1.2051274313728604,-0.6456245288212396,-0.3303174598660074,-0.5043466479784757,-0.5043466479784757
-1.221996644698207,-0.5232825142917406,-0.4713547724280605,-0.3787691988083896,-0.5864080204490539,-0.3539272500362908,-0.34001527703332485,-0.16224066063139642,-0.8583642813390142,1.1944880919464211,1.3217135414139385,-0.43104931385237927,-1.3355437102870424,-0.16907040426840003,-0.6456245288212396,-0.3303174598660074,-0.5043466479784757,1.9827632522357468
-0.016390436844154296,0.6851120616820066,-0.36645923801358127,-0.7032081138123165,0.03553016277451482,-0.9758674992511934,-0.5914797767141732,-0.1416020462069413,-0.5673001868439462,-0.8371787100618959,-0.4446695170338368,1.3570378302320816,-0.44751634352722236,0.1762819380997534,-0.6456245288212396,-0.3303174598660074,1.9827632522357468,-0.5043466479784757
2.2800023400207077,-0.5232825142917406,-0.5579067221515269,-0.631365725151184,-0.724616505609847,-0.9393698748180371,-0.8429442763950215,-0.16224066063139642,2.4765526320423077,1.1944880919464211,-1.3278610462577245,-1.3250928858946096,-1.3355437102870424,-1.5504797737410139,-0.6456245288212396,3.027390681696474,-0.5043466479784757,-0.5043466479784757
0.41418320881800735,-0.5232825142917406,-0.32941453655126135,-0.892163437414199,-0.6036840810941531,0.6061650935718116,-0.40288140195353694,-0.16224066063139642,0.6997526372079969,1.1944880919464211,-0.4446695170338368,-1.3250928858946096,-0.44751634352722236,-0.8597750890047069,-0.6456245288212396,-0.3303174598660074,-0.5043466479784757,-0.5043466479784757
-0.8918901830238829,-0.5232825142917406,-0.5643641893160244,1.371363876566686,-0.7591686269000453,-0.9830485734297253,-0.9686765262354456,-0.16224066063139642,-0.5440073591760208,1.1944880919464211,1.3217135414139385,-0.43104931385237927,-1.3355437102870424,-0.16907040426840003,-0.6456245288212396,-0.3303174598660074,-0.5043466479784757,1.9827632522357468
-0.21732480481982971,-0.5232825142917406,-0.40839994000401164,-0.5291242740124339,-0.4827516565784592,0.07190304558138812,0.03718147248794763,-0.16224066063139642,0.09837417741792237,1.1944880919464211,-0.4446695170338368,-0.43104931385237927,-0.44751634352722236,-0.5144227466365535,-0.6456245288212396,-0.3303174598660074,-0.5043466479784757,1.9827632522357468
-1.221996644698207,0.9267909768767559,0.24462145979375216,0.4929465686317442,-0.3790952927078644,-0.42342538275871383,-0.8788677763494284,-0.11193833291097086,-0.8583642813390142,-0.8371787100618959,1.3217135414139385,1.3570378302320816,1.3285383899924177,1.557691307572367,1.5488878680395983,-0.3303174598660074,-0.5043466479784757,-0.5043466479784757
2.265649885165302,-0.2816035990969911,-0.47640400099058283,-1.5307203903716828,-0.033574079805881715,-0.8151200174678392,0.28864597216879595,-0.16224066063139642,2.4628849397743515,-0.8371787100618959,-1.3278610462577245,-0.43104931385237927,-1.3355437102870424,-1.2051274313728604,-0.6456245288212396,-0.3303174598660074,-0.5043466479784757,-0.5043466479784757
-0.5474312664941536,-0.0399246839022417,-0.4399576185197756,-0.8770227864845612,-0.6382362023843514,-0.8752913320336584,-0.9058104013152335,-0.14471730876157604,-0.6748266994550305,-0.8371787100618959,0.43852201219005094,0.4629942581898511,-0.44751634352722236,0.1762819380997534,-0.6456245288212396,-0.3303174598660074,1.9827632522357468,-0.5043466479784757
-0.8057754538914507,2.3768644680452526,3.2623308523651158,0.7640218989424725,1.8322404698648247,0.7688487888529462,-0.3593587000856978,-0.15465322992487626,-0.6680315172312871,-0.8371787100618959,0.43852201219005094,1.3570378302320816,1.3285383899924177,1.2123389652042138,1.5488878680395983,-0.3303174598660074,-0.5043466479784757,-0.5043466479784757
0.11278165685449419,-0.2816035990969911,-0.32567139456777305,0.09549366697808163,-0.3445431714176661,-0.30533778248464444,-0.27714915211311275,-0.1536736886061509,-0.2863713599250457,-0.8371787100618959,-0.4446695170338368,0.4629942581898511,-0.44751634352722236,-0.16907040426840003,-0.6456245288212396,-0.3303174598660074,-0.5043466479784757,1.9827632522357468
1.031338767600439,-0.5232825142917406,-0.4823653011865086,-0.006435358030374414,-0.6036840810941531,-0.4284031327538473,-0.40288140195353694,-0.16224066063139642,1.2874634047301152,1.1944880919464211,-1.3278610462577245,-1.3250928858946096,-1.3355437102870424,-1.5504797737410139,-0.6456245288212396,3.027390681696474,-0.5043466479784757,-0.5043466479784757
0.2276012956977373,-0.5232825142917406,-0.5032918727433204,0.28880733509756706,-0.6900643843196488,-0.5699517289327419,-0.7172120265545973,-0.16224066063139642,0.5220726377245657,1.1944880919464211,-0.4446695170338368,-1.3250928858946096,-1.3355437102870424,-1.2051274313728604,-0.6456245288212396,-0.3303174598660074,-0.5043466479784757,-0.5043466479784757
-0.016390436844154296,-0.5232825142917406,-0.5386072863887071,-0.14421528149008053,-0.7073404449647479,-0.8088273236000536,-0.7800781514748094,-0.16224066063139642,0.2897218691693097,1.1944880919464211,-0.4446695170338368,-0.43104931385237927,-1.3355437102870424,-0.8597750890047069,-0.6456245288212396,-0.3303174598660074,-0.5043466479784757,-0.5043466479784757
-0.8775377281684775,0.20175423129250772,0.5872758276038774,-1.1082257073914787,2.5751110776040878,0.7700589222890585,1.970314813784469,-0.1563014482419306,-0.680797237990029,-0.8371787100618959,1.3217135414139385,0.4629942581898511,1.3285383899924177,1.2123389652042138,1.5488878680395983,-0.3303174598660074,-0.5043466479784757,-0.5043466479784757
-0.20297234996442434,-0.5232825142917406,-0.5197967210213916,-1.2007904659639406,-0.39637135335296353,-0.6815915213165146,0.35151209708900805,-0.16224066063139642,0.1120418696858786,1.1944880919464211,-0.4446695170338368,-0.43104931385237927,-1.3355437102870424,-0.8597750890047069,-0.6456245288212396,-0.3303174598660074,-0.5043466479784757,-0.5043466479784757
0.41418320881800735,-0.2816035990969911,-0.3704650566274898,0.046314669808484574,-0.36181923206276523,-0.45683130269772565,-0.3085822145732188,-0.13653974455565984,-0.5244820845075119,-0.8371787100618959,-0.4446695170338368,-0.43104931385237927,-0.44751634352722236,-0.5144227466365535,-0.6456245288212396,-0.3303174598660074,-0.5043466479784757,1.9827632522357468
-0.4182591727955052,-0.5232825142917406,-0.07998118624804944,0.6042952414685671,-0.18905862561177392,2.2933473670639715,1.105905596131553,-0.16224066063139642,-0.09297351433346496,1.1944880919464211,0.43852201219005094,-0.43104931385237927,0.44051102323259766,0.1762819380997534,-0.6456245288212396,-0.3303174598660074,1.9827632522357468,-0.5043466479784757
-1.1358819155657744,-0.5232825142917406,-0.21539098922967903,-1.4187724171065528,1.7631362272844282,1.377427266684638,8.20977771211552,-0.16224066063139642,-0.7763581277312769,1.1944880919464211,1.3217135414139385,-0.43104931385237927,0.44051102323259766,0.5216342804679068,-0.6456245288212396,-0.3303174598660074,1.9827632522357468,-0.5043466479784757
-0.6048410859157752,-0.0399246839022417,1.2882940850378712,0.40747218675860514,0.709296527933381,3.0213750317204826,0.7287088466102805,-0.15312171247389766,-0.6029456777323553,-0.8371787100618959,0.43852201219005094,0.4629942581898511,1.3285383899924177,0.8669866228360602,1.5488878680395983,-0.3303174598660074,-0.5043466479784757,-0.5043466479784757
0.19889638598692652,-0.2816035990969911,-0.2854599803942759,-0.6777610054998606,0.07008228406471309,-0.1693415632479135,0.4772443469294322,-0.16007413712749136,0.1752549464251762,-0.8371787100618959,-0.4446695170338368,0.4629942581898511,0.44051102323259766,0.1762819380997534,-0.6456245288212396,-0.3303174598660074,1.9827632522357468,-0.5043466479784757
2.222592520599086,-0.5232825142917406,-0.2627968244474636,-0.6369651555380933,-0.29271498948236874,1.056771328966968,0.7287088466102805,-0.16224066063139642,2.421881862970483,1.1944880919464211,-1.3278610462577245,-1.3250928858946096,0.44051102323259766,-0.8597750890047069,-0.6456245288212396,-0.3303174598660074,-0.5043466479784757,-0.5043466479784757
-0.8344803636022614,-0.0399246839022417,-0.09212998040498523,0.7310431988466535,-0.10267832238627825,-0.09104893549159562,-0.2561937771397087,-0.1364889522313995,-0.7794095194934252,-0.8371787100618959,0.43852201219005094,0.4629942581898511,0.44051102323259766,0.5216342804679068,-0.6456245288212396,-0.3303174598660074,1.9827632522357468,-0.5043466479784757
0.8016994899139528,-0.0399246839022417,0.04479021320156072,1.3930150073960683,-0.41364741399806265,0.21766322249270934,-0.6333905266609813,-0.1368620130957945,-0.4412956717593646,-0.8371787100618959,-1.3278610462577245,0.4629942581898511,0.44051102323259766,-0.16907040426840003,-0.6456245288212396,-0.3303174598660074,-0.5043466479784757,1.9827632522357468
-1.006709821867126,-0.5232825142917406,-0.48710807368020725,-1.3711126951550818,-0.10267832238627825,-0.46048353286412674,1.4202362207326134,-0.16224066063139642,-0.6533488973196707,1.1944880919464211,1.3217135414139385,-0.43104931385237927,-1.3355437102870424,-0.16907040426840003,-0.6456245288212396,-0.3303174598660074,-0.5043466479784757,1.9827632522357468
-0.5474312664941536,-0.5232825142917406,-0.5092020969277756,0.7836903254834502,-0.6727883236745497,-0.609928842916321,-0.6543459016343852,-0.16224066063139642,-0.2159827447450711,1.1944880919464211,0.43852201219005094,-0.43104931385237927,-1.3355437102870424,-0.5144227466365535,-0.6456245288212396,-0.3303174598660074,-0.5043466479784757,1.9827632522357468
-0.43261162765091055,-0.5232825142917406,-0.2371493701161549,0.946073806703818,-0.30999105012746786,1.2302522618710177,0.6658427216900684,-0.16224066063139642,-0.10664120660142119,1.1944880919464211,0.43852201219005094,-0.43104931385237927,0.44051102323259766,0.1762819380997534,-0.6456245288212396,-0.3303174598660074,1.9827632522357468,-0.5043466479784757
-0.8344803636022614,-0.0399246839022417,-0.17912702108555253,-1.2331398026149003,0.8993331950294715,-0.2872000178069094,0.9592179713177247,-0.16217126121805062,-0.4929545086457138,-0.8371787100618959,0.43852201219005094,0.4629942581898511,0.44051102323259766,0.5216342804679068,-0.6456245288212396,-0.3303174598660074,1.9827632522357468,-0.5043466479784757
-0.9780049121563152,3.101901213629501,1.2601512027175705,-1.3878726542489168,2.0395531976060144,-0.4546442831132845,-0.450030995643696,-0.15861112076667355,-0.7052818500999488,-0.8371787100618959,1.3217135414139385,1.3570378302320816,1.3285383899924177,1.557691307572367,1.5488878680395983,-0.3303174598660074,-0.5043466479784757,-0.5043466479784757
-1.0210622767225315,-0.5232825142917406,-0.23082324126686762,0.5277163649390278,-0.29271498948236874,1.2730425801719596,0.7287088466102805,-0.16224066063139642,-0.6670165895876269,1.1944880919464211,1.3217135414139385,-0.43104931385237927,0.44051102323259766,0.5216342804679068,-0.6456245288212396,-0.3303174598660074,1.9827632522357468,-0.5043466479784757
0.12713411170989958,-0.5232825142917406,-0.43343448219767317,-1.4473682502774352,0.12191046600001049,-0.09743211253917938,2.2374958446953706,-0.16224066063139642,0.4263987918488721,1.1944880919464211,-0.4446695170338368,-1.3250928858946096,-0.44751634352722236,-0.8597750890047069,-0.6456245288212396,-0.3303174598660074,-0.5043466479784757,-0.5043466479784757
-0.2747346242414513,-0.5232825142917406,-0.5738205480111527,0.8300856058321265,-0.7418925662549462,-1.0470119558034519,-0.9058104013152335,-0.16224066063139642,0.043703408346097414,1.1944880919464211,-0.4446695170338368,-0.43104931385237927,-1.3355437102870424,-0.8597750890047069,-0.6456245288212396,-0.3303174598660074,-0.5043466479784757,-0.5043466479784757
-0.375201808229289,-0.2816035990969911,0.19817147564777443,-1.2145164658859642,2.1777616827668074,1.4663146522209662,4.312077967062369,-0.15599537124461682,-0.43192543160521174,-0.8371787100618959,0.43852201219005094,-0.43104931385237927,1.3285383899924177,0.5216342804679068,-0.6456245288212396,-0.3303174598660074,1.9827632522357468,-0.5043466479784757
-0.1455625305428028,0.4434331464872571,0.5608768262466443,0.8560059737264574,0.17373864793530788,0.33190234985977624,-0.39030817696949455,-0.14461717532231994,-0.5666757268399482,-0.8371787100618959,-0.4446695170338368,1.3570378302320816,1.3285383899924177,0.8669866228360602,1.5488878680395983,-0.3303174598660074,-0.5043466479784757,-0.5043466479784757
-1.0354147315779367,1.1684698920715055,1.4363050697066047,0.7218299516852147,0.5883641034176871,0.48181035799048394,-0.465747526873749,-0.1533125618016332,-0.7802200063819278,-0.8371787100618959,1.3217135414139385,1.3570378302320816,1.3285383899924177,1.557691307572367,1.5488878680395983,-0.3303174598660074,-0.5043466479784757,-0.5043466479784757
-0.28908707909685666,-0.0399246839022417,0.0921011929694714,-1.2027150109265525,1.106645922770661,0.3243346657311976,1.2106824709985728,-0.15256358571821202,-0.4851805833644097,-0.8371787100618959,0.43852201219005094,0.4629942581898511,1.3285383899924177,0.8669866228360602,1.5488878680395983,-0.3303174598660074,-0.5043466479784757,-0.5043466479784757
0.11278165685449419,-0.5232825142917406,-0.4973378691204618,-0.8232734756843462,-0.41364741399806265,-0.529678488178914,0.28864597216879595,-0.16224066063139642,0.4127310995809158,1.1944880919464211,-0.4446695170338368,-1.3250928858946096,-1.3355437102870424,-1.2051274313728604,-0.6456245288212396,-0.3303174598660074,-0.5043466479784757,-0.5043466479784757
0.3998307539626019,0.9267909768767559,1.2069372953382718,-1.1354769192685736,4.682790476306182,0.5064549796466308,1.7525285953108771,-0.16047474145071686,0.3752824690634505,-0.8371787100618959,-0.4446695170338368,1.3570378302320816,1.3285383899924177,0.8669866228360602,1.5488878680395983,-0.3303174598660074,-0.5043466479784757,-0.5043466479784757
-0.6478984504819914,0.9267909768767559,2.950592064640839,0.5974747387164544,2.2641419859923033,2.19133874535067,0.4952060969066356,-0.15519518926105627,-0.5857131450939232,-0.8371787100618959,0.43852201219005094,1.3570378302320816,1.3285383899924177,1.2123389652042138,1.5488878680395983,-0.3303174598660074,-0.5043466479784757,-0.5043466479784757
-0.43261162765091055,-0.0399246839022417,-0.3950982873024538,-1.4068606681755578,0.8820571343843724,-0.7741475885064797,0.9382625963443209,-0.155694200876256,-0.46966844757225884,-0.8371787100618959,0.43852201219005094,0.4629942581898511,-0.44751634352722236,0.1762819380997534,-0.6456245288212396,-0.3303174598660074,1.9827632522357468,-0.5043466479784757
-0.8918901830238829,-0.5232825142917406,-0.4151492700911982,0.1976446789738515,-0.46547559593336,0.02625016850137502,0.1000475974081597,-0.16224066063139642,-0.5440073591760208,1.1944880919464211,1.3217135414139385,-0.43104931385237927,-0.44751634352722236,0.1762819380997534,-0.6456245288212396,-0.3303174598660074,1.9827632522357468,-0.5043466479784757
-1.1215294607103692,0.9267909768767559,0.29926549549422754,-0.7646278023320318,1.4176150143824455,-0.3706231593684097,0.05514322246515102,-0.15263374066511842,-0.8180055870490194,-0.8371787100618959,1.3217135414139385,1.3570378302320816,1.3285383899924177,1.557691307572367,1.5488878680395983,-0.3303174598660074,-0.5043466479784757,-0.5043466479784757
1.61978941667206,-0.5232825142917406,-0.445459234612466,-1.2748854470244937,-0.5000277172235583,-0.17876826543416482,-0.02568465243226445,-0.16224066063139642,1.847838787716321,1.1944880919464211,-1.3278610462577245,-1.3250928858946096,-0.44751634352722236,-1.2051274313728604,-0.6456245288212396,-0.3303174598660074,-0.5043466479784757,-0.5043466479784757
0.9165191287571959,-0.2816035990969911,-0.3605344206829916,0.9112773464423105,-0.41364741399806265,-0.4232455915053484,-0.40288140195353694,-0.16224066063139642,1.1781218665864652,-0.8371787100618959,-1.3278610462577245,0.4629942581898511,-0.44751634352722236,-0.5144227466365535,-0.6456245288212396,-0.3303174598660074,-0.5043466479784757,1.9827632522357468
-1.006709821867126,0.20175423129250772,-0.06136762835354912,-1.2267718229591995,0.6920204672882819,-0.32680697332767755,0.25721290970868993,-0.15851347150352987,-0.7245200409947796,-0.8371787100618959,1.3217135414139385,1.3570378302320816,0.44051102323259766,1.2123389652042138,1.5488878680395983,-0.3303174598660074,-0.5043466479784757,-0.5043466479784757
-0.3464968985184782,-0.5232825142917406,-0.5238390225006364,-0.20916867397822764,-0.4481995352882609,-0.7089338931028141,0.16291372232837179,-0.16224066063139642,-0.02463505299368377,1.1944880919464211,0.43852201219005094,-0.43104931385237927,-1.3355437102870424,-0.5144227466365535,-0.6456245288212396,-0.3303174598660074,-0.5043466479784757,1.9827632522357468
2.2369449754544917,-0.5232825142917406,-0.4233214319264943,-0.8457119203620697,-0.3790952927078644,-0.029026828611721858,0.4143782220092201,-0.16224066063139642,2.435549555238439,1.1944880919464211,-1.3278610462577245,-1.3250928858946096,-0.44751634352722236,-1.2051274313728604,-0.6456245288212396,-0.3303174598660074,-0.5043466479784757,-0.5043466479784757
-0.3895542630846944,-0.5232825142917406,-0.373215864673835,-0.8745370079737251,0.36377531503139837,0.30989025993795377,3.1176215935783396,-0.16224066063139642,-0.06563812979755249,1.1944880919464211,0.43852201219005094,-0.43104931385237927,-0.44751634352722236,-0.16907040426840003,-0.6456245288212396,-0.3303174598660074,-0.5043466479784757,1.9827632522357468
0.514650392805845,-0.2816035990969911,-0.1351870580747015,-1.3158572050175958,2.1777616827668074,0.33888600619147563,4.312077967062369,-0.1591213205079729,0.2861068636056836,-0.8371787100618959,-0.4446695170338368,-0.43104931385237927,0.44051102323259766,-0.16907040426840003,-0.6456245288212396,-0.3303174598660074,-0.5043466479784757,1.9827632522357468
2.1364777914666537,-0.5232825142917406,-0.4154192432946856,-0.4063079178457619,-0.46547559593336,0.024424053418174472,0.1000475974081597,-0.16224066063139642,2.3398757093627456,1.1944880919464211,-1.3278610462577245,-1.3250928858946096,-0.44751634352722236,-1.2051274313728604,-0.6456245288212396,-0.3303174598660074,-0.5043466479784757,-0.5043466479784757
-0.1455625305428028,-0.5232825142917406,-0.5425255461258089,-1.4629659774615527,-0.6036840810941531,-0.8353306695373153,-0.40288140195353694,-0.16224066063139642,0.16671263875770356,1.1944880919464211,-0.4446695170338368,-0.43104931385237927,-1.3355437102870424,-0.8597750890047069,-0.6456245288212396,-0.3303174598660074,-0.5043466479784757,-0.5043466479784757
-0.045095346554965075,-0.5232825142917406,-0.2837306925773427,0.8625623020762002,-0.4481995352882609,0.9151733783263651,0.16291372232837179,-0.16224066063139642,0.2623864846333972,1.1944880919464211,-0.4446695170338368,-0.43104931385237927,0.44051102323259766,-0.16907040426840003,-0.6456245288212396,-0.3303174598660074,-0.5043466479784757,1.9827632522357468
0.328068479685575,-0.5232825142917406,-0.5773885722410276,-0.68549355222464,-0.7591686269000453,-1.0711462875787234,-0.9686765262354456,-0.16224066063139642,0.6177464836002594,1.1944880919464211,-0.4446695170338368,-1.3250928858946096,-1.3355437102870424,-1.2051274313728604,-0.6456245288212396,-0.3303174598660074,-0.5043466479784757,-0.5043466479784757
-0.43261162765091055,-0.2816035990969911,0.04638086613021653,0.8202441827278624,-0.033574079805881715,0.9529542187639326,0.28864597216879595,-0.1306171233035345,-0.7219757065975945,-0.8371787100618959,0.43852201219005094,-0.43104931385237927,0.44051102323259766,0.1762819380997534,-0.6456245288212396,-0.3303174598660074,1.9827632522357468,-0.5043466479784757
-0.633545995626586,-0.2816035990969911,-0.5015406952071855,2.280711371400746,-0.7073404449647479,-0.9001330777600798,-0.9372434637753396,-0.14997431432252215,-0.6545914147985759,-0.8371787100618959,0.43852201219005094,0.4629942581898511,-1.3355437102870424,-0.16907040426840003,-0.6456245288212396,-0.3303174598660074,-0.5043466479784757,1.9827632522357468
0.8304043996247635,-0.5232825142917406,-0.451041113008896,-1.4523044357652661,0.018254102129415688,-0.21652442864087837,1.8602990951740979,-0.16224066063139642,1.0961157129787278,1.1944880919464211,-1.3278610462577245,-1.3250928858946096,-0.44751634352722236,-1.2051274313728604,-0.6456245288212396,-0.3303174598660074,-0.5043466479784757,-0.5043466479784757
1.1748633161544928,-0.2816035990969911,-0.48223396287129855,-0.7009586456741989,-0.4309234746431618,-0.8348371249202341,-0.43431446441364296,-0.16224066063139642,1.4241403274096776,-0.8371787100618959,-1.3278610462577245,0.4629942581898511,-1.3355437102870424,-0.8597750890047069,-0.6456245288212396,-0.3303174598660074,-0.5043466479784757,-0.5043466479784757
1.0169863127450336,-0.5232825142917406,-0.22252703768942864,0.5501140864866653,-0.29271498948236874,1.3291586031340947,0.7287088466102805,-0.16224066063139642,1.2737957124621588,1.1944880919464211,-1.3278610462577245,-1.3250928858946096,0.44051102323259766,-0.8597750890047069,-0.6456245288212396,-0.3303174598660074,-0.5043466479784757,-0.5043466479784757
-1.006709821867126,-0.5232825142917406,-0.49484244113146963,1.263108222419774,-0.5864080204490539,-0.5127992622747364,-0.34001527703332485,-0.16224066063139642,-0.6533488973196707,1.1944880919464211,1.3217135414139385,-0.43104931385237927,-1.3355437102870424,-0.16907040426840003,-0.6456245288212396,-0.3303174598660074,-0.5043466479784757,1.9827632522357468
-0.9780049121563152,-0.2816035990969911,-0.3653501589073625,0.8253788382605216,-0.39637135335296353,-0.43953256386902884,-0.37144833949343087,-0.15045222391897178,-0.7717250117082408,-0.8371787100618959,1.3217135414139385,0.4629942581898511,-0.44751634352722236,0.5216342804679068,-0.6456245288212396,-0.3303174598660074,1.9827632522357468,-0.5043466479784757
1.8063713297923298,-0.5232825142917406,-0.21131220488509816,0.545413330112469,-0.327267110772567,1.4050164107794787,0.6029765967698564,-0.16224066063139642,2.025518787199752,1.1944880919464211,-1.3278610462577245,-1.3250928858946096,0.44051102323259766,-0.8597750890047069,-0.6456245288212396,-0.3303174598660074,-0.5043466479784757,-0.5043466479784757
-0.4469640825063159,-0.5232825142917406,-0.597636562502587,-1.6597944395468471,-0.6900643843196488,-1.2081049188187627,-0.7172120265545973,-0.16224066063139642,-0.12030889886937743,1.1944880919464211,0.43852201219005094,-0.43104931385237927,-1.3355437102870424,-0.5144227466365535,-0.6456245288212396,-0.3303174598660074,-0.5043466479784757,1.9827632522357468
0.6725273962153043,-0.0399246839022417,0.34443857935344024,-0.574749262350213,0.6747444066431828,0.893276448815195,0.6867980966634724,-0.15319372082883798,-0.07077218679160714,-0.8371787100618959,-1.3278610462577245,0.4629942581898511,1.3285383899924177,0.1762819380997534,-0.6456245288212396,-0.3303174598660074,1.9827632522357468,-0.5043466479784757
-1.006709821867126,2.3768644680452526,1.2479878154145003,0.026465165924028623,0.7784007705137775,-0.27923876348368365,-0.6543459016343852,-0.15054124629478105,-0.7815541099157891,-0.8371787100618959,1.3217135414139385,1.3570378302320816,1.3285383899924177,1.557691307572367,1.5488878680395983,-0.3303174598660074,-0.5043466479784757,-0.5043466479784757
-0.43261162765091055,-0.0399246839022417,0.1337354388910781,-0.37804749444741026,0.6574683459980836,0.4182068519000461,0.6658427216900684,-0.14843438340062887,-0.6052330418865595,-0.8371787100618959,0.43852201219005094,0.4629942581898511,1.3285383899924177,0.8669866228360602,1.5488878680395983,-0.3303174598660074,-0.5043466479784757,-0.5043466479784757
1.7059041458044921,-0.5232825142917406,-0.4689614964620096,-0.9174699539680227,-0.4309234746431618,-0.3377389865960267,0.22577984724858385,-0.16224066063139642,1.9298449413240584,1.1944880919464211,-1.3278610462577245,-1.3250928858946096,-1.3355437102870424,-1.5504797737410139,-0.6456245288212396,3.027390681696474,-0.5043466479784757,-0.5043466479784757
0.11278165685449419,-0.5232825142917406,-0.5131860258224825,-0.9958264274457875,-0.5345798385137566,-0.6368763790089558,-0.1514169022726886,-0.16224066063139642,0.4127310995809158,1.1944880919464211,-0.4446695170338368,-1.3250928858946096,-1.3355437102870424,-1.2051274313728604,-0.6456245288212396,-0.3303174598660074,-0.5043466479784757,-0.5043466479784757
2.294354794876113,-0.5232825142917406,-0.40989573748279345,-0.10813006344111004,-0.5864080204490539,0.06178538093122327,-0.34001527703332485,-0.16224066063139642,2.490220324310264,1.1944880919464211,-1.3278610462577245,-1.3250928858946096,-0.44751634352722236,-1.2051274313728604,-0.6456245288212396,-0.3303174598660074,-0.5043466479784757,-0.5043466479784757
-1.1071770058549637,-0.2816035990969911,-0.3255911322640335,0.2055337549845582,-0.3445431714176661,-0.3050663329452497,-0.27714915211311275,-0.1532687044740484,-0.8104074663637292,-0.8371787100618959,1.3217135414139385,0.4629942581898511,-0.44751634352722236,0.5216342804679068,-0.6456245288212396,-0.3303174598660074,1.9827632522357468,-0.5043466479784757
-0.9205950927346938,0.4434331464872571,0.36310321325941114,0.8394410327337116,0.191014708580407,0.06435181294004526,-0.37773495198545204,-0.14340305737133952,-0.7805279321520092,-0.8371787100618959,1.3217135414139385,1.3570378302320816,1.3285383899924177,1.557691307572367,1.5488878680395983,-0.3303174598660074,-0.5043466479784757,-0.5043466479784757
0.8016994899139528,-0.5232825142917406,-0.4101876004054827,0.7855097482422219,-0.5000277172235583,0.059811202462898214,-0.02568465243226445,-0.16224066063139642,1.0687803284428152,1.1944880919464211,-1.3278610462577245,-1.3250928858946096,-0.44751634352722236,-1.2051274313728604,-0.6456245288212396,-0.3303174598660074,-0.5043466479784757,-0.5043466479784757
2.3948219788639507,-0.5232825142917406,-0.4968562952980248,-1.4278180378034646,-0.10267832238627825,-0.5264210937061781,1.4202362207326134,-0.16224066063139642,2.585894170185958,1.1944880919464211,-1.3278610462577245,-1.3250928858946096,-1.3355437102870424,-1.5504797737410139,-0.6456245288212396,3.027390681696474,-0.5043466479784757,-0.5043466479784757
0.27065866026395347,-0.5232825142917406,-0.5364183144685386,-0.7504469447127872,-0.6382362023843514,-0.794020985087617,-0.528613651793961,-0.16224066063139642,0.5630757145284344,1.1944880919464211,-0.4446695170338368,-1.3250928858946096,-1.3355437102870424,-1.2051274313728604,-0.6456245288212396,-0.3303174598660074,-0.5043466479784757,-0.5043466479784757
1.476264868118006,-0.5232825142917406,-0.2622495814674215,0.47933728639613216,-0.36181923206276523,1.060472913595077,0.4772443469294322,-0.16224066063139642,1.7111618650367586,1.1944880919464211,-1.3278610462577245,-1.3250928858946096,0.44051102323259766,-0.8597750890047069,-0.6456245288212396,-0.3303174598660074,-0.5043466479784757,-0.5043466479784757
1.6771992360936814,-0.2816035990969911,0.033962098769793364,0.28472221607315584,0.10463440535491135,0.9109535718503207,0.5401104718496442,-0.1564444750129174,0.6528508721621681,-0.8371787100618959,-1.3278610462577245,-0.43104931385237927,0.44051102323259766,-0.5144227466365535,-0.6456245288212396,-0.3303174598660074,-0.5043466479784757,1.9827632522357468
0.012314472866656477,-0.5232825142917406,-0.46753866471389993,-0.5378722056606693,-0.6036840810941531,-0.32811486656294286,-0.40288140195353694,-0.16224066063139642,0.31705725370522214,1.1944880919464211,-0.4446695170338368,-0.43104931385237927,-1.3355437102870424,-0.8597750890047069,-0.6456245288212396,-0.3303174598660074,-0.5043466479784757,-0.5043466479784757
-0.17426744025361357,-0.2816035990969911,-0.43886313255969134,0.2617434215608391,-0.5345798385137566,-0.6881556647236947,-0.6229128391742792,-0.14027805962122156,-0.6169752001549484,-0.8371787100618959,-0.4446695170338368,0.4629942581898511,-0.44751634352722236,-0.16907040426840003,-0.6456245288212396,-0.3303174598660074,-0.5043466479784757,1.9827632522357468
-0.28908707909685666,-0.5232825142917406,-0.4463640096728024,-0.5439284660325244,-0.3445431714176661,-0.18488821868597202,0.5401104718496442,-0.16224066063139642,0.030035716078141178,1.1944880919464211,0.43852201219005094,-0.43104931385237927,-0.44751634352722236,-0.16907040426840003,-0.6456245288212396,-0.3303174598660074,-0.5043466479784757,1.9827632522357468
-0.24602971453064051,-0.5232825142917406,-0.5112451373865997,1.425491703640142,-0.6555122630294505,-0.6237480921945951,-0.5914797767141732,-0.16224066063139642,0.07103879288200989,1.1944880919464211,-0.4446695170338368,-0.43104931385237927,-1.3355437102870424,-0.8597750890047069,-0.6456245288212396,-0.3303174598660074,-0.5043466479784757,-0.5043466479784757
-0.6478984504819914,-0.5232825142917406,-0.49177058387016637,-1.26285704100817,-0.27543892883726956,-0.4920210338956168,0.7915749715304926,-0.16224066063139642,-0.3116565906207648,1.1944880919464211,0.43852201219005094,-0.43104931385237927,-1.3355437102870424,-0.5144227466365535,-0.6456245288212396,-0.3303174598660074,-0.5043466479784757,1.9827632522357468
1.2753305001423305,-0.2816035990969911,-0.43207002303410136,0.20220281178003746,-0.6209601417392523,-0.6651811627985637,-0.7800781514748094,-0.10305067209333646,-0.6065571508493734,-0.8371787100618959,-1.3278610462577245,-0.43104931385237927,-0.44751634352722236,-0.8597750890047069,-0.6456245288212396,-0.3303174598660074,-0.5043466479784757,-0.5043466479784757
-0.705308269903613,-0.0399246839022417,-0.12656980528230447,0.23931903605897895,-0.327267110772567,-0.1686999552457079,-0.528613651793961,-0.13172941266982682,-0.7664452959764955,-0.8371787100618959,0.43852201219005094,0.4629942581898511,0.44051102323259766,0.5216342804679068,-0.6456245288212396,-0.3303174598660074,1.9827632522357468,-0.5043466479784757
-1.1789392801319907,0.6851120616820066,0.07512206744203023,-0.9996124175361712,0.5365359214823897,-0.4780537212322182,-0.2876268395998147,-0.1519293990352707,-0.8417710629668801,-0.8371787100618959,1.3217135414139385,1.3570378302320816,0.44051102323259766,1.2123389652042138,1.5488878680395983,-0.3303174598660074,-0.5043466479784757,-0.5043466479784757
-1.0497671864333422,0.6851120616820066,0.44333633070665757,0.32566032374332415,0.3810513756764975,-0.06294979529243803,-0.38192602698013284,-0.1449057318999612,-0.8111409235339394,-0.8371787100618959,1.3217135414139385,1.3570378302320816,1.3285383899924177,1.557691307572367,1.5488878680395983,-0.3303174598660074,-0.5043466479784757,-0.5043466479784757
-0.11685762083199201,0.4434331464872571,-0.2544860277238902,0.422045063278382,-0.39637135335296353,-0.7711303857473899,-0.8052246014428942,-0.11541826443523635,-0.7213314291733072,-0.8371787100618959,-0.4446695170338368,1.3570378302320816,0.44051102323259766,0.5216342804679068,-0.6456245288212396,-0.3303174598660074,1.9827632522357468,-0.5043466479784757
-0.11685762083199201,-0.2816035990969911,-0.21622279855934307,-0.28855615368596316,-0.3445431714176661,0.06482068032627256,-0.27714915211311275,-0.1368620130957945,-0.6306034094409078,-0.8371787100618959,-0.4446695170338368,0.4629942581898511,0.44051102323259766,0.1762819380997534,-0.6456245288212396,-0.3303174598660074,1.9827632522357468,-0.5043466479784757
0.586412667082872,-0.5232825142917406,-0.4185640662866612,0.6219016555496036,-0.5691319598039548,0.0031522804219737666,-0.27714915211311275,-0.16224066063139642,0.8637649444234716,1.1944880919464211,-0.4446695170338368,-1.3250928858946096,-0.44751634352722236,-0.8597750890047069,-0.6456245288212396,-0.3303174598660074,-0.5043466479784757,-0.5043466479784757
-0.8918901830238829,0.6851120616820066,0.1307584370796488,-1.31869841195546,1.607651681478536,-0.41533242614481286,0.3619897845757101,-0.1533017822618476,-0.7202024735735505,-0.8371787100618959,1.3217135414139385,1.3570378302320816,1.3285383899924177,1.557691307572367,1.5488878680395983,-0.3303174598660074,-0.5043466479784757,-0.5043466479784757
-0.33214444366307283,-0.5232825142917406,-0.5457579279945912,-0.68549355222464,-0.724616505609847,-0.8571946960740134,-0.8429442763950215,-0.16224066063139642,-0.010967360725727534,1.1944880919464211,0.43852201219005094,-0.43104931385237927,-1.3355437102870424,-0.5144227466365535,-0.6456245288212396,-0.3303174598660074,-0.5043466479784757,1.9827632522357468
-0.705308269903613,0.20175423129250772,0.2254679554922769,0.6640936028068615,0.22556682987060528,0.15823633772432102,-0.16713343350274162,-0.15068472047940676,-0.6725952394929152,-0.8371787100618959,0.43852201219005094,1.3570378302320816,1.3285383899924177,1.2123389652042138,1.5488878680395983,-0.3303174598660074,-0.5043466479784757,-0.5043466479784757
-0.016390436844154296,-0.2816035990969911,-0.33297526420806894,-1.29501995274747,0.7611247098686784,-0.33003969056955956,1.7345668453336738,-0.15053275081068127,-0.4284225541939218,-0.8371787100618959,-0.4446695170338368,-0.43104931385237927,-0.44751634352722236,-0.5144227466365535,-0.6456245288212396,-0.3303174598660074,-0.5043466479784757,1.9827632522357468
-0.7483656344698291,-0.5232825142917406,-0.41412774986178613,0.3369209591628607,-0.6382362023843514,0.033159793140512026,-0.528613651793961,-0.16224066063139642,-0.40733043649645845,1.1944880919464211,0.43852201219005094,-0.43104931385237927,-0.44751634352722236,-0.16907040426840003,-0.6456245288212396,-0.3303174598660074,-0.5043466479784757,1.9827632522357468
-1.2076441898428014,-0.2816035990969911,0.36481790793020996,0.2928168037696754,-0.01629801916078258,2.029917927696869,0.32007903462890197,-0.15126376851671647,-0.8530379012640019,-0.8371787100618959,1.3217135414139385,0.4629942581898511,1.3285383899924177,1.2123389652042138,1.5488878680395983,-0.3303174598660074,-0.5043466479784757,-0.5043466479784757
-0.24602971453064051,-0.5232825142917406,-0.5807814787172888,3.3199656512111004,-0.7764446875451444,-1.0940961122730004,-1.0315426511556578,6.84009074654883,-0.8574348782647933,1.1944880919464211,-0.4446695170338368,-0.43104931385237927,-1.3355437102870424,-0.8597750890047069,-0.6456245288212396,-0.3303174598660074,-0.5043466479784757,-0.5043466479784757
-0.21732480481982971,0.20175423129250772,-0.2371493701161548,-1.0472258599838338,-0.17178256496667477,-0.624056557580271,-0.528613651793961,-0.15856075673873415,-0.23099480018692461,-0.8371787100618959,-0.4446695170338368,1.3570378302320816,0.44051102323259766,0.5216342804679068,-0.6456245288212396,-0.3303174598660074,1.9827632522357468,-0.5043466479784757
0.9021666739017905,-0.5232825142917406,-0.08738720791128651,0.08895074282634503,-0.3445431714176661,2.2432525884302272,0.5401104718496442,-0.16224066063139642,1.164454174318509,1.1944880919464211,-1.3278610462577245,-1.3250928858946096,0.44051102323259766,-0.8597750890047069,-0.6456245288212396,-0.3303174598660074,-0.5043466479784757,-0.5043466479784757
-0.11685762083199201,-0.5232825142917406,-0.5667866515743443,0.6135742975383027,-0.724616505609847,-0.9994342547168218,-0.8429442763950215,-0.16224066063139642,0.19404802329361603,1.1944880919464211,-0.4446695170338368,-0.43104931385237927,-1.3355437102870424,-0.8597750890047069,-0.6456245288212396,-0.3303174598660074,-0.5043466479784757,-0.5043466479784757
0.026666927722061865,-0.2816035990969911,-0.43857126963700216,-0.6390982718759635,-0.5691319598039548,-0.6871685754895324,-0.6857789640944912,-0.11587117568356403,-0.7022212514899384,-0.8371787100618959,-0.4446695170338368,0.4629942581898511,-0.44751634352722236,-0.16907040426840003,-0.6456245288212396,-0.3303174598660074,-0.5043466479784757,1.9827632522357468
0.17019147627611575,-0.0399246839022417,0.07870468481803956,0.4803365693574878,0.07008228406471309,0.2941297351658268,-0.0466400274056684,-0.14286189503418328,-0.5062076477474543,-0.8371787100618959,-0.4446695170338368,0.4629942581898511,0.44051102323259766,0.1762819380997534,-0.6456245288212396,-0.3303174598660074,1.9827632522357468,-0.5043466479784757
-1.0210622767225315,-0.2816035990969911,-0.20165154214408743,0.30192923256992,-0.2236107469019722,0.1141011103418327,-0.05711771489237049,-0.1414316802859847,-0.8101506897166174,-0.8371787100618959,1.3217135414139385,0.4629942581898511,0.44051102323259766,0.8669866228360602,1.5488878680395983,-0.3303174598660074,-0.5043466479784757,-0.5043466479784757
-1.1789392801319907,0.6851120616820066,-0.27179349903935657,-1.4432831312530234,0.6401922853529844,-0.8691467015509972,-0.22476071467960265,-0.1436004357852578,-0.8471592363265457,-0.8371787100618959,1.3217135414139385,1.3570378302320816,0.44051102323259766,1.2123389652042138,1.5488878680395983,-0.3303174598660074,-0.5043466479784757,-0.5043466479784757
-0.21732480481982971,-0.2816035990969911,-0.39664516079270623,-1.0257256081149346,-0.06812620109607997,-0.545373207002097,0.22577984724858385,-0.15847955096177646,-0.23572496690989675,-0.8371787100618959,-0.4446695170338368,0.4629942581898511,-0.44751634352722236,-0.16907040426840003,-0.6456245288212396,-0.3303174598660074,-0.5043466479784757,1.9827632522357468
-0.3464968985184782,-0.5232825142917406,-0.5491143516055165,-1.482648823670082,-0.41364741399806265,-0.8798977484597499,0.28864597216879595,-0.16224066063139642,-0.02463505299368377,1.1944880919464211,0.43852201219005094,-0.43104931385237927,-1.3355437102870424,-0.5144227466365535,-0.6456245288212396,-0.3303174598660074,-0.5043466479784757,1.9827632522357468
-0.820127908746856,-0.0399246839022417,-0.12095874059360559,-1.5379257989503234,1.9531728943805187,-0.15604876156119243,2.2374958446953706,-0.15594914393596693,-0.656689888762949,-0.8371787100618959,0.43852201219005094,0.4629942581898511,0.44051102323259766,0.5216342804679068,-0.6456245288212396,-0.3303174598660074,1.9827632522357468,-0.5043466479784757
-0.7770705441806398,0.20175423129250772,-0.2337929465052297,-1.047295343715635,0.36377531503139837,-0.6183807944838369,-0.041401183662317466,-0.1506518839281552,-0.698678931977214,-0.8371787100618959,0.43852201219005094,1.3570378302320816,0.44051102323259766,0.8669866228360602,1.5488878680395983,-0.3303174598660074,-0.5043466479784757,-0.5043466479784757
2.409174433719356,-0.5232825142917406,-0.5204388194513078,-1.1339812622618464,-0.6727883236745497,-0.6859347139468293,-0.6543459016343852,-0.16224066063139642,2.599561862453914,1.1944880919464211,-1.3278610462577245,-1.3250928858946096,-1.3355437102870424,-1.5504797737410139,-0.6456245288212396,3.027390681696474,-0.5043466479784757,-0.5043466479784757
-0.17426744025361357,0.4434331464872571,-0.1880945093851766,0.7773456717605539,-0.18905862561177392,-0.681315136330949,-0.6543459016343852,-0.13014525825930437,-0.6795238174177378,-0.8371787100618959,-0.4446695170338368,1.3570378302320816,0.44051102323259766,0.5216342804679068,-0.6456245288212396,-0.3303174598660074,1.9827632522357468,-0.5043466479784757
0.6868798510707097,-0.5232825142917406,-0.5041674615113878,2.453920418035805,-0.7764446875451444,-0.5758742643377166,-1.0315426511556578,6.84009074654883,-0.8565464782673761,1.1944880919464211,-1.3278610462577245,-1.3250928858946096,-1.3355437102870424,-1.5504797737410139,-0.6456245288212396,3.027390681696474,-0.5043466479784757,-0.5043466479784757
1.031338767600439,-0.5232825142917406,-0.42722509851746154,0.41059494601284297,-0.5173037778686574,-0.05543146562556738,-0.08855077735247653,-0.16224066063139642,1.2874634047301152,1.1944880919464211,-1.3278610462577245,-1.3250928858946096,-0.44751634352722236,-1.2051274313728604,-0.6456245288212396,-0.3303174598660074,-0.5043466479784757,-0.5043466479784757
-1.006709821867126,0.6851120616820066,0.35865230368840173,0.06980739107622812,0.32922319374120007,-0.15841777572318225,-0.4133590894402389,-0.1495260425305035,-0.7855075746213963,-0.8371787100618959,1.3217135414139385,1.3570378302320816,1.3285383899924177,1.557691307572367,1.5488878680395983,-0.3303174598660074,-0.5043466479784757,-0.5043466479784757
2.2082400657436807,-0.5232825142917406,-0.5123979959312218,1.371363876566686,-0.724616505609847,-0.6315460971444785,-0.8429442763950215,-0.16224066063139642,2.4082141707025264,1.1944880919464211,-1.3278610462577245,-1.3250928858946096,-1.3355437102870424,-1.5504797737410139,-0.6456245288212396,3.027390681696474,-0.5043466479784757,-0.5043466479784757
-0.7196607247590183,1.6518277224610043,2.518204441249935,-0.660446165578884,1.5730995601883377,0.8688196678900968,-0.23314286466896436,-0.15669389885842966,-0.5913186016420231,-0.8371787100618959,0.43852201219005094,1.3570378302320816,1.3285383899924177,1.2123389652042138,1.5488878680395983,-0.3303174598660074,-0.5043466479784757,-0.5043466479784757
-0.5904886310603699,0.20175423129250772,-0.4113842383885081,-0.6953349753289049,-0.4309234746431618,-0.9186903553623337,-0.7643616202447564,-0.09381614380638348,-0.8024839819779896,-0.8371787100618959,0.43852201219005094,0.4629942581898511,-0.44751634352722236,0.1762819380997534,-0.6456245288212396,-0.3303174598660074,1.9827632522357468,-0.5043466479784757
0.9308715836126012,-0.5232825142917406,-0.24391329334947584,-0.7318888325733166,0.24284289051570443,1.1845006758675882,2.677558719136855,-0.16224066063139642,1.1917895588544214,1.1944880919464211,-1.3278610462577245,-1.3250928858946096,0.44051102323259766,-0.8597750890047069,-0.6456245288212396,-0.3303174598660074,-0.5043466479784757,-0.5043466479784757
0.08407674714368342,-0.2816035990969911,-0.07450145987456072,0.9936207429476743,0.0009780414843165532,0.544126535204702,0.35151209708900805,-0.1569074665840598,-0.15203144388636228,-0.8371787100618959,-0.4446695170338368,0.4629942581898511,0.44051102323259766,0.1762819380997534,-0.6456245288212396,-0.3303174598660074,1.9827632522357468,-0.5043466479784757
0.2993635699747642,-0.5232825142917406,-0.45896519135990627,1.1115503066140977,-0.7073404449647479,-0.2701233740558992,-0.7800781514748094,-0.16224066063139642,0.590411099064347,1.1944880919464211,-0.4446695170338368,-1.3250928858946096,-0.44751634352722236,-0.8597750890047069,-0.6456245288212396,-0.3303174598660074,-0.5043466479784757,-0.5043466479784757
0.2993635699747642,-0.5232825142917406,-0.43344177877074036,-0.7841264815584932,-0.01629801916078258,-0.09748146700088746,1.7345668453336738,-0.16224066063139642,0.590411099064347,1.1944880919464211,-0.4446695170338368,-1.3250928858946096,-0.44751634352722236,-0.8597750890047069,-0.6456245288212396,-0.3303174598660074,-0.5043466479784757,-0.5043466479784757
2.337412159442329,-0.2816035990969911,-0.45101192671662704,-0.10813006344111004,-0.6900643843196488,-0.7292432540957065,-0.9058104013152335,-0.16224066063139642,2.531223401114133,-0.8371787100618959,-1.3278610462577245,-0.43104931385237927,-0.44751634352722236,-0.8597750890047069,-0.6456245288212396,-0.3303174598660074,-0.5043466479784757,-0.5043466479784757
-0.6191935407711806,-0.2816035990969911,-0.1421771750731066,0.5207837368409497,-0.13723044367647652,0.31524521903328495,0.1000475974081597,-0.1465123838311674,-0.6814036340802124,-0.8371787100618959,0.43852201219005094,0.4629942581898511,0.44051102323259766,0.5216342804679068,-0.6456245288212396,-0.3303174598660074,1.9827632522357468,-0.5043466479784757
0.5002979379504396,-0.2816035990969911,-0.49525104922323443,-1.5094393643428028,-0.20633468625687304,-0.8788613047638791,-0.02568465243226445,-0.16224066063139642,0.7817587908157343,-0.8371787100618959,-0.4446695170338368,0.4629942581898511,-1.3355437102870424,-0.5144227466365535,-0.6456245288212396,-0.3303174598660074,-0.5043466479784757,1.9827632522357468
0.2993635699747642,-0.5232825142917406,-0.5382059748700095,3.86124392194566,-0.7591686269000453,-0.806112828206107,-0.9686765262354456,-0.16224066063139642,0.590411099064347,1.1944880919464211,-0.4446695170338368,-1.3250928858946096,-1.3355437102870424,-1.2051274313728604,-0.6456245288212396,-0.3303174598660074,-0.5043466479784757,-0.5043466479784757
1.0169863127450336,-0.5232825142917406,-0.48621789176600533,1.8353166800534513,-0.6727883236745497,-0.45446228853573584,-0.6543459016343852,-0.16224066063139642,1.2737957124621588,1.1944880919464211,-1.3278610462577245,-1.3250928858946096,-1.3355437102870424,-1.5504797737410139,-0.6456245288212396,3.027390681696474,-0.5043466479784757,-0.5043466479784757
2.265649885165302,-0.5232825142917406,-0.3932668474625794,-1.047376738944317,-0.18905862561177392,0.17426419916403374,1.105905596131553,-0.16224066063139642,2.4628849397743515,1.1944880919464211,-1.3278610462577245,-1.3250928858946096,-0.44751634352722236,-1.2051274313728604,-0.6456245288212396,-0.3303174598660074,-0.5043466479784757,-0.5043466479784757
0.31371602483016964,-0.2816035990969911,-0.1485762696530661,-0.3550289237761722,-0.15450650432157564,0.2936032875742734,0.06861453494805367,-0.13799213047640174,-0.5304225014066583,-0.8371787100618959,-0.4446695170338368,-0.43104931385237927,0.44051102323259766,-0.16907040426840003,-0.6456245288212396,-0.3303174598660074,-0.5043466479784757,1.9827632522357468
-0.28908707909685666,-0.2816035990969911,-0.393989208196235,0.7699435757505083,-0.6727883236745497,-0.5363906949712188,-0.8743773388551275,-0.13507946523317482,-0.6761283844329311,-0.8371787100618959,0.43852201219005094,0.4629942581898511,-0.44751634352722236,0.1762819380997534,-0.6456245288212396,-0.3303174598660074,1.9827632522357468,-0.5043466479784757
-0.3895542630846944,-0.2816035990969911,-0.3554341161089988,0.11559828846250787,-0.41364741399806265,-0.4059962071383598,-0.40288140195353694,-0.13245096245270177,-0.7073688239025454,-0.8371787100618959,0.43852201219005094,0.4629942581898511,-0.44751634352722236,0.1762819380997534,-0.6456245288212396,-0.3303174598660074,1.9827632522357468,-0.5043466479784757
-0.40390671794009975,-0.0399246839022417,-0.04318456827001532,0.021352189558137842,0.03553016277451482,0.019307640887765824,-0.08855077735247653,-0.14247431972223903,-0.654422276293594,-0.8371787100618959,0.43852201219005094,0.4629942581898511,0.44051102323259766,0.5216342804679068,-0.6456245288212396,-0.3303174598660074,1.9827632522357468,-0.5043466479784757
-0.4182591727955052,-0.0399246839022417,0.623386567713592,0.8032699850801387,0.8129528918039758,1.522216805849033,0.8544410964507047,-0.14997431432252215,-0.580040366064269,-0.8371787100618959,0.43852201219005094,0.4629942581898511,1.3285383899924177,0.8669866228360602,1.5488878680395983,-0.3303174598660074,-0.5043466479784757,-0.5043466479784757
0.026666927722061865,-0.5232825142917406,-0.456754329720536,-1.1485871838530965,-0.17178256496667477,-0.25516897215833817,1.168771721051765,-0.16224066063139642,0.3307249459731784,1.1944880919464211,-0.4446695170338368,-0.43104931385237927,-0.44751634352722236,-0.5144227466365535,-0.6456245288212396,-0.3303174598660074,-0.5043466479784757,1.9827632522357468
-1.0210622767225315,-0.0399246839022417,0.8112587310485957,1.3114777700173306,-0.30999105012746786,1.94580969920261,-0.507658276820557,-0.13984124563258254,-0.812758095740238,-0.8371787100618959,1.3217135414139385,0.4629942581898511,1.3285383899924177,1.2123389652042138,1.5488878680395983,-0.3303174598660074,-0.5043466479784757,-0.5043466479784757
-1.221996644698207,-0.5232825142917406,-0.47899428442944897,0.013247488178154812,-0.6036840810941531,-0.40560137144469477,-0.40288140195353694,-0.16224066063139642,-0.8583642813390142,1.1944880919464211,1.3217135414139385,-0.43104931385237927,-1.3355437102870424,-0.16907040426840003,-0.6456245288212396,-0.3303174598660074,-0.5043466479784757,1.9827632522357468
2.3948219788639507,-0.5232825142917406,-0.5602051426677039,1.1007247411994063,-0.724616505609847,-0.9549165302560956,-0.8429442763950215,-0.16224066063139642,2.585894170185958,1.1944880919464211,-1.3278610462577245,-1.3250928858946096,-1.3355437102870424,-1.5504797737410139,-0.6456245288212396,3.027390681696474,-0.5043466479784757,-0.5043466479784757
-0.3895542630846944,-0.5232825142917406,0.654652383306667,0.4976545262836447,1.1584741047059586,7.262453280761138,6.009463339908095,-0.16224066063139642,-0.06563812979755249,1.1944880919464211,0.43852201219005094,-0.43104931385237927,1.3285383899924177,0.5216342804679068,-0.6456245288212396,-0.3303174598660074,1.9827632522357468,-0.5043466479784757
1.1605108612990875,-0.5232825142917406,-0.502416283975253,0.5362488302905084,-0.6727883236745497,-0.5640291935277674,-0.6543459016343852,-0.16224066063139642,1.4104726351417212,1.1944880919464211,-1.3278610462577245,-1.3250928858946096,-1.3355437102870424,-1.5504797737410139,-0.6456245288212396,3.027390681696474,-0.5043466479784757,-0.5043466479784757
-1.006709821867126,0.20175423129250772,0.08379039624589789,0.9101006545494094,-0.11995438303137738,-0.08134255802233158,-0.481464058103802,-0.13576092891700117,-0.8154540846838028,-0.8371787100618959,1.3217135414139385,1.3570378302320816,1.3285383899924177,1.557691307572367,1.5488878680395983,-0.3303174598660074,-0.5043466479784757,-0.5043466479784757
2.193887610888275,-0.2816035990969911,-0.5316390591095037,-1.5324348464328332,-0.5000277172235583,-1.0019266550330819,-0.5600467142540672,-0.1613644930379054,2.0331119495708383,-0.8371787100618959,-1.3278610462577245,-0.43104931385237927,-1.3355437102870424,-1.2051274313728604,-0.6456245288212396,-0.3303174598660074,-0.5043466479784757,-0.5043466479784757
-0.633545995626586,0.9267909768767559,1.638580668276318,1.920563292726629,-0.36181923206276523,0.9235495355419723,-0.8698869013608267,-0.1259673222608682,-0.7676152314627056,-0.8371787100618959,0.43852201219005094,1.3570378302320816,1.3285383899924177,1.2123389652042138,1.5488878680395983,-0.3303174598660074,-0.5043466479784757,-0.5043466479784757
-0.5474312664941536,0.20175423129250772,-0.2630157216394805,0.48126183135874384,-0.39637135335296353,-0.6677969492690943,-0.7329285577846504,-0.12503723666162392,-0.7565233060253403,-0.8371787100618959,0.43852201219005094,1.3570378302320816,0.44051102323259766,0.8669866228360602,1.5488878680395983,-0.3303174598660074,-0.5043466479784757,-0.5043466479784757
-0.7483656344698291,0.9267909768767559,0.5109682664668,0.10838124485271376,0.2946710724510018,-0.16605596622563,-0.528613651793961,-0.1445061840402529,-0.7305970147112596,-0.8371787100618959,0.43852201219005094,1.3570378302320816,1.3285383899924177,1.2123389652042138,1.5488878680395983,-0.3303174598660074,-0.5043466479784757,-0.5043466479784757
0.772994580203142,-0.2816035990969911,0.13843443194637342,0.7551393837304178,0.10463440535491135,1.264282163218768,0.5401104718496442,-0.15599796652777292,0.14649349069188394,-0.8371787100618959,-1.3278610462577245,-0.43104931385237927,1.3285383899924177,-0.16907040426840003,-0.6456245288212396,-0.3303174598660074,-0.5043466479784757,1.9827632522357468
-0.1312100756873974,-0.5232825142917406,-0.34476652628471044,0.7406570219716342,-0.39637135335296353,0.5023233061379225,0.35151209708900805,-0.16224066063139642,0.18038033102565978,1.1944880919464211,-0.4446695170338368,-0.43104931385237927,-0.44751634352722236,-0.5144227466365535,-0.6456245288212396,-0.3303174598660074,-0.5043466479784757,1.9827632522357468
-1.1215294607103692,4.310295789603248,9.524957626248277,1.4772746428981414,5.943942903398419,2.0199306998383606,0.07310497244235463,-0.15933805840485837,-0.7907074568258958,-0.8371787100618959,1.3217135414139385,1.3570378302320816,1.3285383899924177,1.557691307572367,1.5488878680395983,-0.3303174598660074,-0.5043466479784757,-0.5043466479784757
-0.375201808229289,0.6851120616820066,0.080091033700813,-0.8897824479534898,0.6401922853529844,-0.4724519898283463,-0.22476071467960265,-0.15637105008638344,-0.4194862159029151,-0.8371787100618959,0.43852201219005094,1.3570378302320816,0.44051102323259766,0.8669866228360602,1.5488878680395983,-0.3303174598660074,-0.5043466479784757,-0.5043466479784757
0.7586421253477367,-0.5232825142917406,-0.4746163405891118,0.07229602680374327,-0.6209601417392523,-0.3759886944198214,-0.465747526873749,-0.16224066063139642,1.0277772516389465,1.1944880919464211,-1.3278610462577245,-1.3250928858946096,-1.3355437102870424,-1.5504797737410139,-0.6456245288212396,3.027390681696474,-0.5043466479784757,-0.5043466479784757
0.8160519447693582,-0.5232825142917406,-0.4627667059279324,-0.7071446830540223,-0.4481995352882609,-0.2958370486058308,0.16291372232837179,-0.16224066063139642,1.0824480207107716,1.1944880919464211,-1.3278610462577245,-1.3250928858946096,-0.44751634352722236,-1.2051274313728604,-0.6456245288212396,-0.3303174598660074,-0.5043466479784757,-0.5043466479784757
2.1651827011774647,-0.5232825142917406,-0.27538341298843305,-0.4365055476867426,-0.4481995352882609,0.9716348825204573,0.16291372232837179,-0.16224066063139642,2.367211093898658,1.1944880919464211,-1.3278610462577245,-1.3250928858946096,0.44051102323259766,-0.8597750890047069,-0.6456245288212396,-0.3303174598660074,-0.5043466479784757,-0.5043466479784757
0.9882814030342228,-0.5232825142917406,-0.4988190734531092,-1.05837413873067,-0.4827516565784592,-0.5396974439056629,0.03718147248794763,-0.16224066063139642,1.2464603279262465,1.1944880919464211,-1.3278610462577245,-1.3250928858946096,-1.3355437102870424,-1.5504797737410139,-0.6456245288212396,3.027390681696474,-0.5043466479784757,-0.5043466479784757
0.328068479685575,-0.5232825142917406,-0.5316901351209744,-1.5745021059765527,-0.2408868075470713,-0.7620392939007538,0.9173072213709167,-0.16224066063139642,0.6177464836002594,1.1944880919464211,-0.4446695170338368,-1.3250928858946096,-1.3355437102870424,-1.2051274313728604,-0.6456245288212396,-0.3303174598660074,-0.5043466479784757,-0.5043466479784757
-0.8488328184576668,-0.0399246839022417,-0.28614585826259537,0.24069371103227344,-0.5000277172235583,-0.5284939810979192,-0.7381674015280013,-0.07524237252475875,-0.8318681410651693,-0.8371787100618959,1.3217135414139385,0.4629942581898511,0.44051102323259766,0.8669866228360602,1.5488878680395983,-0.3303174598660074,-0.5043466479784757,-0.5043466479784757
0.28501111511935884,-0.5232825142917406,-0.4252696169354443,0.6754346713365383,-0.5518558991588557,-0.04220446988779058,-0.21428302719290068,-0.16224066063139642,0.5767434067963907,1.1944880919464211,-0.4446695170338368,-1.3250928858946096,-0.44751634352722236,-0.8597750890047069,-0.6456245288212396,-0.3303174598660074,-0.5043466479784757,-0.5043466479784757
-0.375201808229289,0.4434331464872571,0.15541355747381452,1.635988808925804,-0.5518558991588557,-0.216613266671953,-0.918383626299276,-0.08967336818225788,-0.7873347717806717,-0.8371787100618959,0.43852201219005094,1.3570378302320816,1.3285383899924177,1.2123389652042138,1.5488878680395983,-0.3303174598660074,-0.5043466479784757,-0.5043466479784757
2.265649885165302,-0.5232825142917406,-0.5721058533403539,0.18055168095065516,-0.7591686269000453,-1.035413657302043,-0.9686765262354456,-0.16224066063139642,2.4628849397743515,1.1944880919464211,-1.3278610462577245,-1.3250928858946096,-1.3355437102870424,-1.5504797737410139,-0.6456245288212396,3.027390681696474,-0.5043466479784757,-0.5043466479784757
-0.9205950927346938,0.20175423129250772,1.4059951051853368,-0.04418958935433723,1.5039953176079413,2.15452560489445,0.9958898775211819,-0.1551488570511397,-0.7156927567875413,-0.8371787100618959,1.3217135414139385,1.3570378302320816,1.3285383899924177,1.557691307572367,1.5488878680395983,-0.3303174598660074,-0.5043466479784757,-0.5043466479784757
1.031338767600439,-0.5232825142917406,-0.23172071975413677,0.6166673162282145,-0.18905862561177392,1.2669719813818605,1.105905596131553,-0.16224066063139642,1.2874634047301152,1.1944880919464211,-1.3278610462577245,-1.3250928858946096,0.44051102323259766,-0.8597750890047069,-0.6456245288212396,-0.3303174598660074,-0.5043466479784757,-0.5043466479784757
-0.4182591727955052,-0.0399246839022417,-0.1283355759645738,-0.019721279221132006,-0.13723044367647652,-0.17268121515682966,-0.2981045270865168,-0.13815728472825867,-0.6858195419562604,-0.8371787100618959,0.43852201219005094,0.4629942581898511,0.44051102323259766,0.5216342804679068,-0.6456245288212396,-0.3303174598660074,1.9827632522357468,-0.5043466479784757
-1.0354147315779367,-0.0399246839022417,-0.02027332883891725,0.10838124485271376,0.10463440535491135,0.0709653108089338,-0.004729277458860497,-0.14266740722208762,-0.8115133362015922,-0.8371787100618959,1.3217135414139385,0.4629942581898511,0.44051102323259766,0.8669866228360602,1.5488878680395983,-0.3303174598660074,-0.5043466479784757,-0.5043466479784757
-0.633545995626586,1.410148807266255,1.383237093788651,1.940955164539669,0.052806223419613954,0.25037426294703713,-0.7521376515102707,-0.14033647079412095,-0.7225157036453886,-0.8371787100618959,0.43852201219005094,1.3570378302320816,1.3285383899924177,1.2123389652042138,1.5488878680395983,-0.3303174598660074,-0.5043466479784757,-0.5043466479784757
-0.6478984504819914,-0.0399246839022417,-0.5177244942702988,-1.587624003448906,-0.11995438303137738,-1.0506312829953806,-0.27714915211311275,-0.12442711185967875,-0.7728708976052963,-0.8371787100618959,0.43852201219005094,0.4629942581898511,-1.3355437102870424,-0.16907040426840003,-0.6456245288212396,-0.3303174598660074,-0.5043466479784757,1.9827632522357468
-1.1071770058549637,-0.5232825142917406,-0.027226962971986228,0.3472310214625673,0.2946710724510018,2.6501801252136947,2.866157093897491,-0.16224066063139642,-0.7490227431953643,1.1944880919464211,1.3217135414139385,-0.43104931385237927,0.44051102323259766,0.5216342804679068,-0.6456245288212396,-0.3303174598660074,1.9827632522357468,-0.5043466479784757
-1.1071770058549637,-0.0399246839022417,0.9778832736118295,-0.9801894996245668,4.302717142114001,2.3214958617248365,5.087426841078317,-0.15899957270895612,-0.7835954962084042,-0.8371787100618959,1.3217135414139385,0.4629942581898511,1.3285383899924177,1.2123389652042138,1.5488878680395983,-0.3303174598660074,-0.5043466479784757,-0.5043466479784757
-0.07380025626577585,-0.2816035990969911,-0.4909314779674351,-1.31126404082996,-0.15450650432157564,-0.864252384098275,0.06861453494805367,-0.14664487746725627,-0.5193207522114177,-0.8371787100618959,-0.4446695170338368,0.4629942581898511,-1.3355437102870424,-0.5144227466365535,-0.6456245288212396,-0.3303174598660074,-0.5043466479784757,1.9827632522357468
-0.11685762083199201,-0.2816035990969911,-0.17585085977836684,-0.272951735070192,-0.17178256496667477,0.2013597986417929,0.03718147248794763,-0.14335438139392334,-0.5735008003858211,-0.8371787100618959,-0.4446695170338368,0.4629942581898511,0.44051102323259766,0.1762819380997534,-0.6456245288212396,-0.3303174598660074,1.9827632522357468,-0.5043466479784757
-1.0354147315779367,-0.0399246839022417,-0.22864886249283348,-0.14421528149008053,-0.3445431714176661,-0.39885626167791804,-0.5495690267673652,-0.1002349540151089,-0.8403186563914783,-0.8371787100618959,1.3217135414139385,0.4629942581898511,0.44051102323259766,0.8669866228360602,1.5488878680395983,-0.3303174598660074,-0.5043466479784757,-0.5043466479784757
-0.23167725967523511,-0.2816035990969911,-0.4820953279830211,-1.303187578827608,-0.2408868075470713,-0.8343682575340069,-0.08855077735247653,-0.12464510571069087,-0.7101674466050316,-0.8371787100618959,-0.4446695170338368,-0.43104931385237927,-1.3355437102870424,-0.8597750890047069,-0.6456245288212396,-0.3303174598660074,-0.5043466479784757,-0.5043466479784757
0.6868798510707097,-0.5232825142917406,-0.3754267263132053,0.17071025784639093,-0.41364741399806265,0.29493585804039263,0.28864597216879595,-0.16224066063139642,0.9594387902991655,1.1944880919464211,-1.3278610462577245,-1.3250928858946096,-0.44751634352722236,-1.2051274313728604,-0.6456245288212396,-0.3303174598660074,-0.5043466479784757,-0.5043466479784757
-0.705308269903613,-0.2816035990969911,-0.2733549656757435,-0.4401140694916396,-0.30999105012746786,-0.12840203726102614,-0.21428302719290068,-0.13662031169069352,-0.752667461133486,-0.8371787100618959,0.43852201219005094,0.4629942581898511,0.44051102323259766,0.5216342804679068,-0.6456245288212396,-0.3303174598660074,1.9827632522357468,-0.5043466479784757
-0.11685762083199201,-0.2816035990969911,-0.3085828204443235,0.732655517099906,-0.5000277172235583,-0.24754370782443322,-0.5600467142540672,-0.14453285242610425,-0.5599190009208057,-0.8371787100618959,-0.4446695170338368,0.4629942581898511,0.44051102323259766,0.1762819380997534,-0.6456245288212396,-0.3303174598660074,1.9827632522357468,-0.5043466479784757
2.0934204269004377,-0.2816035990969911,1.935850351608281,0.43314820729344944,0.7438486492235793,7.343197180115625,1.7031337828735678,-0.16224066063139642,2.2988726325588766,-0.8371787100618959,-1.3278610462577245,-0.43104931385237927,1.3285383899924177,-0.16907040426840003,-0.6456245288212396,-0.3303174598660074,-0.5043466479784757,1.9827632522357468
-0.8775377281684775,-0.5232825142917406,-0.5663342640441761,-1.0102605146653758,-0.7418925662549462,-0.9963742780909182,-0.9058104013152335,-0.16224066063139642,-0.5303396669080646,1.1944880919464211,1.3217135414139385,-0.43104931385237927,-1.3355437102870424,-0.16907040426840003,-0.6456245288212396,-0.3303174598660074,-0.5043466479784757,1.9827632522357468
-1.0210622767225315,-0.0399246839022417,0.12284165530170577,0.42465756775251523,-0.08540226174117911,0.3936447814566371,-0.23523840216630476,-0.1292967591161341,-0.8247945108563147,-0.8371787100618959,1.3217135414139385,0.4629942581898511,1.3285383899924177,1.2123389652042138,1.5488878680395983,-0.3303174598660074,-0.5043466479784757,-0.5043466479784757
2.3948219788639507,-0.5232825142917406,-0.49201866735445215,-0.40884021384919855,-0.6382362023843514,-0.49369908559369297,-0.528613651793961,-0.16224066063139642,2.585894170185958,1.1944880919464211,-1.3278610462577245,-1.3250928858946096,-1.3355437102870424,-1.5504797737410139,-0.6456245288212396,3.027390681696474,-0.5043466479784757,-0.5043466479784757
-0.4182591727955052,-0.5232825142917406,-0.5972060646916205,-1.6597944395468471,-0.7764446875451444,-1.2051930055779836,-1.0315426511556578,6.84009074654883,-0.8575988905720088,1.1944880919464211,0.43852201219005094,-0.43104931385237927,-1.3355437102870424,-0.5144227466365535,-0.6456245288212396,-0.3303174598660074,-0.5043466479784757,1.9827632522357468
-0.2747346242414513,-0.2816035990969911,-0.2203599554884617,-1.1708194623888857,0.7265725885784802,0.05082869043202,1.6717007204134617,-0.15387724269352762,-0.4470588062494297,-0.8371787100618959,-0.4446695170338368,0.4629942581898511,0.44051102323259766,0.1762819380997534,-0.6456245288212396,-0.3303174598660074,1.9827632522357468,-0.5043466479784757
-1.1215294607103692,0.9267909768767559,0.9781605433883842,1.5502210442876707,0.41560349696669574,0.28538929501856447,-0.465747526873749,-0.1473611829033384,-0.8277271509181461,-0.8371787100618959,1.3217135414139385,1.3570378302320816,1.3285383899924177,1.557691307572367,1.5488878680395983,-0.3303174598660074,-0.5043466479784757,-0.5043466479784757
-0.24602971453064051,0.20175423129250772,-0.25936013853279893,-0.3286508404070416,-0.39637135335296353,-0.661615302940152,-0.7329285577846504,-0.12368928651779158,-0.7153791929973182,-0.8371787100618959,-0.4446695170338368,1.3570378302320816,0.44051102323259766,0.5216342804679068,-0.6456245288212396,-0.3303174598660074,1.9827632522357468,-0.5043466479784757
-0.7340131796144237,1.6518277224610043,1.052592885247184,-1.18261841119412,3.300705624698251,-0.12252885631775959,0.3955183845331564,-0.1586324039409605,-0.5515857056205299,-0.8371787100618959,0.43852201219005094,1.3570378302320816,1.3285383899924177,1.2123389652042138,1.5488878680395983,-0.3303174598660074,-0.5043466479784757,-0.5043466479784757
0.15583902142071035,-0.5232825142917406,-0.503211610439581,-1.1726439958857435,-0.3445431714176661,-0.5694088298539526,0.5401104718496442,-0.16224066063139642,0.4537341763847845,1.1944880919464211,-0.4446695170338368,-1.3250928858946096,-1.3355437102870424,-1.2051274313728604,-0.6456245288212396,-0.3303174598660074,-0.5043466479784757,-0.5043466479784757
-1.078472096144153,-0.5232825142917406,-0.3209505117932761,-0.26449934165331596,-0.20633468625687304,0.6634162691532336,1.0430394712113409,-0.16224066063139642,-0.7216873586594519,1.1944880919464211,1.3217135414139385,-0.43104931385237927,-0.44751634352722236,0.1762819380997534,-0.6456245288212396,-0.3303174598660074,1.9827632522357468,-0.5043466479784757
-0.705308269903613,0.20175423129250772,-0.5085454053517251,0.07229602680374327,-0.6900643843196488,-1.0829913583886728,-1.0001095886955516,0.048039561806448194,-0.8424921225762263,-0.8371787100618959,0.43852201219005094,1.3570378302320816,-1.3355437102870424,0.1762819380997534,-0.6456245288212396,-0.3303174598660074,1.9827632522357468,-0.5043466479784757
-0.5904886310603699,-0.0399246839022417,-0.15855068503596767,0.5402398221484593,-0.29271498948236874,-0.2408068238012746,-0.48670290184715304,-0.12415657590098679,-0.7648857642731995,-0.8371787100618959,0.43852201219005094,0.4629942581898511,0.44051102323259766,0.5216342804679068,-0.6456245288212396,-0.3303174598660074,1.9827632522357468,-0.5043466479784757
1.4188550486963845,-0.5232825142917406,-0.3992792236699758,-1.0102605146653758,-0.15450650432157564,0.13359612271654095,1.2316378459719772,-0.16224066063139642,1.6564910959649335,1.1944880919464211,-1.3278610462577245,-1.3250928858946096,-0.44751634352722236,-1.2051274313728604,-0.6456245288212396,-0.3303174598660074,-0.5043466479784757,-0.5043466479784757
0.9021666739017905,0.20175423129250772,0.69598017315945,-0.6638424213952577,2.471454713733493,0.95387961492096,1.876015626404151,-0.15873599025743235,0.4901813557660014,-0.8371787100618959,-1.3278610462577245,0.4629942581898511,1.3285383899924177,0.1762819380997534,-0.6456245288212396,-0.3303174598660074,1.9827632522357468,-0.5043466479784757
-0.7914229990360452,-0.5232825142917406,-0.41659399155850946,-0.01097755330926598,-0.5691319598039548,0.016477985083166863,-0.27714915211311275,-0.16224066063139642,-0.4483335133003271,1.1944880919464211,0.43852201219005094,-0.43104931385237927,-0.44751634352722236,-0.16907040426840003,-0.6456245288212396,-0.3303174598660074,-0.5043466479784757,1.9827632522357468
-0.820127908746856,-0.2816035990969911,-0.449574501822383,-1.5274819733672882,0.22556682987060528,-0.7243818396174565,0.7601419090703865,-0.15335558081007905,-0.6895979942042503,-0.8371787100618959,0.43852201219005094,0.4629942581898511,-0.44751634352722236,0.1762819380997534,-0.6456245288212396,-0.3303174598660074,1.9827632522357468,-0.5043466479784757
-0.11685762083199201,-0.2816035990969911,-0.3453064726916854,-1.3436879294378643,0.0009780414843165532,-0.37174421071292285,0.35151209708900805,-0.15394388995017533,-0.37641845959136117,-0.8371787100618959,-0.4446695170338368,0.4629942581898511,-0.44751634352722236,-0.16907040426840003,-0.6456245288212396,-0.3303174598660074,-0.5043466479784757,1.9827632522357468
0.2993635699747642,-0.5232825142917406,-0.4827885024244079,-1.4071979132040529,-0.27543892883726956,-0.4312656915329183,0.7915749715304926,-0.16224066063139642,0.590411099064347,1.1944880919464211,-0.4446695170338368,-1.3250928858946096,-1.3355437102870424,-1.2051274313728604,-0.6456245288212396,-0.3303174598660074,-0.5043466479784757,-0.5043466479784757
0.28501111511935884,-0.5232825142917406,-0.44299299291574273,0.7940003877831561,-0.5864080204490539,-0.1620864573768195,-0.34001527703332485,-0.16224066063139642,0.5767434067963907,1.1944880919464211,-0.4446695170338368,-1.3250928858946096,-0.44751634352722236,-0.8597750890047069,-0.6456245288212396,-0.3303174598660074,-0.5043466479784757,-0.5043466479784757
-1.1071770058549637,-0.5232825142917406,-0.45678351601280487,-1.3263670247743584,0.052806223419613954,-0.25536639000517064,1.9860313450145222,-0.16224066063139642,-0.7490227431953643,1.1944880919464211,1.3217135414139385,-0.43104931385237927,-0.44751634352722236,0.1762819380997534,-0.6456245288212396,-0.3303174598660074,1.9827632522357468,-0.5043466479784757
-0.3464968985184782,-0.0399246839022417,-0.25358125266355386,-1.2267718229591995,0.191014708580407,-0.45507099356346936,0.1000475974081597,-0.14970880899116124,-0.5593092320412327,-0.8371787100618959,0.43852201219005094,0.4629942581898511,0.44051102323259766,0.5216342804679068,-0.6456245288212396,-0.3303174598660074,1.9827632522357468,-0.5043466479784757
-0.4182591727955052,-0.2816035990969911,-0.304482146380541,-0.10257849143357611,-0.3445431714176661,-0.23367510408445083,-0.27714915211311275,-0.147941605505623,-0.6065910027187678,-0.8371787100618959,0.43852201219005094,0.4629942581898511,0.44051102323259766,0.5216342804679068,-0.6456245288212396,-0.3303174598660074,1.9827632522357468,-0.5043466479784757
0.18454393113152112,-0.2816035990969911,-0.26050570050435384,-1.1971439597189921,0.5019838001921915,-0.08494543372702444,1.2630709084320833,-0.15538045479299867,-0.1814461029927085,-0.8371787100618959,-0.4446695170338368,-0.43104931385237927,0.44051102323259766,-0.16907040426840003,-0.6456245288212396,-0.3303174598660074,-0.5043466479784757,1.9827632522357468
-0.8488328184576668,-0.2816035990969911,0.6266116530093072,0.5377953396354646,0.8129528918039758,2.9153122935097278,1.8288660327139918,-0.15940860376354665,-0.6052661525784434,-0.8371787100618959,1.3217135414139385,0.4629942581898511,1.3285383899924177,1.2123389652042138,1.5488878680395983,-0.3303174598660074,-0.5043466479784757,-0.5043466479784757
-0.3464968985184782,-0.2816035990969911,-0.10096613038939915,1.5422938567986522,-0.46547559593336,0.454622218897022,-0.49718058933385506,-0.09175784533278554,-0.7829515873178285,-0.8371787100618959,0.43852201219005094,-0.43104931385237927,0.44051102323259766,0.1762819380997534,-0.6456245288212396,-0.3303174598660074,1.9827632522357468,-0.5043466479784757
1.217920680720709,-0.5232825142917406,-0.33495993208235514,0.3720809152105759,-0.3445431714176661,0.5686557026736386,0.5401104718496442,-0.16224066063139642,1.4651434042135463,1.1944880919464211,-1.3278610462577245,-1.3250928858946096,-0.44751634352722236,-1.2051274313728604,-0.6456245288212396,-0.3303174598660074,-0.5043466479784757,-0.5043466479784757
-0.1455625305428028,-0.0399246839022417,-0.07990822051737713,1.4090180171395252,-0.4481995352882609,-0.06349269437122718,-0.6753012766077892,-0.11062642421483457,-0.7358007365448415,-0.8371787100618959,-0.4446695170338368,0.4629942581898511,0.44051102323259766,0.1762819380997534,-0.6456245288212396,-0.3303174598660074,1.9827632522357468,-0.5043466479784757
-0.2747346242414513,0.6851120616820066,0.18540247278012426,-1.1642737133486112,2.2986941072825013,-0.3537298321894583,0.7810972840437905,-0.1558487229545293,-0.3865510994711917,-0.8371787100618959,-0.4446695170338368,1.3570378302320816,1.3285383899924177,0.8669866228360602,1.5488878680395983,-0.3303174598660074,-0.5043466479784757,-0.5043466479784757
-0.4182591727955052,-0.0399246839022417,-0.3344637651137836,0.6568765591970673,-0.5345798385137566,-0.6374357295749812,-0.7800781514748094,-0.12793178223364282,-0.72852120479343,-0.8371787100618959,0.43852201219005094,0.4629942581898511,-0.44751634352722236,0.1762819380997534,-0.6456245288212396,-0.3303174598660074,1.9827632522357468,-0.5043466479784757
-1.0210622767225315,-0.5232825142917406,-0.2498818901184689,-0.10091301983131593,-0.27543892883726956,1.1441287261903443,0.7915749715304926,-0.16224066063139642,-0.6670165895876269,1.1944880919464211,1.3217135414139385,-0.43104931385237927,0.44051102323259766,0.5216342804679068,-0.6456245288212396,-0.3303174598660074,1.9827632522357468,-0.5043466479784757
-0.17426744025361357,-0.0399246839022417,-0.25272755361468807,-1.1001959811874258,0.17373864793530788,-0.4531461695568525,0.07909222243475576,-0.14318401547296675,-0.5900640364823271,-0.8371787100618959,-0.4446695170338368,0.4629942581898511,0.44051102323259766,0.1762819380997534,-0.6456245288212396,-0.3303174598660074,1.9827632522357468,-0.5043466479784757
1.1174534967328713,-0.5232825142917406,-0.504970084548783,-1.1133611376624346,-0.4309234746431618,-0.58130325512561,0.22577984724858385,-0.16224066063139642,1.3694695583378524,1.1944880919464211,-1.3278610462577245,-1.3250928858946096,-1.3355437102870424,-1.5504797737410139,-0.6456245288212396,3.027390681696474,-0.5043466479784757,-0.5043466479784757
-1.078472096144153,0.6851120616820066,0.19072897111920115,-1.0371377805225401,0.9857134982549671,-0.34772503934830357,-0.015206964945562361,-0.15085048191601316,-0.8062968822229905,-0.8371787100618959,1.3217135414139385,1.3570378302320816,1.3285383899924177,1.557691307572367,1.5488878680395983,-0.3303174598660074,-0.5043466479784757,-0.5043466479784757
-0.28908707909685666,-0.5232825142917406,-0.588793115945106,0.0001255907058018667,-0.7418925662549462,-1.1482873112285186,-0.9058104013152335,-0.16224066063139642,0.030035716078141178,1.1944880919464211,0.43852201219005094,-0.43104931385237927,-1.3355437102870424,-0.5144227466365535,-0.6456245288212396,-0.3303174598660074,-0.5043466479784757,1.9827632522357468
-0.7770705441806398,-0.0399246839022417,-0.08192937125699955,-1.3445794465896626,1.0548177408353636,-0.06804975633561067,1.1478163460783608,-0.15554284613893174,-0.6417002959549353,-0.8371787100618959,0.43852201219005094,0.4629942581898511,0.44051102323259766,0.5216342804679068,-0.6456245288212396,-0.3303174598660074,1.9827632522357468,-0.5043466479784757
-1.0497671864333422,-0.2816035990969911,0.10267392734388567,0.8867909484805095,-0.29271498948236874,1.1433390548030142,-0.18284996473279463,-0.1562570770660919,-0.7698839577096134,-0.8371787100618959,1.3217135414139385,0.4629942581898511,1.3285383899924177,1.2123389652042138,1.5488878680395983,-0.3303174598660074,-0.5043466479784757,-0.5043466479784757
-1.0210622767225315,0.20175423129250772,0.13072998044468662,0.0801691652871548,0.018254102129415688,-0.0019670111187012162,-0.35573180826337786,-0.14199145402627064,-0.8091605891743718,-0.8371787100618959,1.3217135414139385,1.3570378302320816,1.3285383899924177,1.557691307572367,1.5488878680395983,-0.3303174598660074,-0.5043466479784757,-0.5043466479784757
0.48594548309503427,-0.2816035990969911,0.652390445655826,0.09103258232917034,0.968437437609868,3.0024969501171253,2.111763594854946,-0.1531897643258193,-0.14851299265960913,-0.8371787100618959,-0.4446695170338368,-0.43104931385237927,1.3285383899924177,0.1762819380997534,-0.6456245288212396,-0.3303174598660074,1.9827632522357468,-0.5043466479784757
-0.6191935407711806,0.6851120616820066,0.3967112288070665,-0.02049453389360985,0.191014708580407,-0.11551229701158813,-0.49718058933385506,-0.1460262820337795,-0.6851076440804853,-0.8371787100618959,0.43852201219005094,1.3570378302320816,1.3285383899924177,1.2123389652042138,1.5488878680395983,-0.3303174598660074,-0.5043466479784757,-0.5043466479784757
0.6725273962153043,-0.5232825142917406,-0.4470790738333908,-1.4836496463586515,0.22556682987060528,-0.18972495593336797,2.614692594216643,-0.16224066063139642,0.9457710980312092,1.1944880919464211,-1.3278610462577245,-1.3250928858946096,-0.44751634352722236,-1.2051274313728604,-0.6456245288212396,-0.3303174598660074,-0.5043466479784757,-0.5043466479784757
-1.1215294607103692,0.4434331464872571,1.086930558101562,0.45737685369775843,0.7611247098686784,1.0435542041215329,0.03718147248794763,-0.15392022017522272,-0.8146186741787464,-0.8371787100618959,1.3217135414139385,1.3570378302320816,1.3285383899924177,1.557691307572367,1.5488878680395983,-0.3303174598660074,-0.5043466479784757,-0.5043466479784757
1.4906173229734114,-0.5232825142917406,-0.3478383835460137,0.3452885459568253,-0.39637135335296353,0.4815450777588029,0.35151209708900805,-0.16224066063139642,1.7248295573047148,1.1944880919464211,-1.3278610462577245,-1.3250928858946096,-0.44751634352722236,-1.2051274313728604,-0.6456245288212396,-0.3303174598660074,-0.5043466479784757,-0.5043466479784757
-0.43261162765091055,-0.0399246839022417,-0.006730889226140887,0.10914901544950037,-0.11995438303137738,0.10149927111902544,-0.27714915211311275,-0.1342032976396838,-0.7080196663914956,-0.8371787100618959,0.43852201219005094,0.4629942581898511,0.44051102323259766,0.5216342804679068,-0.6456245288212396,-0.3303174598660074,1.9827632522357468,-0.5043466479784757
1.5193222326842222,-0.5232825142917406,-0.19114447692727815,0.5053186433913909,-0.5173037778686574,1.5414321429407285,-0.08855077735247653,-0.16224066063139642,1.752164941840627,1.1944880919464211,-1.3278610462577245,-1.3250928858946096,0.44051102323259766,-0.8597750890047069,-0.6456245288212396,-0.3303174598660074,-0.5043466479784757,-0.5043466479784757
2.36611706915314,-0.5232825142917406,-0.5083994738903804,-0.43289702588184553,-0.6382362023843514,-0.6044998521284274,-0.528613651793961,-0.16224066063139642,2.558558785650045,1.1944880919464211,-1.3278610462577245,-1.3250928858946096,-1.3355437102870424,-1.5504797737410139,-0.6456245288212396,3.027390681696474,-0.5043466479784757,-0.5043466479784757
-0.8057754538914507,2.135185552850503,1.5799381105350014,-1.2012234885805282,2.6442153201844842,-0.011884378911767274,-0.051878871149019554,-0.15916441689633376,-0.5828974640554562,-0.8371787100618959,0.43852201219005094,1.3570378302320816,1.3285383899924177,1.2123389652042138,1.5488878680395983,-0.3303174598660074,-0.5043466479784757,-0.5043466479784757
0.3711258442517912,-0.5232825142917406,-0.41781981583380384,-1.300477800250714,-0.01629801916078258,0.008186435516202288,1.7345668453336738,-0.16224066063139642,0.6587495604041281,1.1944880919464211,-0.4446695170338368,-1.3250928858946096,-0.44751634352722236,-0.8597750890047069,-0.6456245288212396,-0.3303174598660074,-0.5043466479784757,-0.5043466479784757
-1.0210622767225315,1.8935066376557537,1.8557120896109087,-0.8075690771137108,3.680778958890432,0.2695362573376945,0.38580271068185107,-0.1579415983060005,-0.739760340170799,-0.8371787100618959,1.3217135414139385,1.3570378302320816,1.3285383899924177,1.557691307572367,1.5488878680395983,-0.3303174598660074,-0.5043466479784757,-0.5043466479784757
0.18454393113152112,-0.2816035990969911,-0.40667065218707843,-1.1485871838530965,-0.18905862561177392,-0.579279722195577,0.005748410027841591,-0.16224066063139642,0.481069560920697,-0.8371787100618959,-0.4446695170338368,0.4629942581898511,-0.44751634352722236,-0.16907040426840003,-0.6456245288212396,-0.3303174598660074,-0.5043466479784757,1.9827632522357468
-0.43261162765091055,-0.5232825142917406,-0.42853848166956277,-0.5907698548460921,-0.5173037778686574,-0.0643152687330293,-0.08855077735247653,-0.16224066063139642,-0.10664120660142119,1.1944880919464211,0.43852201219005094,-0.43104931385237927,-0.44751634352722236,-0.16907040426840003,-0.6456245288212396,-0.3303174598660074,-0.5043466479784757,1.9827632522357468
-0.8488328184576668,-0.2816035990969911,-0.07843431275779696,0.41694668082248326,-0.15450650432157564,0.530825507774363,0.06861453494805367,-0.15479323608672277,-0.6860685242641721,-0.8371787100618959,1.3217135414139385,0.4629942581898511,0.44051102323259766,0.8669866228360602,1.5488878680395983,-0.3303174598660074,-0.5043466479784757,-0.5043466479784757
-0.1312100756873974,0.20175423129250772,-0.352281996543956,1.0855689496188385,-0.36181923206276523,-0.8187475704033863,-0.7014954953245442,-0.13215890658820476,-0.6620660868763988,-0.8371787100618959,-0.4446695170338368,1.3570378302320816,-0.44751634352722236,0.1762819380997534,-0.6456245288212396,-0.3303174598660074,1.9827632522357468,-0.5043466479784757
0.2563062054085481,-0.2816035990969911,-0.3658682155951357,-1.2726984641124348,0.31194713309610095,-0.44128464725966715,0.9173072213709167,-0.14973168329663233,-0.35281069164858875,-0.8371787100618959,-0.4446695170338368,-0.43104931385237927,-0.44751634352722236,-0.5144227466365535,-0.6456245288212396,-0.3303174598660074,-0.5043466479784757,1.9827632522357468
-0.11685762083199201,-0.5232825142917406,-0.46172329597931877,-1.00224157732116,-0.3790952927078644,-0.28877936058156944,0.4143782220092201,-0.16224066063139642,0.19404802329361603,1.1944880919464211,-0.4446695170338368,-0.43104931385237927,-0.44751634352722236,-0.5144227466365535,-0.6456245288212396,-0.3303174598660074,-0.5043466479784757,1.9827632522357468
-1.078472096144153,1.1684698920715055,1.233504117876051,-0.9380900785674345,3.3525338066335486,0.3103406194010404,0.7915749715304926,-0.15757438562923462,-0.7763116389820661,-0.8371787100618959,1.3217135414139385,1.3570378302320816,1.3285383899924177,1.557691307572367,1.5488878680395983,-0.3303174598660074,-0.5043466479784757,-0.5043466479784757
-0.7340131796144237,-0.0399246839022417,0.20344689797538076,-0.41640092620231617,0.32922319374120007,0.5753843609531792,0.267690597195392,-0.1406031304964878,-0.7446607137481442,-0.8371787100618959,0.43852201219005094,0.4629942581898511,1.3285383899924177,0.8669866228360602,1.5488878680395983,-0.3303174598660074,-0.5043466479784757,-0.5043466479784757
1.0600436773112498,-0.5232825142917406,-0.3873858095703931,0.1480749847065815,-0.4481995352882609,0.21404389530078027,0.16291372232837179,-0.16224066063139642,1.3147987892660276,1.1944880919464211,-1.3278610462577245,-1.3250928858946096,-0.44751634352722236,-1.2051274313728604,-0.6456245288212396,-0.3303174598660074,-0.5043466479784757,-0.5043466479784757
-0.820127908746856,-0.0399246839022417,1.2730077644620275,1.2118292283501844,0.32922319374120007,2.9869091659609768,0.267690597195392,-0.14978789568560918,-0.7205352926445284,-0.8371787100618959,0.43852201219005094,0.4629942581898511,1.3285383899924177,0.8669866228360602,1.5488878680395983,-0.3303174598660074,-0.5043466479784757,-0.5043466479784757
2.3948219788639507,-0.2816035990969911,-0.4817304993296597,-1.2378749669742675,-0.11995438303137738,-0.8331343959913039,0.13148065986826574,-0.16224066063139642,2.585894170185958,-0.8371787100618959,-1.3278610462577245,-0.43104931385237927,-1.3355437102870424,-1.2051274313728604,-0.6456245288212396,-0.3303174598660074,-0.5043466479784757,-0.5043466479784757
-0.43261162765091055,-0.2816035990969911,-0.39986294951535406,-0.666389613257538,-0.5518558991588557,-0.556255865808738,-0.6543459016343852,-0.08338557721720469,-0.7969991323808434,-0.8371787100618959,0.43852201219005094,-0.43104931385237927,-0.44751634352722236,-0.16907040426840003,-0.6456245288212396,-0.3303174598660074,-0.5043466479784757,1.9827632522357468
1.217920680720709,-0.5232825142917406,-0.5175201902244163,1.9126421473012456,-0.724616505609847,-0.6661929292635804,-0.8429442763950215,-0.16224066063139642,1.4651434042135463,1.1944880919464211,-1.3278610462577245,-1.3250928858946096,-1.3355437102870424,-1.5504797737410139,-0.6456245288212396,3.027390681696474,-0.5043466479784757,-0.5043466479784757
-1.15023437042118,-0.2816035990969911,-0.08855465960204312,0.7863226818152896,-0.01629801916078258,0.4965981885797802,0.32007903462890197,-0.1514218955639421,-0.8314961683336302,-0.8371787100618959,1.3217135414139385,0.4629942581898511,0.44051102323259766,0.8669866228360602,1.5488878680395983,-0.3303174598660074,-0.5043466479784757,-0.5043466479784757
0.9882814030342228,0.20175423129250772,-0.15558097979760563,-0.9767793845168462,0.6574683459980836,-0.4861231757214962,0.22577984724858385,-0.1586629762913081,0.5351747703124686,-0.8371787100618959,-1.3278610462577245,1.3570378302320816,0.44051102323259766,0.1762819380997534,-0.6456245288212396,-0.3303174598660074,1.9827632522357468,-0.5043466479784757
0.27065866026395347,0.20175423129250772,0.7373809287429055,0.2796331271190151,0.45015561825689404,1.0238889188539313,0.03718147248794763,-0.15373359750143234,-0.2162465998081591,-0.8371787100618959,-0.4446695170338368,0.4629942581898511,1.3285383899924177,0.5216342804679068,-0.6456245288212396,-0.3303174598660074,1.9827632522357468,-0.5043466479784757
2.2369449754544917,-0.5232825142917406,-0.517731790843366,-1.4365171528688414,-0.2408868075470713,-0.6676242086531159,0.9173072213709167,-0.16224066063139642,2.435549555238439,1.1944880919464211,-1.3278610462577245,-1.3250928858946096,-1.3355437102870424,-1.5504797737410139,-0.6456245288212396,3.027390681696474,-0.5043466479784757,-0.5043466479784757
-0.3464968985184782,-0.0399246839022417,-0.1225858763875976,1.5743432280921459,-0.5345798385137566,-0.1597174432148297,-0.7800781514748094,-0.08046501857223463,-0.7925435527854355,-0.8371787100618959,0.43852201219005094,0.4629942581898511,0.44051102323259766,0.5216342804679068,-0.6456245288212396,-0.3303174598660074,1.9827632522357468,-0.5043466479784757
1.9068385137801676,-0.5232825142917406,-0.15831719469781638,-0.18585207154658515,0.10463440535491135,1.7634778661655706,2.1746297197751585,-0.16224066063139642,2.1211926330754456,1.1944880919464211,-1.3278610462577245,-1.3250928858946096,0.44051102323259766,-0.8597750890047069,-0.6456245288212396,-0.3303174598660074,-0.5043466479784757,-0.5043466479784757
-0.8488328184576668,-0.2816035990969911,-0.4186881080288041,0.7345659109966161,-0.5345798385137566,-0.6199231214122157,-0.6229128391742792,-0.1333271300461928,-0.7890257449552364,-0.8371787100618959,1.3217135414139385,0.4629942581898511,-0.44751634352722236,0.5216342804679068,-0.6456245288212396,-0.3303174598660074,1.9827632522357468,-0.5043466479784757
-0.4182591727955052,-0.5232825142917406,-0.5493551385167349,-0.739621379298096,-0.724616505609847,-0.8815264456961178,-0.8429442763950215,-0.16224066063139642,-0.09297351433346496,1.1944880919464211,0.43852201219005094,-0.43104931385237927,-1.3355437102870424,-0.5144227466365535,-0.6456245288212396,-0.3303174598660074,-0.5043466479784757,1.9827632522357468
0.15583902142071035,-0.2816035990969911,-0.39603224865505904,1.4916479367299214,-0.6382362023843514,-0.543300319610356,-0.8115112139349154,-0.06323372256691125,-0.7716139700845482,-0.8371787100618959,-0.4446695170338368,-0.43104931385237927,-0.44751634352722236,-0.5144227466365535,-0.6456245288212396,-0.3303174598660074,-0.5043466479784757,1.9827632522357468
1.4619124132626007,-0.5232825142917406,-0.40612340920703627,-0.1569512408014819,-0.5000277172235583,0.08730163763432228,-0.02568465243226445,-0.16224066063139642,1.6974941727688022,1.1944880919464211,-1.3278610462577245,-1.3250928858946096,-0.44751634352722236,-1.2051274313728604,-0.6456245288212396,-0.3303174598660074,-0.5043466479784757,-0.5043466479784757
0.17019147627611575,-0.2816035990969911,-0.35592298650450305,-1.2980621317876537,0.46743167890199316,-0.4076495816055818,1.200204783511871,-0.14917386491612297,-0.3954890306953412,-0.8371787100618959,-0.4446695170338368,-0.43104931385237927,-0.44751634352722236,-0.5144227466365535,-0.6456245288212396,-0.3303174598660074,-0.5043466479784757,1.9827632522357468
0.41418320881800735,-0.5232825142917406,-0.589975160781997,-1.6597944395468471,-0.7073404449647479,-1.1562827340252344,-0.7800781514748094,-0.16224066063139642,0.6997526372079969,1.1944880919464211,-0.4446695170338368,-1.3250928858946096,-1.3355437102870424,-1.2051274313728604,-0.6456245288212396,-0.3303174598660074,-0.5043466479784757,-0.5043466479784757
-1.2076441898428014,0.6851120616820066,0.22886815854160553,0.15890055012127285,0.847505013094174,-0.304729077456911,-0.0990284648391785,-0.1460652589054084,-0.8542321883277716,-0.8371787100618959,1.3217135414139385,1.3570378302320816,1.3285383899924177,1.557691307572367,1.5488878680395983,-0.3303174598660074,-0.5043466479784757,-0.5043466479784757
-0.9062426378792884,1.8935066376557537,0.9251290503357664,-0.7257027951934931,2.229589864702105,-0.30269283201401354,-0.0942658796179504,-0.15571967559131572,-0.702593215321203,-0.8371787100618959,1.3217135414139385,1.3570378302320816,1.3285383899924177,1.557691307572367,1.5488878680395983,-0.3303174598660074,-0.5043466479784757,-0.5043466479784757
-0.1312100756873974,-0.5232825142917406,-0.5517411179097188,0.5486209050501555,-0.7073404449647479,-0.8976653546746737,-0.7800781514748094,-0.16224066063139642,0.18038033102565978,1.1944880919464211,-0.4446695170338368,-0.43104931385237927,-1.3355437102870424,-0.8597750890047069,-0.6456245288212396,-0.3303174598660074,-0.5043466479784757,-0.5043466479784757
-1.1932917349873962,-0.5232825142917406,-0.5032189070126482,0.018168199730287313,-0.6555122630294505,-0.5694581843156606,-0.5914797767141732,-0.16224066063139642,-0.8310288968031018,1.1944880919464211,1.3217135414139385,-0.43104931385237927,-1.3355437102870424,-0.16907040426840003,-0.6456245288212396,-0.3303174598660074,-0.5043466479784757,1.9827632522357468
0.8160519447693582,-0.0399246839022417,-0.459884559566377,-0.690648583374493,-0.4827516565784592,-0.9202203436752855,-0.7172120265545973,-0.15488085284607186,0.08837342697795454,-0.8371787100618959,-1.3278610462577245,0.4629942581898511,-0.44751634352722236,-0.5144227466365535,-0.6456245288212396,-0.3303174598660074,-0.5043466479784757,1.9827632522357468
1.6341418715274654,-0.5232825142917406,-0.48904896211609006,-1.2700740846179643,-0.36181923206276523,-0.47361181967848726,0.4772443469294322,-0.16224066063139642,1.861506479984277,1.1944880919464211,-1.3278610462577245,-1.3250928858946096,-1.3355437102870424,-1.5504797737410139,-0.6456245288212396,3.027390681696474,-0.5043466479784757,-0.5043466479784757
-0.9780049121563152,-0.2816035990969911,-0.4379437643532205,2.0208978014481573,-0.724616505609847,-0.685046333636083,-0.9686765262354456,0.1438338853614663,-0.8531623984609116,-0.8371787100618959,1.3217135414139385,0.4629942581898511,-0.44751634352722236,0.5216342804679068,-0.6456245288212396,-0.3303174598660074,1.9827632522357468,-0.5043466479784757
-0.5187263567833429,-0.0399246839022417,-0.472069836588649,-0.9443657686629077,-0.4309234746431618,-0.9476943273594737,-0.6543459016343852,-0.10170544508110782,-0.7888653555613877,-0.8371787100618959,0.43852201219005094,0.4629942581898511,-1.3355437102870424,-0.16907040426840003,-0.6456245288212396,-0.3303174598660074,-0.5043466479784757,1.9827632522357468
0.8734617641909798,-0.5232825142917406,-0.5294792734816042,-1.2562960922719935,-0.41364741399806265,-0.7470848920031927,0.28864597216879595,-0.16224066063139642,1.1371187897825965,1.1944880919464211,-1.3278610462577245,-1.3250928858946096,-1.3355437102870424,-1.5504797737410139,-0.6456245288212396,3.027390681696474,-0.5043466479784757,-0.5043466479784757
-0.9205950927346938,-0.0399246839022417,-0.38669263512900637,0.585085967499642,-0.46547559593336,-0.7551954752105607,-0.6962566515811933,-0.10460830337065383,-0.8272414640059573,-0.8371787100618959,1.3217135414139385,0.4629942581898511,-0.44751634352722236,0.5216342804679068,-0.6456245288212396,-0.3303174598660074,1.9827632522357468,-0.5043466479784757
1.0600436773112498,-0.2816035990969911,-0.5205847509126523,-0.7937492063715519,-0.6900643843196488,-0.9645406502891795,-0.9058104013152335,-0.14962384728512573,-0.08223461326578498,-0.8371787100618959,-1.3278610462577245,0.4629942581898511,-1.3355437102870424,-0.8597750890047069,-0.6456245288212396,-0.3303174598660074,-0.5043466479784757,-0.5043466479784757
-0.9062426378792884,-0.2816035990969911,0.07206480332686147,0.24340980271337834,0.191014708580407,1.0398180713702279,0.6972757841501744,-0.13604181324569775,-0.7948970044407537,-0.8371787100618959,1.3217135414139385,-0.43104931385237927,0.44051102323259766,0.5216342804679068,-0.6456245288212396,-0.3303174598660074,1.9827632522357468,-0.5043466479784757
2.193887610888275,-0.5232825142917406,-0.3687722516758928,-0.858702598859699,-0.327267110772567,0.33994712711820013,0.6029765967698564,-0.16224066063139642,2.3945464784345702,1.1944880919464211,-1.3278610462577245,-1.3250928858946096,-0.44751634352722236,-1.2051274313728604,-0.6456245288212396,-0.3303174598660074,-0.5043466479784757,-0.5043466479784757
-0.9493000024455045,2.135185552850503,2.3629041800870403,-0.2518226981870109,3.058840775666863,0.4294514434258798,0.0738533786914046,-0.15754671772812923,-0.702832826340167,-0.8371787100618959,1.3217135414139385,1.3570378302320816,1.3285383899924177,1.557691307572367,1.5488878680395983,-0.3303174598660074,-0.5043466479784757,-0.5043466479784757
0.27065866026395347,-0.5232825142917406,-0.2925668425617566,0.39706298924447897,-0.3445431714176661,0.8554051251978291,0.5401104718496442,-0.16224066063139642,0.5630757145284344,1.1944880919464211,-0.4446695170338368,-1.3250928858946096,0.44051102323259766,-0.5144227466365535,-0.6456245288212396,-0.3303174598660074,-0.5043466479784757,1.9827632522357468
0.7299372156369258,-0.2816035990969911,-0.12916738529423785,-0.28588317457122453,0.5192598608372906,0.35924472164607607,1.2945039708921893,-0.1563703377550066,0.15323090148659022,-0.8371787100618959,-1.3278610462577245,-0.43104931385237927,0.44051102323259766,-0.5144227466365535,-0.6456245288212396,-0.3303174598660074,-0.5043466479784757,1.9827632522357468
